from_node,to_node,distance_km
godown_Adilabad,shop_1901001,15.155
godown_Adilabad,shop_1901002,11.669
godown_Adilabad,shop_1901003,11.126
godown_Adilabad,shop_1901004,16.292
godown_Adilabad,shop_1901005,19.392
godown_Adilabad,shop_1901006,6.89
godown_Adilabad,shop_1901007,12.708
godown_Adilabad,shop_1901008,22.131
godown_Adilabad,shop_1901009,21.479
godown_Adilabad,shop_1901010,14.857
godown_Adilabad,shop_1901011,8.117
godown_Adilabad,shop_1901012,1.827
godown_Adilabad,shop_1901013,14.156
godown_Adilabad,shop_1901014,15.644
godown_Adilabad,shop_1901015,13.009
godown_Adilabad,shop_1901016,18.794
godown_Adilabad,shop_1902001,11.78
godown_Adilabad,shop_1902002,17.968
godown_Adilabad,shop_1902003,8.926
godown_Adilabad,shop_1902004,7.284
godown_Adilabad,shop_1902005,5.462
godown_Adilabad,shop_1902006,9.94
godown_Adilabad,shop_1902007,10.166
godown_Adilabad,shop_1902009,8.069
godown_Adilabad,shop_1902010,7.803
godown_Adilabad,shop_1902011,9.295
godown_Adilabad,shop_1904001,13.783
godown_Adilabad,shop_1904002,13.684
godown_Adilabad,shop_1904003,10.062
godown_Adilabad,shop_1904004,14.437
godown_Adilabad,shop_1904005,16.61
godown_Adilabad,shop_1904006,19.138
godown_Adilabad,shop_1904007,18.715
godown_Adilabad,shop_1904008,16.673
godown_Adilabad,shop_1904009,18.612
godown_Adilabad,shop_1904010,18.958
godown_Adilabad,shop_1904011,21.012
godown_Adilabad,shop_1904012,20.234
godown_Adilabad,shop_1904013,8.652
godown_Adilabad,shop_1904014,9.653
godown_Adilabad,shop_1904015,13.416
godown_Adilabad,shop_1904016,12.694
godown_Adilabad,shop_1904017,11.946
godown_Adilabad,shop_1904018,14.198
godown_Adilabad,shop_1904019,16.731
godown_Adilabad,shop_1904020,17.115
godown_Adilabad,shop_1904021,18.868
godown_Adilabad,shop_1904022,8.92
godown_Adilabad,shop_1904023,10.522
godown_Adilabad,shop_1904024,7.979
godown_Adilabad,shop_1904025,10.623
godown_Adilabad,shop_1904026,11.925
godown_Adilabad,shop_1904027,13.001
godown_Adilabad,shop_1904028,16.131
godown_Adilabad,shop_1904029,16.756
godown_Adilabad,shop_1904030,16.915
godown_Adilabad,shop_1904031,14.868
godown_Adilabad,shop_1904032,12.763
godown_Adilabad,shop_1904033,10.591
godown_Adilabad,shop_1904034,10.808
godown_Adilabad,shop_1904035,13.844
godown_Adilabad,shop_1904036,14.982
godown_Adilabad,shop_1904037,14.311
godown_Adilabad,shop_1904038,17.378
godown_Adilabad,shop_1905001,25.797
godown_Adilabad,shop_1905002,19.391
godown_Adilabad,shop_1905003,20.381
godown_Adilabad,shop_1905004,27.221
godown_Adilabad,shop_1905005,21.448
godown_Adilabad,shop_1905006,23.426
godown_Adilabad,shop_1905007,27.455
godown_Adilabad,shop_1905008,28.365
godown_Adilabad,shop_1905009,26.179
godown_Adilabad,shop_1905010,26.606
godown_Adilabad,shop_1905011,29.545
godown_Adilabad,shop_1905012,22.871
godown_Adilabad,shop_1905013,25.03
godown_Adilabad,shop_1905014,31.812
godown_Adilabad,shop_1905015,29.702
godown_Adilabad,shop_1905016,30.787
godown_Adilabad,shop_1905017,32.416
godown_Adilabad,shop_1905018,24.652
godown_Adilabad,shop_1905019,28.878
godown_Adilabad,shop_1905020,32.078
godown_Adilabad,shop_1905021,29.752
godown_Adilabad,shop_1905022,22.103
godown_Adilabad,shop_1905023,21.462
godown_Adilabad,shop_1905024,21.656
godown_Adilabad,shop_1905025,17.526
godown_Adilabad,shop_1905026,25.506
godown_Adilabad,shop_1906001,37.953
godown_Adilabad,shop_1906002,39.181
godown_Adilabad,shop_1906003,34.187
godown_Adilabad,shop_1906004,41.788
godown_Adilabad,shop_1906005,34.714
godown_Adilabad,shop_1906006,39.119
godown_Adilabad,shop_1906007,42.114
godown_Adilabad,shop_1906008,40.938
godown_Adilabad,shop_1906009,40.313
godown_Adilabad,shop_1906011,31.104
godown_Adilabad,shop_1906012,29.209
godown_Adilabad,shop_1906016,34.334
godown_Adilabad,shop_1906022,52.724
godown_Adilabad,shop_1906023,38.126
godown_Adilabad,shop_1907001,24.926
godown_Adilabad,shop_1907002,23.942
godown_Adilabad,shop_1907003,24.111
godown_Adilabad,shop_1907004,29.428
godown_Adilabad,shop_1907005,27.677
godown_Adilabad,shop_1907006,19.724
godown_Adilabad,shop_1907007,19.727
godown_Adilabad,shop_1907008,19.01
godown_Adilabad,shop_1907009,22.579
godown_Adilabad,shop_1907010,25.818
godown_Adilabad,shop_1907014,17.847
godown_Adilabad,shop_1907015,17.174
godown_Adilabad,shop_1907016,20.986
godown_Adilabad,shop_1907017,21.682
godown_Adilabad,shop_1907018,24.336
godown_Adilabad,shop_1907102,21.543
godown_Adilabad,shop_1908001,14.979
godown_Adilabad,shop_1908002,15.665
godown_Adilabad,shop_1908003,18.201
godown_Adilabad,shop_1908004,15.597
godown_Adilabad,shop_1908005,10.304
godown_Adilabad,shop_1908006,10.319
godown_Adilabad,shop_1908007,21.504
godown_Adilabad,shop_1908008,21.465
godown_Adilabad,shop_1908009,15.127
godown_Adilabad,shop_1908010,16.098
godown_Adilabad,shop_1908011,20.617
godown_Adilabad,shop_1908012,8817.67
godown_Adilabad,shop_1909001,27.494
godown_Adilabad,shop_1909002,27.699
godown_Adilabad,shop_1909003,27.409
godown_Adilabad,shop_1909004,27.5
godown_Adilabad,shop_1909005,23.434
godown_Adilabad,shop_1909006,27.238
godown_Adilabad,shop_1909007,34.506
godown_Adilabad,shop_1909008,32.337
godown_Adilabad,shop_1909009,28.446
godown_Adilabad,shop_1909010,29.611
godown_Adilabad,shop_1909013,28.851
godown_Adilabad,shop_1909015,28.773
godown_Adilabad,shop_1909016,27.543
godown_Adilabad,shop_1909017,38.506
godown_Adilabad,shop_1909018,35.242
godown_Adilabad,shop_1909020,35.754
godown_Adilabad,shop_1909021,33.236
godown_Adilabad,shop_1909022,30.313
godown_Adilabad,shop_1909024,42.943
godown_Adilabad,shop_1910001,29.895
godown_Adilabad,shop_1910002,29.885
godown_Adilabad,shop_1910003,29.725
godown_Adilabad,shop_1910004,29.957
godown_Adilabad,shop_1910005,27.426
godown_Adilabad,shop_1910006,27.486
godown_Adilabad,shop_1910007,22.298
godown_Adilabad,shop_1910008,29.431
godown_Adilabad,shop_1910009,29.39
godown_Adilabad,shop_1910010,24.399
godown_Adilabad,shop_1910011,26.526
godown_Adilabad,shop_1910012,25.854
godown_Adilabad,shop_1910013,28.58
godown_Adilabad,shop_1910014,31.398
godown_Adilabad,shop_1910015,25.731
godown_Adilabad,shop_1910016,26.248
godown_Adilabad,shop_1910017,26.926
godown_Adilabad,shop_1910018,26.297
godown_Adilabad,shop_1910019,24.045
godown_Adilabad,shop_1910020,21.728
godown_Adilabad,shop_1910030,29.951
godown_Adilabad,shop_1911001,41.841
godown_Adilabad,shop_1911002,41.838
godown_Adilabad,shop_1911003,41.842
godown_Adilabad,shop_1911004,42.214
godown_Adilabad,shop_1911005,42.215
godown_Adilabad,shop_1911006,39.485
godown_Adilabad,shop_1911007,45.149
godown_Adilabad,shop_1911008,40.438
godown_Adilabad,shop_1911009,46.814
godown_Adilabad,shop_1911010,48.558
godown_Adilabad,shop_1911011,44.384
godown_Adilabad,shop_1911012,45.042
godown_Adilabad,shop_1911013,45.145
godown_Adilabad,shop_1911014,41.059
godown_Adilabad,shop_1911015,43.18
godown_Adilabad,shop_1911016,49.114
godown_Adilabad,shop_1911017,35.691
godown_Adilabad,shop_1911018,35.906
godown_Adilabad,shop_1911019,37.468
godown_Adilabad,shop_1911020,37.475
godown_Adilabad,shop_1911021,38.189
godown_Adilabad,shop_1911022,35.648
godown_Adilabad,shop_1911023,36.813
godown_Adilabad,shop_1911024,36.334
godown_Adilabad,shop_1912001,43.027
godown_Adilabad,shop_1912002,50.882
godown_Adilabad,shop_1912003,36.574
godown_Adilabad,shop_1912004,45.827
godown_Adilabad,shop_1912005,45.608
godown_Adilabad,shop_1912006,40.82
godown_Adilabad,shop_1912007,42.819
godown_Adilabad,shop_1912008,40.48
godown_Adilabad,shop_1912009,37.601
godown_Adilabad,shop_1912010,39.333
godown_Adilabad,shop_1912011,45.99
godown_Adilabad,shop_1912012,47.598
godown_Adilabad,shop_1912013,45.64
godown_Adilabad,shop_1912014,52.379
godown_Adilabad,shop_1912015,51.208
godown_Adilabad,shop_1912016,42.817
godown_Adilabad,shop_1926001,41.822
godown_Adilabad,shop_1926002,41.869
godown_Adilabad,shop_1926003,41.572
godown_Adilabad,shop_1926004,40.646
godown_Adilabad,shop_1926005,41.193
godown_Adilabad,shop_1926006,41.896
godown_Adilabad,shop_1926007,38.308
godown_Adilabad,shop_1926008,35.286
godown_Adilabad,shop_1926009,33.401
godown_Adilabad,shop_1926010,35.195
godown_Adilabad,shop_1926011,33.425
godown_Adilabad,shop_1926012,29.283
godown_Adilabad,shop_1926013,29.346
godown_Adilabad,shop_1926014,31
godown_Adilabad,shop_1926015,36.038
godown_Adilabad,shop_1926016,29.532
godown_Adilabad,shop_1926017,27.385
godown_Adilabad,shop_1926018,31.179
godown_Adilabad,shop_1926019,31.069
godown_Adilabad,shop_1926020,8817.67
godown_Adilabad,shop_1926021,33.244
godown_Adilabad,shop_1926022,31.926
godown_Adilabad,shop_1926023,39.254
godown_Adilabad,shop_1926024,39.68
godown_Adilabad,shop_1926025,35.977
godown_Adilabad,shop_1926026,48.458
godown_Adilabad,shop_1926027,47.353
godown_Adilabad,shop_1926028,50.129
godown_Adilabad,shop_1926029,51.215
godown_Adilabad,shop_1926030,43.025
godown_Adilabad,shop_1926031,48.721
godown_Adilabad,shop_1926032,44.25
godown_Adilabad,shop_1981001,1.446
godown_Adilabad,shop_1981002,0.752
godown_Adilabad,shop_1981003,1.635
godown_Adilabad,shop_1981004,1.213
godown_Adilabad,shop_1981005,0.447
godown_Adilabad,shop_1981006,1.3
godown_Adilabad,shop_1981007,1.544
godown_Adilabad,shop_1981008,1.663
godown_Adilabad,shop_1981009,0.564
godown_Adilabad,shop_1981010,0.778
godown_Adilabad,shop_1981011,0.887
godown_Adilabad,shop_1981012,1.159
godown_Adilabad,shop_1981013,1.003
godown_Adilabad,shop_1981014,1.053
godown_Adilabad,shop_1981015,0.91
godown_Adilabad,shop_1981016,1.169
godown_Adilabad,shop_1981017,0.814
godown_Adilabad,shop_1981018,0.955
godown_Adilabad,shop_1981019,0.908
godown_Adilabad,shop_1981020,1.137
godown_Adilabad,shop_1981021,1.52
godown_Adilabad,shop_1981022,0.61
godown_Adilabad,shop_1981023,1.514
godown_Adilabad,shop_1981024,1.012
godown_Adilabad,shop_1981025,0.66
godown_Adilabad,shop_1981026,0.419
godown_Adilabad,shop_1981027,0.326
godown_Adilabad,shop_1981028,2.033
godown_Adilabad,shop_1981029,0.682
godown_Adilabad,shop_1981030,1.855
godown_Adilabad,shop_1981031,0.849
godown_Adilabad,shop_1981032,0.935
godown_Adilabad,shop_1981033,2.072
godown_Adilabad,shop_1981034,1.531
godown_Adilabad,shop_1981035,1.673
godown_Adilabad,shop_1981036,1.827
godown_Adilabad,shop_1981037,1.896
godown_Adilabad,shop_1981038,2.063
godown_Adilabad,shop_1981039,2.053
godown_Adilabad,shop_1981040,1.966
godown_Adilabad,shop_1981041,2.899
godown_Adilabad,shop_1981042,2.424
godown_Adilabad,shop_1981043,2.092
godown_Adilabad,shop_1988001,11.399
godown_Adilabad,shop_1988002,5.069
godown_Adilabad,shop_1988003,3.41
godown_Adilabad,shop_1988004,3.127
godown_Adilabad,shop_1988005,6.094
godown_Adilabad,shop_1988006,6.895
godown_Adilabad,shop_1988007,4.547
godown_Adilabad,shop_1988008,6.782
godown_Adilabad,shop_1988009,3.777
godown_Adilabad,shop_1988010,5.219
godown_Adilabad,shop_1988011,25.221
godown_Adilabad,shop_1988012,22.667
godown_Adilabad,shop_1988013,23.277
godown_Adilabad,shop_1988014,19.157
godown_Adilabad,shop_1988015,10.561
godown_Adilabad,shop_1988016,16.043
godown_Adilabad,shop_1988017,10.818
godown_Adilabad,shop_1988018,18.458
godown_Adilabad,shop_1988019,5.35
godown_Adilabad,shop_1988020,12.124
godown_Adilabad,shop_1988021,14.97
godown_Adilabad,shop_1988022,9.614
godown_Adilabad,shop_1988023,3.616
godown_Adilabad,shop_1988024,5.366
godown_Adilabad,shop_1988025,7.816
godown_Adilabad,shop_1988026,7.045
godown_Adilabad,shop_1989001,10.968
godown_Adilabad,shop_1989002,17.558
godown_Adilabad,shop_1989003,12.387
godown_Adilabad,shop_1989004,16.718
godown_Adilabad,shop_1989005,17.902
godown_Adilabad,shop_1989006,14.629
godown_Adilabad,shop_1989007,20.129
godown_Adilabad,shop_1989008,20.911
godown_Adilabad,shop_1989009,20.508
godown_Adilabad,shop_1989010,19.067
godown_Adilabad,shop_1989011,22.758
godown_Adilabad,shop_1989012,25.037
godown_Adilabad,shop_1989013,29.04
godown_Adilabad,shop_1989014,30.861
godown_Adilabad,shop_1989015,31.253
godown_Adilabad,shop_1990001,32.558
godown_Adilabad,shop_1990002,37.712
godown_Adilabad,shop_1990003,28.483
godown_Adilabad,shop_1990004,34.018
godown_Adilabad,shop_1990005,33.989
godown_Adilabad,shop_1990006,43.762
godown_Adilabad,shop_1990007,38.567
godown_Adilabad,shop_1990008,44.567
godown_Adilabad,shop_1990009,39.919
godown_Adilabad,shop_1990010,31.783
godown_Adilabad,shop_1991001,1.084
godown_Adilabad,shop_1991002,1.805
godown_Adilabad,shop_1991003,1.687
godown_Adilabad,shop_1991004,1.475
godown_Adilabad,shop_1991005,1.465
godown_Adilabad,shop_1991006,3.546
godown_Adilabad,shop_1991007,2.875
godown_Adilabad,shop_1991009,2.488
godown_Adilabad,shop_1991010,2.568
godown_Adilabad,shop_1991011,13.292
godown_Adilabad,shop_1992001,26.646
godown_Adilabad,shop_1992002,30.563
godown_Adilabad,shop_1992003,30.719
godown_Adilabad,shop_1992004,25.691
godown_Adilabad,shop_1992005,25.641
godown_Adilabad,shop_1992006,23.825
godown_Adilabad,shop_1992007,29.72
godown_Adilabad,shop_1992008,35.787
godown_Nizamabad,shop_1801001,17.724
godown_Nizamabad,shop_1801002,21.549
godown_Nizamabad,shop_1801003,13.48
godown_Nizamabad,shop_1801004,15.237
godown_Nizamabad,shop_1801005,27.54
godown_Nizamabad,shop_1801006,16.204
godown_Nizamabad,shop_1801007,24.1
godown_Nizamabad,shop_1801008,23.438
godown_Nizamabad,shop_1801009,25.544
godown_Nizamabad,shop_1801010,18.212
godown_Nizamabad,shop_1801011,18.262
godown_Nizamabad,shop_1801012,21.114
godown_Nizamabad,shop_1801013,21.829
godown_Nizamabad,shop_1801014,17.805
godown_Nizamabad,shop_1801015,27.347
godown_Nizamabad,shop_1801016,24.204
godown_Nizamabad,shop_1801017,21.491
godown_Nizamabad,shop_1801018,18.236
godown_Nizamabad,shop_1801019,13.55
godown_Nizamabad,shop_1801020,21.128
godown_Nizamabad,shop_1802001,8.996
godown_Nizamabad,shop_1802002,13.067
godown_Nizamabad,shop_1802003,12.543
godown_Nizamabad,shop_1802004,12.074
godown_Nizamabad,shop_1802005,15.002
godown_Nizamabad,shop_1802006,14.786
godown_Nizamabad,shop_1802007,14.874
godown_Nizamabad,shop_1802010,20.984
godown_Nizamabad,shop_1802011,25.564
godown_Nizamabad,shop_1802012,21.745
godown_Nizamabad,shop_1802013,16.64
godown_Nizamabad,shop_1802014,14.015
godown_Nizamabad,shop_1802015,16.218
godown_Nizamabad,shop_1802016,13.842
godown_Nizamabad,shop_1802017,17.982
godown_Nizamabad,shop_1802018,26.235
godown_Nizamabad,shop_1802019,21.745
godown_Nizamabad,shop_1802020,21.922
godown_Nizamabad,shop_1802023,10.578
godown_Nizamabad,shop_1802024,11.518
godown_Nizamabad,shop_1802026,117.006
godown_Nizamabad,shop_1802027,24.818
godown_Nizamabad,shop_1802028,20.977
godown_Nizamabad,shop_1802029,15.567
godown_Nizamabad,shop_1802030,16.354
godown_Nizamabad,shop_1802031,26.156
godown_Nizamabad,shop_1802032,22.056
godown_Nizamabad,shop_1802159,18.726
godown_Nizamabad,shop_1802160,21.354
godown_Nizamabad,shop_1802172,17.877
godown_Nizamabad,shop_1802173,17.458
godown_Nizamabad,shop_1802176,19.583
godown_Nizamabad,shop_1802177,14.448
godown_Nizamabad,shop_1802178,11.857
godown_Nizamabad,shop_1802179,14.89
godown_Nizamabad,shop_1802180,14.835
godown_Nizamabad,shop_1802181,14.871
godown_Nizamabad,shop_1803001,20.683
godown_Nizamabad,shop_1803002,17.408
godown_Nizamabad,shop_1803003,29.454
godown_Nizamabad,shop_1803004,24.838
godown_Nizamabad,shop_1803005,26.376
godown_Nizamabad,shop_1803006,22.952
godown_Nizamabad,shop_1803007,21.17
godown_Nizamabad,shop_1803008,24.035
godown_Nizamabad,shop_1803009,21.507
godown_Nizamabad,shop_1803010,24.185
godown_Nizamabad,shop_1803011,23.869
godown_Nizamabad,shop_1803012,24.08
godown_Nizamabad,shop_1803013,24.06
godown_Nizamabad,shop_1803014,28.426
godown_Nizamabad,shop_1803015,18.488
godown_Nizamabad,shop_1803016,18.794
godown_Nizamabad,shop_1803024,25.406
godown_Nizamabad,shop_1803029,26.413
godown_Nizamabad,shop_1803030,26.236
godown_Nizamabad,shop_1803033,26.45
godown_Nizamabad,shop_1803034,20.655
godown_Nizamabad,shop_1803035,18.06
godown_Nizamabad,shop_1803036,26.447
godown_Nizamabad,shop_1803037,24.305
godown_Nizamabad,shop_1803038,23.816
godown_Nizamabad,shop_1803039,23.959
godown_Nizamabad,shop_1803040,18.765
godown_Nizamabad,shop_1803041,19.022
godown_Nizamabad,shop_1803042,22.738
godown_Nizamabad,shop_1803043,23.998
godown_Nizamabad,shop_1803044,28.421
godown_Nizamabad,shop_1804001,24.488
godown_Nizamabad,shop_1804002,24.15
godown_Nizamabad,shop_1804003,24.516
godown_Nizamabad,shop_1804004,23.746
godown_Nizamabad,shop_1804005,24.827
godown_Nizamabad,shop_1804006,23.316
godown_Nizamabad,shop_1804007,23.84
godown_Nizamabad,shop_1804008,23.368
godown_Nizamabad,shop_1804009,23.098
godown_Nizamabad,shop_1804010,23.06
godown_Nizamabad,shop_1804011,22.92
godown_Nizamabad,shop_1804012,24.178
godown_Nizamabad,shop_1804015,27.822
godown_Nizamabad,shop_1804016,19.638
godown_Nizamabad,shop_1804017,19.869
godown_Nizamabad,shop_1804018,29.262
godown_Nizamabad,shop_1804019,29.234
godown_Nizamabad,shop_1804022,29.487
godown_Nizamabad,shop_1804024,26.703
godown_Nizamabad,shop_1804025,20.721
godown_Nizamabad,shop_1804026,29.95
godown_Nizamabad,shop_1804027,31.2
godown_Nizamabad,shop_1804028,26.181
godown_Nizamabad,shop_1804029,24.384
godown_Nizamabad,shop_1804030,28.966
godown_Nizamabad,shop_1804033,25.977
godown_Nizamabad,shop_1804035,25.969
godown_Nizamabad,shop_1804036,26.145
godown_Nizamabad,shop_1804037,26.467
godown_Nizamabad,shop_1804038,26.542
godown_Nizamabad,shop_1804039,22.672
godown_Nizamabad,shop_1804040,29.51
godown_Nizamabad,shop_1804041,24.405
godown_Nizamabad,shop_1804042,24.796
godown_Nizamabad,shop_1804043,24.653
godown_Nizamabad,shop_1804044,24.298
godown_Nizamabad,shop_1804045,23.945
godown_Nizamabad,shop_1804046,24.021
godown_Nizamabad,shop_1804047,23.649
godown_Nizamabad,shop_1804048,23.155
godown_Nizamabad,shop_1804049,23.087
godown_Nizamabad,shop_1804051,24.311
godown_Nizamabad,shop_1804052,24.332
godown_Nizamabad,shop_1804053,25.789
godown_Nizamabad,shop_1804054,25.699
godown_Nizamabad,shop_1804055,26.271
godown_Nizamabad,shop_1804056,26.526
godown_Nizamabad,shop_1804057,26.379
godown_Nizamabad,shop_1805001,33.593
godown_Nizamabad,shop_1805002,33.955
godown_Nizamabad,shop_1805003,34.009
godown_Nizamabad,shop_1805004,33.394
godown_Nizamabad,shop_1805005,32.962
godown_Nizamabad,shop_1805006,36.541
godown_Nizamabad,shop_1805012,35.338
godown_Nizamabad,shop_1805013,32.174
godown_Nizamabad,shop_1805019,36.223
godown_Nizamabad,shop_1805020,35.594
godown_Nizamabad,shop_1805022,36.253
godown_Nizamabad,shop_1805023,36.348
godown_Nizamabad,shop_1805024,35.731
godown_Nizamabad,shop_1805025,31.899
godown_Nizamabad,shop_1805026,29.431
godown_Nizamabad,shop_1805039,33.475
godown_Nizamabad,shop_1805041,34.461
godown_Nizamabad,shop_1805042,34.153
godown_Nizamabad,shop_1806001,41.718
godown_Nizamabad,shop_1806002,41.606
godown_Nizamabad,shop_1806003,41.608
godown_Nizamabad,shop_1806004,41.385
godown_Nizamabad,shop_1806005,41.532
godown_Nizamabad,shop_1806006,41.496
godown_Nizamabad,shop_1806007,37.231
godown_Nizamabad,shop_1806008,37.222
godown_Nizamabad,shop_1806011,44.344
godown_Nizamabad,shop_1806012,42.366
godown_Nizamabad,shop_1806016,42.049
godown_Nizamabad,shop_1806017,41.994
godown_Nizamabad,shop_1806018,41.756
godown_Nizamabad,shop_1806019,40.746
godown_Nizamabad,shop_1806020,44.482
godown_Nizamabad,shop_1806021,44.431
godown_Nizamabad,shop_1806026,38.913
godown_Nizamabad,shop_1806027,38.93
godown_Nizamabad,shop_1806030,40.086
godown_Nizamabad,shop_1807001,46.46
godown_Nizamabad,shop_1807002,46.413
godown_Nizamabad,shop_1807003,47.036
godown_Nizamabad,shop_1807005,45.173
godown_Nizamabad,shop_1807006,45.074
godown_Nizamabad,shop_1807007,48.975
godown_Nizamabad,shop_1807008,49.163
godown_Nizamabad,shop_1807009,49.129
godown_Nizamabad,shop_1807010,46.696
godown_Nizamabad,shop_1807011,46.111
godown_Nizamabad,shop_1807012,46.315
godown_Nizamabad,shop_1807013,44.938
godown_Nizamabad,shop_1807014,44.827
godown_Nizamabad,shop_1807015,46.858
godown_Nizamabad,shop_1807016,47.295
godown_Nizamabad,shop_1807017,47.039
godown_Nizamabad,shop_1807020,55.231
godown_Nizamabad,shop_1807022,48.852
godown_Nizamabad,shop_1807023,46.894
godown_Nizamabad,shop_1807024,47.43
godown_Nizamabad,shop_1808001,37.09
godown_Nizamabad,shop_1808002,37.022
godown_Nizamabad,shop_1808003,36.741
godown_Nizamabad,shop_1808004,36.721
godown_Nizamabad,shop_1808005,36.71
godown_Nizamabad,shop_1808006,33.293
godown_Nizamabad,shop_1808007,33.218
godown_Nizamabad,shop_1808008,30.157
godown_Nizamabad,shop_1808009,34.391
godown_Nizamabad,shop_1808010,34.926
godown_Nizamabad,shop_1808011,39.013
godown_Nizamabad,shop_1808012,37.446
godown_Nizamabad,shop_1808013,36.437
godown_Nizamabad,shop_1808014,37.891
godown_Nizamabad,shop_1808015,38.091
godown_Nizamabad,shop_1808016,40.333
godown_Nizamabad,shop_1808017,40.336
godown_Nizamabad,shop_1808018,40.339
godown_Nizamabad,shop_1808019,38.858
godown_Nizamabad,shop_1808020,45.807
godown_Nizamabad,shop_1808021,38.54
godown_Nizamabad,shop_1808022,38.301
godown_Nizamabad,shop_1808023,38.403
godown_Nizamabad,shop_1808024,42.986
godown_Nizamabad,shop_1808025,49.711
godown_Nizamabad,shop_1808026,45.579
godown_Nizamabad,shop_1808027,36.872
godown_Nizamabad,shop_1808028,37.011
godown_Nizamabad,shop_1808029,37.167
godown_Nizamabad,shop_1808030,33.669
godown_Nizamabad,shop_1808031,33.314
godown_Nizamabad,shop_1808032,30.037
godown_Nizamabad,shop_1808034,35.007
godown_Nizamabad,shop_1808035,37.988
godown_Nizamabad,shop_1808036,37.984
godown_Nizamabad,shop_1808037,40.397
godown_Nizamabad,shop_1808038,43.1
godown_Nizamabad,shop_1808039,43.144
godown_Nizamabad,shop_1808040,38.427
godown_Nizamabad,shop_1809001,33.954
godown_Nizamabad,shop_1809002,33.27
godown_Nizamabad,shop_1809003,28.873
godown_Nizamabad,shop_1809004,29.091
godown_Nizamabad,shop_1809005,28
godown_Nizamabad,shop_1809006,33.293
godown_Nizamabad,shop_1809007,32.949
godown_Nizamabad,shop_1809008,34.58
godown_Nizamabad,shop_1809009,34.758
godown_Nizamabad,shop_1809010,34.923
godown_Nizamabad,shop_1809011,34.743
godown_Nizamabad,shop_1809012,36.44
godown_Nizamabad,shop_1809013,35.781
godown_Nizamabad,shop_1809014,33.322
godown_Nizamabad,shop_1809015,33.964
godown_Nizamabad,shop_1809016,34.034
godown_Nizamabad,shop_1809017,36.644
godown_Nizamabad,shop_1809018,34.074
godown_Nizamabad,shop_1809019,30.181
godown_Nizamabad,shop_1809020,30.738
godown_Nizamabad,shop_1809021,26.342
godown_Nizamabad,shop_1809022,27.657
godown_Nizamabad,shop_1809023,29.157
godown_Nizamabad,shop_1809024,34.434
godown_Nizamabad,shop_1809025,32.195
godown_Nizamabad,shop_1809026,40.909
godown_Nizamabad,shop_1809027,36.919
godown_Nizamabad,shop_1809028,32.713
godown_Nizamabad,shop_1810003,20.018
godown_Nizamabad,shop_1810005,23.95
godown_Nizamabad,shop_1810006,23.638
godown_Nizamabad,shop_1810007,23.917
godown_Nizamabad,shop_1810008,24.363
godown_Nizamabad,shop_1810009,24.477
godown_Nizamabad,shop_1810010,21.904
godown_Nizamabad,shop_1810011,25.31
godown_Nizamabad,shop_1810012,14.722
godown_Nizamabad,shop_1810013,8023.457
godown_Nizamabad,shop_1810014,17.343
godown_Nizamabad,shop_1810015,17.778
godown_Nizamabad,shop_1810016,19.646
godown_Nizamabad,shop_1810017,19.765
godown_Nizamabad,shop_1810018,25.689
godown_Nizamabad,shop_1810019,18.214
godown_Nizamabad,shop_1810020,18.963
godown_Nizamabad,shop_1810021,2.318
godown_Nizamabad,shop_1810022,19.43
godown_Nizamabad,shop_1810023,20.038
godown_Nizamabad,shop_1810024,17.212
godown_Nizamabad,shop_1810025,19.762
godown_Nizamabad,shop_1810472,19.153
godown_Nizamabad,shop_1810473,19.562
godown_Nizamabad,shop_1811001,9.406
godown_Nizamabad,shop_1811002,8.766
godown_Nizamabad,shop_1811003,8.412
godown_Nizamabad,shop_1811004,11.847
godown_Nizamabad,shop_1811005,6.915
godown_Nizamabad,shop_1811006,6.55
godown_Nizamabad,shop_1811007,9.366
godown_Nizamabad,shop_1811008,7.22
godown_Nizamabad,shop_1811009,6.897
godown_Nizamabad,shop_1811010,7.788
godown_Nizamabad,shop_1811016,11.431
godown_Nizamabad,shop_1811017,11.173
godown_Nizamabad,shop_1811018,18.577
godown_Nizamabad,shop_1811019,19.889
godown_Nizamabad,shop_1811020,17.637
godown_Nizamabad,shop_1811021,16.359
godown_Nizamabad,shop_1811022,12.86
godown_Nizamabad,shop_1811023,11.487
godown_Nizamabad,shop_1811024,15.57
godown_Nizamabad,shop_1811025,13.883
godown_Nizamabad,shop_1811026,15.2
godown_Nizamabad,shop_1811027,17.219
godown_Nizamabad,shop_1811028,16.273
godown_Nizamabad,shop_1811029,9.487
godown_Nizamabad,shop_1811030,6.5
godown_Nizamabad,shop_1811031,7.532
godown_Nizamabad,shop_1811033,11.487
godown_Nizamabad,shop_1813001,18.056
godown_Nizamabad,shop_1813002,16.368
godown_Nizamabad,shop_1813003,15.494
godown_Nizamabad,shop_1813004,9.456
godown_Nizamabad,shop_1813005,9.454
godown_Nizamabad,shop_1813006,13.26
godown_Nizamabad,shop_1813007,13.182
godown_Nizamabad,shop_1813008,12.745
godown_Nizamabad,shop_1813009,13.519
godown_Nizamabad,shop_1813010,11.71
godown_Nizamabad,shop_1813011,7.561
godown_Nizamabad,shop_1813012,11.736
godown_Nizamabad,shop_1813013,9.759
godown_Nizamabad,shop_1813014,11.986
godown_Nizamabad,shop_1813015,15.865
godown_Nizamabad,shop_1813016,15.865
godown_Nizamabad,shop_1813017,15.018
godown_Nizamabad,shop_1813018,12.505
godown_Nizamabad,shop_1813019,7.778
godown_Nizamabad,shop_1813020,15.532
godown_Nizamabad,shop_1814024,26.679
godown_Nizamabad,shop_1814025,22.456
godown_Nizamabad,shop_1814030,27.245
godown_Nizamabad,shop_1814031,27.711
godown_Nizamabad,shop_1814032,20.454
godown_Nizamabad,shop_1814036,17.488
godown_Nizamabad,shop_1814037,18.288
godown_Nizamabad,shop_1814038,19.666
godown_Nizamabad,shop_1814039,27.696
godown_Nizamabad,shop_1814041,18.209
godown_Nizamabad,shop_1814042,23.876
godown_Nizamabad,shop_1814043,20.819
godown_Nizamabad,shop_1814044,19.89
godown_Nizamabad,shop_1814045,21.406
godown_Nizamabad,shop_1814046,22.142
godown_Nizamabad,shop_1814048,30.059
godown_Nizamabad,shop_1814049,25.097
godown_Nizamabad,shop_1814051,20.915
godown_Nizamabad,shop_1814052,20.543
godown_Nizamabad,shop_1814053,24.087
godown_Nizamabad,shop_1814554,27.554
godown_Nizamabad,shop_1814556,29.233
godown_Nizamabad,shop_1814557,17.322
godown_Nizamabad,shop_1814558,16.189
godown_Nizamabad,shop_1814559,18.528
godown_Nizamabad,shop_1814560,22.159
godown_Nizamabad,shop_1815001,31.032
godown_Nizamabad,shop_1815002,31.083
godown_Nizamabad,shop_1815003,31.029
godown_Nizamabad,shop_1815004,29.9
godown_Nizamabad,shop_1815005,29.862
godown_Nizamabad,shop_1815006,31.882
godown_Nizamabad,shop_1815015,32.772
godown_Nizamabad,shop_1815016,36.172
godown_Nizamabad,shop_1815017,32.604
godown_Nizamabad,shop_1815018,32.765
godown_Nizamabad,shop_1815021,34.813
godown_Nizamabad,shop_1815022,37.469
godown_Nizamabad,shop_1815029,31.033
godown_Nizamabad,shop_1815030,30.75
godown_Nizamabad,shop_1815036,32.739
godown_Nizamabad,shop_1820001,24.647
godown_Nizamabad,shop_1820002,27.051
godown_Nizamabad,shop_1820003,26.147
godown_Nizamabad,shop_1820004,25.934
godown_Nizamabad,shop_1820005,22.999
godown_Nizamabad,shop_1820006,24.789
godown_Nizamabad,shop_1820007,22.384
godown_Nizamabad,shop_1820008,22.409
godown_Nizamabad,shop_1820009,22.165
godown_Nizamabad,shop_1820019,22.983
godown_Nizamabad,shop_1820022,28.563
godown_Nizamabad,shop_1820028,26.398
godown_Nizamabad,shop_1820029,24.454
godown_Nizamabad,shop_1820030,26.148
godown_Nizamabad,shop_1821001,6.674
godown_Nizamabad,shop_1821002,13.804
godown_Nizamabad,shop_1821003,13.97
godown_Nizamabad,shop_1821004,9.86
godown_Nizamabad,shop_1821005,12.373
godown_Nizamabad,shop_1821006,11.838
godown_Nizamabad,shop_1821007,11.729
godown_Nizamabad,shop_1821008,11.71
godown_Nizamabad,shop_1821013,7.328
godown_Nizamabad,shop_1821014,7.578
godown_Nizamabad,shop_1821015,7.386
godown_Nizamabad,shop_1821016,18.635
godown_Nizamabad,shop_1821017,16.758
godown_Nizamabad,shop_1821019,19.087
godown_Nizamabad,shop_1821023,20.474
godown_Nizamabad,shop_1821024,2.068
godown_Nizamabad,shop_1821025,10.993
godown_Nizamabad,shop_1821026,11.359
godown_Nizamabad,shop_1821027,16.496
godown_Nizamabad,shop_1821028,22.763
godown_Nizamabad,shop_1821029,23.92
godown_Nizamabad,shop_1821030,12.959
godown_Nizamabad,shop_1821032,16.642
godown_Nizamabad,shop_1821034,15.94
godown_Nizamabad,shop_1821035,12.023
godown_Nizamabad,shop_1821036,11.354
godown_Nizamabad,shop_1821037,12.842
godown_Nizamabad,shop_1821038,10.455
godown_Nizamabad,shop_1821039,12.071
godown_Nizamabad,shop_1821040,13.961
godown_Nizamabad,shop_1821252,10.356
godown_Nizamabad,shop_1822001,31.093
godown_Nizamabad,shop_1822002,29.818
godown_Nizamabad,shop_1822003,30.344
godown_Nizamabad,shop_1822004,28.986
godown_Nizamabad,shop_1822005,27.603
godown_Nizamabad,shop_1822007,28.028
godown_Nizamabad,shop_1822011,29.739
godown_Nizamabad,shop_1822012,30.019
godown_Nizamabad,shop_1822013,22.603
godown_Nizamabad,shop_1822014,24.138
godown_Nizamabad,shop_1822015,24.737
godown_Nizamabad,shop_1822020,29.755
godown_Nizamabad,shop_1822023,22.367
godown_Nizamabad,shop_1822024,26.634
godown_Nizamabad,shop_1822026,29.861
godown_Nizamabad,shop_1822028,28.984
godown_Nizamabad,shop_1822100,33.664
godown_Nizamabad,shop_1822101,32.251
godown_Nizamabad,shop_1822102,35.205
godown_Nizamabad,shop_1822103,33.662
godown_Nizamabad,shop_1822104,32.057
godown_Nizamabad,shop_1823001,36.132
godown_Nizamabad,shop_1823002,35.355
godown_Nizamabad,shop_1823003,38.943
godown_Nizamabad,shop_1823004,48.285
godown_Nizamabad,shop_1823005,48.491
godown_Nizamabad,shop_1823006,40.055
godown_Nizamabad,shop_1823007,45.779
godown_Nizamabad,shop_1823008,39.906
godown_Nizamabad,shop_1823009,41.095
godown_Nizamabad,shop_1823010,37.346
godown_Nizamabad,shop_1823011,37.076
godown_Nizamabad,shop_1823012,40.061
godown_Nizamabad,shop_1823013,36.846
godown_Nizamabad,shop_1823014,38.428
godown_Nizamabad,shop_1823015,53.196
godown_Nizamabad,shop_1823016,38.969
godown_Nizamabad,shop_1823018,36.963
godown_Nizamabad,shop_1823019,34.972
godown_Nizamabad,shop_1823020,41.003
godown_Nizamabad,shop_1823024,38.104
godown_Nizamabad,shop_1823026,39.556
godown_Nizamabad,shop_1823027,36.128
godown_Nizamabad,shop_1823028,41.162
godown_Nizamabad,shop_1823029,37.466
godown_Nizamabad,shop_1837001,8764.675
godown_Nizamabad,shop_1837002,8764.675
godown_Nizamabad,shop_1837003,8764.675
godown_Nizamabad,shop_1837004,8764.675
godown_Nizamabad,shop_1838001,8764.675
godown_Nizamabad,shop_1838002,8764.675
godown_Nizamabad,shop_1838003,8764.675
godown_Nizamabad,shop_1838004,8764.675
godown_Nizamabad,shop_1838005,8764.675
godown_Nizamabad,shop_1838006,8764.675
godown_Nizamabad,shop_1839001,8764.675
godown_Nizamabad,shop_1839002,8764.675
godown_Nizamabad,shop_1839003,8764.675
godown_Nizamabad,shop_1839004,8764.675
godown_Nizamabad,shop_1839005,8764.675
godown_Nizamabad,shop_1839006,8764.675
godown_Nizamabad,shop_1839007,8764.675
godown_Nizamabad,shop_1839008,8764.675
godown_Nizamabad,shop_1839009,8764.675
godown_Nizamabad,shop_1839010,8764.675
godown_Nizamabad,shop_1839011,8764.675
godown_Nizamabad,shop_1839012,8764.675
godown_Nizamabad,shop_1839013,8764.675
godown_Nizamabad,shop_1839014,8764.675
godown_Nizamabad,shop_1839015,8764.675
godown_Nizamabad,shop_1840001,8764.675
godown_Nizamabad,shop_1840002,8764.675
godown_Nizamabad,shop_1840003,8764.675
godown_Nizamabad,shop_1840004,8764.675
godown_Nizamabad,shop_1840005,8764.675
godown_Nizamabad,shop_1840006,8764.675
godown_Nizamabad,shop_1840007,8764.675
godown_Nizamabad,shop_1840008,8764.675
godown_Nizamabad,shop_1840009,8764.675
godown_Nizamabad,shop_1840010,8764.675
godown_Nizamabad,shop_1840011,8764.675
godown_Nizamabad,shop_1840012,8764.675
godown_Nizamabad,shop_1840013,8764.675
godown_Nizamabad,shop_1841001,8764.675
godown_Nizamabad,shop_1841002,8764.675
godown_Nizamabad,shop_1841003,8764.675
godown_Nizamabad,shop_1841004,8764.675
godown_Nizamabad,shop_1841005,8764.675
godown_Nizamabad,shop_1841006,8764.675
godown_Nizamabad,shop_1841007,8764.675
godown_Nizamabad,shop_1841008,8764.675
godown_Nizamabad,shop_1841009,8764.675
godown_Nizamabad,shop_1841010,8764.675
godown_Nizamabad,shop_1841011,8764.675
godown_Nizamabad,shop_1842001,8764.675
godown_Nizamabad,shop_1842002,8764.675
godown_Nizamabad,shop_1842003,8764.675
godown_Nizamabad,shop_1842004,8764.675
godown_Nizamabad,shop_1842005,8764.675
godown_Nizamabad,shop_1842006,8764.675
godown_Nizamabad,shop_1842007,8764.675
godown_Nizamabad,shop_1842008,8764.675
godown_Nizamabad,shop_1842009,8764.675
godown_Nizamabad,shop_1842010,8764.675
godown_Nizamabad,shop_1842011,8764.675
godown_Nizamabad,shop_1842012,8764.675
godown_Nizamabad,shop_1842013,8764.675
godown_Nizamabad,shop_1842014,8764.675
godown_Nizamabad,shop_1842015,8764.675
godown_Nizamabad,shop_1881003,0.329
godown_Nizamabad,shop_1881006,0.225
godown_Nizamabad,shop_1881007,0.456
godown_Nizamabad,shop_1881008,0.331
godown_Nizamabad,shop_1881009,0.448
godown_Nizamabad,shop_1881010,0.394
godown_Nizamabad,shop_1881011,1.503
godown_Nizamabad,shop_1881012,0.338
godown_Nizamabad,shop_1881013,0.345
godown_Nizamabad,shop_1881014,0.537
godown_Nizamabad,shop_1881015,0.716
godown_Nizamabad,shop_1881016,0.542
godown_Nizamabad,shop_1881017,0.682
godown_Nizamabad,shop_1881018,3.238
godown_Nizamabad,shop_1881019,0.999
godown_Nizamabad,shop_1881021,0.664
godown_Nizamabad,shop_1881038,0.86
godown_Nizamabad,shop_1881039,2.979
godown_Nizamabad,shop_1881040,1.002
godown_Nizamabad,shop_1881041,0.091
godown_Nizamabad,shop_1881042,1.321
godown_Nizamabad,shop_1881043,1.882
godown_Nizamabad,shop_1881044,1.803
godown_Nizamabad,shop_1881045,1.106
godown_Nizamabad,shop_1881046,1.43
godown_Nizamabad,shop_1881047,1.928
godown_Nizamabad,shop_1881048,2.003
godown_Nizamabad,shop_1881049,1.256
godown_Nizamabad,shop_1881050,1.039
godown_Nizamabad,shop_1881051,0.741
godown_Nizamabad,shop_1881052,0.791
godown_Nizamabad,shop_1881053,0.788
godown_Nizamabad,shop_1881057,1.227
godown_Nizamabad,shop_1881060,1.401
godown_Nizamabad,shop_1881062,1.509
godown_Nizamabad,shop_1881064,1.25
godown_Nizamabad,shop_1881066,3.806
godown_Nizamabad,shop_1881068,0.2
godown_Nizamabad,shop_1881069,0.548
godown_Nizamabad,shop_1881081,1.437
godown_Nizamabad,shop_1881082,1.431
godown_Nizamabad,shop_1881083,2.557
godown_Nizamabad,shop_1881086,1.342
godown_Nizamabad,shop_1881087,1.905
godown_Nizamabad,shop_1882501,21.69
godown_Nizamabad,shop_1882502,21.528
godown_Nizamabad,shop_1882503,21.603
godown_Nizamabad,shop_1882504,21.783
godown_Nizamabad,shop_1882505,22.444
godown_Nizamabad,shop_1882506,22.458
godown_Nizamabad,shop_1882507,22.145
godown_Nizamabad,shop_1882508,22.159
godown_Nizamabad,shop_1882509,22.381
godown_Nizamabad,shop_1882510,22.635
godown_Nizamabad,shop_1882511,22.488
godown_Nizamabad,shop_1882512,22.946
godown_Nizamabad,shop_1882513,22.174
godown_Nizamabad,shop_1882514,21.896
godown_Nizamabad,shop_1882515,22.303
godown_Nizamabad,shop_1882516,21.106
godown_Nizamabad,shop_1882517,20.542
godown_Nizamabad,shop_1882518,20.251
godown_Nizamabad,shop_1882519,20.358
godown_Nizamabad,shop_1882520,20.517
godown_Nizamabad,shop_1882521,20.635
godown_Nizamabad,shop_1882522,22.618
godown_Nizamabad,shop_1882523,20.823
godown_Nizamabad,shop_1882561,21.469
godown_Nizamabad,shop_1882562,21.786
godown_Nizamabad,shop_1882563,22.19
godown_Nizamabad,shop_1882564,22.673
godown_Nizamabad,shop_1882565,22.645
godown_Nizamabad,shop_1882566,22.621
godown_Nizamabad,shop_1882567,22.047
godown_Nizamabad,shop_1882568,20.848
godown_Nizamabad,shop_1886002,38.534
godown_Nizamabad,shop_1886003,38.543
godown_Nizamabad,shop_1886004,40.493
godown_Nizamabad,shop_1886005,39.78
godown_Nizamabad,shop_1886006,41.993
godown_Nizamabad,shop_1886007,37.147
godown_Nizamabad,shop_1886008,41.498
godown_Nizamabad,shop_1886009,41.628
godown_Nizamabad,shop_1886010,43.568
godown_Nizamabad,shop_1886011,38.451
godown_Nizamabad,shop_1887002,41.738
godown_Nizamabad,shop_1887003,42.531
godown_Nizamabad,shop_1887004,46.61
godown_Nizamabad,shop_1887005,45.318
godown_Nizamabad,shop_1887006,44.975
godown_Nizamabad,shop_1887007,44.984
godown_Nizamabad,shop_1887008,47.173
godown_Nizamabad,shop_1887009,46.792
godown_Nizamabad,shop_1887010,46.29
godown_Nizamabad,shop_1887011,44.84
godown_Nizamabad,shop_1887012,42.903
godown_Nizamabad,shop_1887013,43.291
godown_Nizamabad,shop_1887014,43.229
godown_Nizamabad,shop_1887015,43.099
godown_Nizamabad,shop_1887016,45.514
godown_Nizamabad,shop_1888002,19.437
godown_Nizamabad,shop_1888003,19.44
godown_Nizamabad,shop_1888004,20.477
godown_Nizamabad,shop_1888005,21.419
godown_Nizamabad,shop_1888006,21.585
godown_Nizamabad,shop_1888007,21.858
godown_Nizamabad,shop_1888008,21.814
godown_Nizamabad,shop_1888009,21.979
godown_Nizamabad,shop_1888010,18.498
godown_Nizamabad,shop_1888011,19.947
godown_Nizamabad,shop_1888012,19.932
godown_Nizamabad,shop_1888013,25.358
godown_Nizamabad,shop_1888014,25.459
godown_Nizamabad,shop_1888015,27.709
godown_Nizamabad,shop_1888016,27.853
godown_Nizamabad,shop_1888017,30.721
godown_Nizamabad,shop_1888018,25.199
godown_Nizamabad,shop_1888019,22.03
godown_Nizamabad,shop_1888020,22.926
godown_Nizamabad,shop_1888021,25.804
godown_Nizamabad,shop_1888022,23.56
godown_Nizamabad,shop_1888023,23.536
godown_Nizamabad,shop_1889001,2.489
godown_Nizamabad,shop_1889002,2.449
godown_Nizamabad,shop_1889003,2.032
godown_Nizamabad,shop_1889004,5.841
godown_Nizamabad,shop_1889005,4.583
godown_Nizamabad,shop_1889006,7.428
godown_Nizamabad,shop_1889007,10.085
godown_Nizamabad,shop_1889008,10.089
godown_Nizamabad,shop_1889009,14.899
godown_Nizamabad,shop_1889010,8.944
godown_Nizamabad,shop_1889011,10.042
godown_Nizamabad,shop_1889012,12.817
godown_Nizamabad,shop_1889013,14.337
godown_Nizamabad,shop_1889014,15.629
godown_Nizamabad,shop_1889015,16.779
godown_Nizamabad,shop_1889016,6.524
godown_Nizamabad,shop_1889017,3.934
godown_Nizamabad,shop_1889018,3.526
godown_Nizamabad,shop_1889019,12.273
godown_Nizamabad,shop_1889020,12.301
godown_Nizamabad,shop_1890001,2.895
godown_Nizamabad,shop_1890002,2.485
godown_Nizamabad,shop_1890003,2.539
godown_Nizamabad,shop_1890004,2.539
godown_Nizamabad,shop_1890005,1.68
godown_Nizamabad,shop_1890006,1.431
godown_Nizamabad,shop_1890007,1.87
godown_Nizamabad,shop_1890008,0.591
godown_Nizamabad,shop_1890009,0.575
godown_Nizamabad,shop_1890010,1.947
godown_Nizamabad,shop_1890011,1.165
godown_Nizamabad,shop_1890012,1.136
godown_Nizamabad,shop_1890013,2.996
godown_Nizamabad,shop_1890014,2.141
godown_Nizamabad,shop_1890015,1.646
godown_Nizamabad,shop_1890016,3.007
godown_Nizamabad,shop_1890017,1.409
godown_Nizamabad,shop_1890018,1.946
godown_Nizamabad,shop_1890019,1.615
godown_Nizamabad,shop_1890020,1.717
godown_Nizamabad,shop_1890021,1.85
godown_Nizamabad,shop_1890022,2.293
godown_Nizamabad,shop_1890023,2.528
godown_Nizamabad,shop_1890024,2.275
godown_Nizamabad,shop_1890025,2.476
godown_Nizamabad,shop_1890026,1.494
godown_Nizamabad,shop_1890027,2.905
godown_Nizamabad,shop_1890028,2.967
godown_Nizamabad,shop_1890029,2.989
godown_Nizamabad,shop_1890030,2.902
godown_Nizamabad,shop_1890031,2.669
godown_Nizamabad,shop_1890032,2.53
godown_Nizamabad,shop_1890033,1.803
godown_Nizamabad,shop_1890034,2.151
godown_Nizamabad,shop_1890035,2.784
godown_Nizamabad,shop_1890036,1.849
godown_Nizamabad,shop_1890037,1.69
godown_Nizamabad,shop_1890038,0.971
godown_Nizamabad,shop_1890039,0.205
godown_Nizamabad,shop_1890040,1.078
godown_Nizamabad,shop_1890041,2.131
godown_Nizamabad,shop_1890042,0.129
godown_Nizamabad,shop_1890043,2.127
godown_Nizamabad,shop_1891021,3.877
godown_Nizamabad,shop_1891022,3.862
godown_Nizamabad,shop_1891023,5.397
godown_Nizamabad,shop_1891024,5.369
godown_Nizamabad,shop_1891025,4.825
godown_Nizamabad,shop_1891026,4.682
godown_Nizamabad,shop_1891027,5.686
godown_Nizamabad,shop_1891028,8.842
godown_Nizamabad,shop_1891029,9.714
godown_Nizamabad,shop_1891030,11.837
godown_Nizamabad,shop_1891031,10.454
godown_Nizamabad,shop_1891032,8.332
godown_Nizamabad,shop_1891033,6.647
godown_Nizamabad,shop_1891034,6.687
godown_Nizamabad,shop_1891035,6.657
godown_Nizamabad,shop_1891036,6.657
godown_Nizamabad,shop_1891037,5.558
godown_Nizamabad,shop_1891038,4.078
godown_Nizamabad,shop_1891039,11.289
godown_Nizamabad,shop_1891040,12.929
godown_Nizamabad,shop_1891041,11.706
godown_Nizamabad,shop_1891042,5.735
godown_Nizamabad,shop_1891043,5.84
godown_Nizamabad,shop_1892002,28.104
godown_Nizamabad,shop_1892003,26.737
godown_Nizamabad,shop_1892004,26.807
godown_Nizamabad,shop_1892005,25.865
godown_Nizamabad,shop_1892006,27.379
godown_Nizamabad,shop_1892007,27.396
godown_Nizamabad,shop_1892008,25.058
godown_Nizamabad,shop_1892009,27.962
godown_Nizamabad,shop_1892010,25.701
godown_Nizamabad,shop_1892011,25.058
godown_Nizamabad,shop_1892012,24.847
godown_Nizamabad,shop_1892013,25.076
godown_Nizamabad,shop_1892014,25.564
godown_Nizamabad,shop_1893002,52.201
godown_Nizamabad,shop_1893003,53.593
godown_Nizamabad,shop_1893004,49.329
godown_Nizamabad,shop_1893005,47.02
godown_Nizamabad,shop_1893006,49.148
godown_Nizamabad,shop_1893007,49.183
godown_Nizamabad,shop_1893008,49.429
godown_Nizamabad,shop_1893009,43.445
godown_Nizamabad,shop_1893010,50.981
godown_Nizamabad,shop_1893011,51.124
godown_Nizamabad,shop_1893012,52.69
godown_Karimnagar,shop_2027501,22.531
godown_Karimnagar,shop_2027502,23.792
godown_Karimnagar,shop_2027503,23.278
godown_Karimnagar,shop_2027504,22.147
godown_Karimnagar,shop_2027505,24.669
godown_Karimnagar,shop_2027506,26.352
godown_Karimnagar,shop_2027507,26.012
godown_Karimnagar,shop_2027508,25.577
godown_Karimnagar,shop_2027509,23.736
godown_Karimnagar,shop_2027510,27.41
godown_Karimnagar,shop_2027511,30.388
godown_Karimnagar,shop_2027512,29.403
godown_Karimnagar,shop_2027513,26.666
godown_Karimnagar,shop_2027514,27.211
godown_Karimnagar,shop_2027515,24.819
godown_Karimnagar,shop_2027516,19.732
godown_Karimnagar,shop_2027517,19.29
godown_Karimnagar,shop_2027518,19.283
godown_Karimnagar,shop_2027519,19.209
godown_Karimnagar,shop_2027520,20.136
godown_Karimnagar,shop_2027521,19.313
godown_Karimnagar,shop_2027522,20.005
godown_Karimnagar,shop_2027523,17.262
godown_Karimnagar,shop_2027524,17.068
godown_Karimnagar,shop_2027525,15.987
godown_Karimnagar,shop_2027526,16.052
godown_Karimnagar,shop_2027527,16
godown_Karimnagar,shop_2027528,16.142
godown_Karimnagar,shop_2027529,25.189
godown_Karimnagar,shop_2027530,25.483
godown_Karimnagar,shop_2027531,21.991
godown_Karimnagar,shop_2027532,23.209
godown_Karimnagar,shop_2027533,22.119
godown_Karimnagar,shop_2027534,29.073
godown_Karimnagar,shop_2027535,18.65
godown_Karimnagar,shop_2027536,21.714
godown_Karimnagar,shop_2027537,26.12
godown_Karimnagar,shop_2027538,23.754
godown_Karimnagar,shop_2030701,17.203
godown_Karimnagar,shop_2030702,16.065
godown_Karimnagar,shop_2030703,17.316
godown_Karimnagar,shop_2030704,16.352
godown_Karimnagar,shop_2030705,16.032
godown_Karimnagar,shop_2030706,16.286
godown_Karimnagar,shop_2030707,15.825
godown_Karimnagar,shop_2030708,19.973
godown_Karimnagar,shop_2030709,20.486
godown_Karimnagar,shop_2030710,20.634
godown_Karimnagar,shop_2030711,22.868
godown_Karimnagar,shop_2030712,21.643
godown_Karimnagar,shop_2030713,22.641
godown_Karimnagar,shop_2030714,22.643
godown_Karimnagar,shop_2030715,22.758
godown_Karimnagar,shop_2030716,21.014
godown_Karimnagar,shop_2030717,16.743
godown_Karimnagar,shop_2030718,16.744
godown_Karimnagar,shop_2030719,12.818
godown_Karimnagar,shop_2030720,12.884
godown_Karimnagar,shop_2030721,11.145
godown_Karimnagar,shop_2030722,11.405
godown_Karimnagar,shop_2030723,13.366
godown_Karimnagar,shop_2030724,11.884
godown_Karimnagar,shop_2030725,11.89
godown_Karimnagar,shop_2030726,14.055
godown_Karimnagar,shop_2030727,14.452
godown_Karimnagar,shop_2030728,17.129
godown_Karimnagar,shop_2030729,17.124
godown_Karimnagar,shop_2030730,20.333
godown_Karimnagar,shop_2030731,17.206
godown_Karimnagar,shop_2030732,12.891
godown_Karimnagar,shop_2030733,14.278
godown_Karimnagar,shop_2030734,23.888
godown_Karimnagar,shop_2030735,14.468
godown_Karimnagar,shop_2033201,37.679
godown_Karimnagar,shop_2033202,36.132
godown_Karimnagar,shop_2033203,37.42
godown_Karimnagar,shop_2033204,37.59
godown_Karimnagar,shop_2033205,37.78
godown_Karimnagar,shop_2033206,37.068
godown_Karimnagar,shop_2033207,38.065
godown_Karimnagar,shop_2033208,35.318
godown_Karimnagar,shop_2033209,33.533
godown_Karimnagar,shop_2033210,37.408
godown_Karimnagar,shop_2033211,36.187
godown_Karimnagar,shop_2033212,38.255
godown_Karimnagar,shop_2033213,38.177
godown_Karimnagar,shop_2033216,36.845
godown_Karimnagar,shop_2033217,38.435
godown_Karimnagar,shop_2033218,34.846
godown_Karimnagar,shop_2033219,34.942
godown_Karimnagar,shop_2033220,35.603
godown_Karimnagar,shop_2033221,39.685
godown_Karimnagar,shop_2033222,37.989
godown_Karimnagar,shop_2033223,39.15
godown_Karimnagar,shop_2033225,38.472
godown_Karimnagar,shop_2033226,38.517
godown_Karimnagar,shop_2033227,42.666
godown_Karimnagar,shop_2033228,42.726
godown_Karimnagar,shop_2033234,40.363
godown_Karimnagar,shop_2033235,40.53
godown_Karimnagar,shop_2033245,37.669
godown_Karimnagar,shop_2033246,42.012
godown_Karimnagar,shop_2033247,39.431
godown_Karimnagar,shop_2033248,35.211
godown_Karimnagar,shop_2033249,39.498
godown_Karimnagar,shop_2033250,35.339
godown_Karimnagar,shop_2033251,34.299
godown_Karimnagar,shop_2033252,37.696
godown_Karimnagar,shop_2033253,32.718
godown_Karimnagar,shop_2033254,36.499
godown_Karimnagar,shop_2033255,44.102
godown_Karimnagar,shop_2033256,43.784
godown_Karimnagar,shop_2033257,40.535
godown_Karimnagar,shop_2033258,34.027
godown_Karimnagar,shop_2034301,31.252
godown_Karimnagar,shop_2034302,29.685
godown_Karimnagar,shop_2034303,29.812
godown_Karimnagar,shop_2034304,32.955
godown_Karimnagar,shop_2034305,29.468
godown_Karimnagar,shop_2034306,29.662
godown_Karimnagar,shop_2034307,28.243
godown_Karimnagar,shop_2034308,25.025
godown_Karimnagar,shop_2034309,24.672
godown_Karimnagar,shop_2034310,23.52
godown_Karimnagar,shop_2034311,27.472
godown_Karimnagar,shop_2034312,25.161
godown_Karimnagar,shop_2034313,33.015
godown_Karimnagar,shop_2034314,30.973
godown_Karimnagar,shop_2034315,24.907
godown_Karimnagar,shop_2034316,27.804
godown_Karimnagar,shop_2034317,25.002
godown_Karimnagar,shop_2034318,22.16
godown_Karimnagar,shop_2034319,21.11
godown_Karimnagar,shop_2034320,20.791
godown_Karimnagar,shop_2034321,19.653
godown_Karimnagar,shop_2034322,21.621
godown_Karimnagar,shop_2034323,33.546
godown_Karimnagar,shop_2034324,25.011
godown_Karimnagar,shop_2034325,19.43
godown_Karimnagar,shop_2034326,27.525
godown_Karimnagar,shop_2034327,30.189
godown_Karimnagar,shop_2034328,22.321
godown_Karimnagar,shop_2034329,31.252
godown_Karimnagar,shop_2034330,37.065
godown_Karimnagar,shop_2034331,37.071
godown_Karimnagar,shop_2034332,25.973
godown_Karimnagar,shop_2035201,5.143
godown_Karimnagar,shop_2035202,4.672
godown_Karimnagar,shop_2035203,6.187
godown_Karimnagar,shop_2035204,2.58
godown_Karimnagar,shop_2035205,8.14
godown_Karimnagar,shop_2035206,7.909
godown_Karimnagar,shop_2035207,9.46
godown_Karimnagar,shop_2035208,9.466
godown_Karimnagar,shop_2035209,9.524
godown_Karimnagar,shop_2035210,6.969
godown_Karimnagar,shop_2035212,12.221
godown_Karimnagar,shop_2035213,12.259
godown_Karimnagar,shop_2035214,10.659
godown_Karimnagar,shop_2035215,9.06
godown_Karimnagar,shop_2035216,15.446
godown_Karimnagar,shop_2035217,15.922
godown_Karimnagar,shop_2035218,15.629
godown_Karimnagar,shop_2035219,15.546
godown_Karimnagar,shop_2035220,15.55
godown_Karimnagar,shop_2035221,13.379
godown_Karimnagar,shop_2035222,11.171
godown_Karimnagar,shop_2035223,14.617
godown_Karimnagar,shop_2035224,17.33
godown_Karimnagar,shop_2035225,17.744
godown_Karimnagar,shop_2035226,17.738
godown_Karimnagar,shop_2035227,17.568
godown_Karimnagar,shop_2035228,16.404
godown_Karimnagar,shop_2035229,15.536
godown_Karimnagar,shop_2035230,14.95
godown_Karimnagar,shop_2035231,16.271
godown_Karimnagar,shop_2035232,16.271
godown_Karimnagar,shop_2035233,18.192
godown_Karimnagar,shop_2035234,18.166
godown_Karimnagar,shop_2035235,11.832
godown_Karimnagar,shop_2035236,11.643
godown_Karimnagar,shop_2035237,10.971
godown_Karimnagar,shop_2035238,14.153
godown_Karimnagar,shop_2035239,5.589
godown_Karimnagar,shop_2035240,4.964
godown_Karimnagar,shop_2035241,17.674
godown_Karimnagar,shop_2035242,14.311
godown_Karimnagar,shop_2035243,5.591
godown_Karimnagar,shop_2035244,16.269
godown_Karimnagar,shop_2035245,15.921
godown_Karimnagar,shop_2035246,11.204
godown_Karimnagar,shop_2035247,13.938
godown_Karimnagar,shop_2036167,4.97
godown_Karimnagar,shop_2036169,8.004
godown_Karimnagar,shop_2036170,8.023
godown_Karimnagar,shop_2036171,10.281
godown_Karimnagar,shop_2036172,10.107
godown_Karimnagar,shop_2036173,9.875
godown_Karimnagar,shop_2036174,4.629
godown_Karimnagar,shop_2036175,9.916
godown_Karimnagar,shop_2036176,9.861
godown_Karimnagar,shop_2036177,8.671
godown_Karimnagar,shop_2036178,8.373
godown_Karimnagar,shop_2036179,5.06
godown_Karimnagar,shop_2036180,6.832
godown_Karimnagar,shop_2036181,5.785
godown_Karimnagar,shop_2036184,0.87
godown_Karimnagar,shop_2036185,2.047
godown_Karimnagar,shop_2036186,4.975
godown_Karimnagar,shop_2036187,3.975
godown_Karimnagar,shop_2036188,7.928
godown_Karimnagar,shop_2036201,1.726
godown_Karimnagar,shop_2036203,4.973
godown_Karimnagar,shop_2036205,12.235
godown_Karimnagar,shop_2036207,9.864
godown_Karimnagar,shop_2036208,8.008
godown_Karimnagar,shop_2036209,4.968
godown_Karimnagar,shop_2036212,8.469
godown_Karimnagar,shop_2036213,9.82
godown_Karimnagar,shop_2036214,4.621
godown_Karimnagar,shop_2036215,1.544
godown_Karimnagar,shop_2037601,19.434
godown_Karimnagar,shop_2037602,19.492
godown_Karimnagar,shop_2037603,20.825
godown_Karimnagar,shop_2037604,20.44
godown_Karimnagar,shop_2037605,20.154
godown_Karimnagar,shop_2037606,15.117
godown_Karimnagar,shop_2037607,15.404
godown_Karimnagar,shop_2037608,24.477
godown_Karimnagar,shop_2037609,24.481
godown_Karimnagar,shop_2037610,20.385
godown_Karimnagar,shop_2037611,10.328
godown_Karimnagar,shop_2037612,16.209
godown_Karimnagar,shop_2037613,15.388
godown_Karimnagar,shop_2037614,15.094
godown_Karimnagar,shop_2037615,14.029
godown_Karimnagar,shop_2037616,9.362
godown_Karimnagar,shop_2037617,12.035
godown_Karimnagar,shop_2037618,11.267
godown_Karimnagar,shop_2037619,22.14
godown_Karimnagar,shop_2037620,22.135
godown_Karimnagar,shop_2037621,23.225
godown_Karimnagar,shop_2037622,23.327
godown_Karimnagar,shop_2037623,17.726
godown_Karimnagar,shop_2037624,19.037
godown_Karimnagar,shop_2037625,12.659
godown_Karimnagar,shop_2037626,13.707
godown_Karimnagar,shop_2037627,18.964
godown_Karimnagar,shop_2037628,23.782
godown_Karimnagar,shop_2037629,15.104
godown_Karimnagar,shop_2037630,18.884
godown_Karimnagar,shop_2037631,21.637
godown_Karimnagar,shop_2037632,15.203
godown_Karimnagar,shop_2037633,17.866
godown_Karimnagar,shop_2047301,7.772
godown_Karimnagar,shop_2047302,7.772
godown_Karimnagar,shop_2047303,6.272
godown_Karimnagar,shop_2047304,3.311
godown_Karimnagar,shop_2047305,2.953
godown_Karimnagar,shop_2047306,10.752
godown_Karimnagar,shop_2047307,13.248
godown_Karimnagar,shop_2047308,13.765
godown_Karimnagar,shop_2047309,15.085
godown_Karimnagar,shop_2047310,15.667
godown_Karimnagar,shop_2047311,16.309
godown_Karimnagar,shop_2047312,14.574
godown_Karimnagar,shop_2047313,13.534
godown_Karimnagar,shop_2047314,11.726
godown_Karimnagar,shop_2047315,13.297
godown_Karimnagar,shop_2047316,14.416
godown_Karimnagar,shop_2047317,17.687
godown_Karimnagar,shop_2047318,17.802
godown_Karimnagar,shop_2047319,18.102
godown_Karimnagar,shop_2047320,20.843
godown_Karimnagar,shop_2047321,21.004
godown_Karimnagar,shop_2047322,17.002
godown_Karimnagar,shop_2047323,14.245
godown_Karimnagar,shop_2047324,11.975
godown_Karimnagar,shop_2047325,9.807
godown_Karimnagar,shop_2047327,11.907
godown_Karimnagar,shop_2047328,6.743
godown_Karimnagar,shop_2047329,5.703
godown_Karimnagar,shop_2047330,13.859
godown_Karimnagar,shop_2047331,10.734
godown_Karimnagar,shop_2047332,13.328
godown_Karimnagar,shop_2047333,17.004
godown_Karimnagar,shop_2047334,11.888
godown_Karimnagar,shop_2047335,10.042
godown_Karimnagar,shop_2048601,22.414
godown_Karimnagar,shop_2048602,23.16
godown_Karimnagar,shop_2048603,21.222
godown_Karimnagar,shop_2048604,19.966
godown_Karimnagar,shop_2048605,18.265
godown_Karimnagar,shop_2048606,18.809
godown_Karimnagar,shop_2048607,20.864
godown_Karimnagar,shop_2048608,23
godown_Karimnagar,shop_2048609,20.992
godown_Karimnagar,shop_2048610,21.847
godown_Karimnagar,shop_2048611,24.354
godown_Karimnagar,shop_2048612,24.494
godown_Karimnagar,shop_2048613,26.594
godown_Karimnagar,shop_2048614,25.25
godown_Karimnagar,shop_2048615,28.13
godown_Karimnagar,shop_2048616,29.299
godown_Karimnagar,shop_2048617,27.01
godown_Karimnagar,shop_2048618,24.707
godown_Karimnagar,shop_2048619,27.434
godown_Karimnagar,shop_2048620,24.175
godown_Karimnagar,shop_2048621,23.081
godown_Karimnagar,shop_2048622,20.153
godown_Karimnagar,shop_2048623,22.5
godown_Karimnagar,shop_2048624,27.16
godown_Karimnagar,shop_2048625,27.832
godown_Karimnagar,shop_2048626,20.531
godown_Karimnagar,shop_2048627,25.171
godown_Karimnagar,shop_2048628,26.683
godown_Karimnagar,shop_2048629,20.771
godown_Karimnagar,shop_2048630,24.493
godown_Karimnagar,shop_2048631,24.033
godown_Karimnagar,shop_2048632,27.997
godown_Karimnagar,shop_2049101,36.552
godown_Karimnagar,shop_2049102,37.016
godown_Karimnagar,shop_2049103,37.349
godown_Karimnagar,shop_2049104,36.884
godown_Karimnagar,shop_2049105,36.904
godown_Karimnagar,shop_2049106,37.006
godown_Karimnagar,shop_2049107,36.766
godown_Karimnagar,shop_2049108,36.862
godown_Karimnagar,shop_2049109,36.892
godown_Karimnagar,shop_2049110,39.445
godown_Karimnagar,shop_2049111,38.568
godown_Karimnagar,shop_2049112,37.101
godown_Karimnagar,shop_2049113,39.724
godown_Karimnagar,shop_2049114,32.418
godown_Karimnagar,shop_2049115,32.973
godown_Karimnagar,shop_2049116,34.856
godown_Karimnagar,shop_2049117,38.843
godown_Karimnagar,shop_2049118,38.483
godown_Karimnagar,shop_2049119,38.016
godown_Karimnagar,shop_2049120,40.01
godown_Karimnagar,shop_2049121,40.193
godown_Karimnagar,shop_2049122,35.001
godown_Karimnagar,shop_2049123,42.452
godown_Karimnagar,shop_2049124,42.938
godown_Karimnagar,shop_2049125,31.287
godown_Karimnagar,shop_2049126,38.685
godown_Karimnagar,shop_2049127,32.967
godown_Karimnagar,shop_2049128,38.44
godown_Karimnagar,shop_2049129,35.703
godown_Karimnagar,shop_2049130,36.858
godown_Karimnagar,shop_2049131,41.757
godown_Karimnagar,shop_2049132,37.807
godown_Karimnagar,shop_2049133,39.422
godown_Karimnagar,shop_2049134,38.371
godown_Karimnagar,shop_2049135,37.185
godown_Karimnagar,shop_2049136,34.26
godown_Karimnagar,shop_2049137,31.907
godown_Karimnagar,shop_2049138,32.376
godown_Karimnagar,shop_2049139,40.657
godown_Karimnagar,shop_2049140,42.976
godown_Karimnagar,shop_2052801,28.973
godown_Karimnagar,shop_2052802,28.971
godown_Karimnagar,shop_2052803,29.597
godown_Karimnagar,shop_2052804,28.591
godown_Karimnagar,shop_2052805,26.919
godown_Karimnagar,shop_2052806,26.915
godown_Karimnagar,shop_2052807,31.587
godown_Karimnagar,shop_2052808,30.996
godown_Karimnagar,shop_2052809,30.707
godown_Karimnagar,shop_2052810,29.699
godown_Karimnagar,shop_2052811,30.26
godown_Karimnagar,shop_2052812,35.369
godown_Karimnagar,shop_2052813,36.27
godown_Karimnagar,shop_2052814,34.557
godown_Karimnagar,shop_2052815,33.476
godown_Karimnagar,shop_2052816,34.019
godown_Karimnagar,shop_2052817,31.41
godown_Karimnagar,shop_2052818,37.541
godown_Karimnagar,shop_2052819,26.755
godown_Karimnagar,shop_2052820,25.09
godown_Karimnagar,shop_2052821,27.544
godown_Karimnagar,shop_2052822,36.34
godown_Karimnagar,shop_2052823,34.555
godown_Karimnagar,shop_2052824,33.208
godown_Karimnagar,shop_2052825,27.112
godown_Karimnagar,shop_2052826,27.88
godown_Karimnagar,shop_2052827,30.049
godown_Karimnagar,shop_2052828,34.555
godown_Karimnagar,shop_2052829,34.077
godown_Karimnagar,shop_2052830,33.674
godown_Karimnagar,shop_2052831,38.08
godown_Karimnagar,shop_2053901,22.631
godown_Karimnagar,shop_2053902,22.134
godown_Karimnagar,shop_2053903,20.674
godown_Karimnagar,shop_2053904,22.179
godown_Karimnagar,shop_2053905,23.212
godown_Karimnagar,shop_2053906,22.742
godown_Karimnagar,shop_2053907,27.06
godown_Karimnagar,shop_2053908,26.555
godown_Karimnagar,shop_2053909,26.602
godown_Karimnagar,shop_2053910,26.977
godown_Karimnagar,shop_2053911,29.593
godown_Karimnagar,shop_2053912,28.304
godown_Karimnagar,shop_2053913,28.247
godown_Karimnagar,shop_2053914,23.321
godown_Karimnagar,shop_2053915,23.219
godown_Karimnagar,shop_2053916,22.771
godown_Karimnagar,shop_2053917,24.23
godown_Karimnagar,shop_2053918,20.683
godown_Karimnagar,shop_2053919,19.226
godown_Karimnagar,shop_2053920,18.168
godown_Karimnagar,shop_2053921,22.596
godown_Karimnagar,shop_2053922,23.754
godown_Karimnagar,shop_2053923,20.026
godown_Karimnagar,shop_2053924,26.602
godown_Karimnagar,shop_2053925,20.307
godown_Karimnagar,shop_2053926,18.568
godown_Karimnagar,shop_2053927,22.069
godown_Karimnagar,shop_2058001,40.806
godown_Karimnagar,shop_2058002,40.758
godown_Karimnagar,shop_2058003,40.968
godown_Karimnagar,shop_2058004,42.471
godown_Karimnagar,shop_2058005,44.795
godown_Karimnagar,shop_2058006,41.336
godown_Karimnagar,shop_2058007,42.005
godown_Karimnagar,shop_2058008,42.857
godown_Karimnagar,shop_2058009,44.344
godown_Karimnagar,shop_2058010,45.417
godown_Karimnagar,shop_2058011,45.095
godown_Karimnagar,shop_2058012,44.399
godown_Karimnagar,shop_2058013,44.344
godown_Karimnagar,shop_2058014,45.147
godown_Karimnagar,shop_2058015,46.895
godown_Karimnagar,shop_2058016,45.335
godown_Karimnagar,shop_2058017,41.853
godown_Karimnagar,shop_2058018,42.094
godown_Karimnagar,shop_2058019,43.132
godown_Karimnagar,shop_2058020,44.396
godown_Karimnagar,shop_2058021,40.751
godown_Karimnagar,shop_2059001,15.488
godown_Karimnagar,shop_2059002,15.616
godown_Karimnagar,shop_2059003,17.535
godown_Karimnagar,shop_2059004,13.383
godown_Karimnagar,shop_2059005,13.624
godown_Karimnagar,shop_2059006,11.609
godown_Karimnagar,shop_2059007,12.741
godown_Karimnagar,shop_2059008,10.853
godown_Karimnagar,shop_2059009,10.525
godown_Karimnagar,shop_2059010,16.483
godown_Karimnagar,shop_2059011,12.376
godown_Karimnagar,shop_2059012,12.374
godown_Karimnagar,shop_2059013,12.202
godown_Karimnagar,shop_2059014,14.296
godown_Karimnagar,shop_2059015,10.181
godown_Karimnagar,shop_2059016,12.373
godown_Karimnagar,shop_2059017,12.373
godown_Karimnagar,shop_2059018,14.207
godown_Karimnagar,shop_2060001,6.034
godown_Karimnagar,shop_2060002,9.197
godown_Karimnagar,shop_2060003,9.198
godown_Karimnagar,shop_2060004,10.29
godown_Karimnagar,shop_2060005,7.925
godown_Karimnagar,shop_2060006,8.82
godown_Karimnagar,shop_2060007,7.948
godown_Karimnagar,shop_2060008,5.33
godown_Karimnagar,shop_2060009,5.724
godown_Karimnagar,shop_2060010,4.507
godown_Karimnagar,shop_2060011,11.548
godown_Karimnagar,shop_2060012,12.414
godown_Karimnagar,shop_2060013,12.664
godown_Karimnagar,shop_2060014,11.299
godown_Karimnagar,shop_2060015,14.123
godown_Karimnagar,shop_2060016,13.1
godown_Karimnagar,shop_2060017,15.657
godown_Karimnagar,shop_2060018,15.052
godown_Karimnagar,shop_2060019,12.311
godown_Karimnagar,shop_2060020,9.821
godown_Karimnagar,shop_2060021,14.01
godown_Karimnagar,shop_2060022,8.837
godown_Karimnagar,shop_2060023,15.649
godown_Karimnagar,shop_2060024,6.043
godown_Karimnagar,shop_2060025,6.024
godown_Karimnagar,shop_2060026,9.197
godown_Karimnagar,shop_2060027,9.196
godown_Karimnagar,shop_2060028,10.29
godown_Karimnagar,shop_2060029,8.823
godown_Karimnagar,shop_2060030,7.95
godown_Karimnagar,shop_2060031,7.958
godown_Karimnagar,shop_2060032,7.954
godown_Karimnagar,shop_2060033,5.73
godown_Karimnagar,shop_2060034,4.507
godown_Karimnagar,shop_2060035,14.114
godown_Karimnagar,shop_2060036,15.659
godown_Karimnagar,shop_2060037,14.016
godown_Karimnagar,shop_2060038,8.846
godown_Karimnagar,shop_2084101,0.734
godown_Karimnagar,shop_2084102,1.237
godown_Karimnagar,shop_2084103,4.139
godown_Karimnagar,shop_2084105,2.797
godown_Karimnagar,shop_2084106,1.448
godown_Karimnagar,shop_2084107,1.199
godown_Karimnagar,shop_2084108,1.735
godown_Karimnagar,shop_2084109,2.958
godown_Karimnagar,shop_2084110,1.215
godown_Karimnagar,shop_2084111,2.395
godown_Karimnagar,shop_2084112,1.574
godown_Karimnagar,shop_2084113,1.155
godown_Karimnagar,shop_2084114,4.303
godown_Karimnagar,shop_2084115,1.135
godown_Karimnagar,shop_2084116,1.777
godown_Karimnagar,shop_2084117,1.926
godown_Karimnagar,shop_2084118,1.543
godown_Karimnagar,shop_2084119,1.393
godown_Karimnagar,shop_2084120,1.864
godown_Karimnagar,shop_2084121,1.117
godown_Karimnagar,shop_2084122,0.492
godown_Karimnagar,shop_2084124,1.101
godown_Karimnagar,shop_2084125,1.124
godown_Karimnagar,shop_2084126,2.839
godown_Karimnagar,shop_2084127,1.151
godown_Karimnagar,shop_2084128,1.708
godown_Karimnagar,shop_2084130,0.842
godown_Karimnagar,shop_2084131,2.073
godown_Karimnagar,shop_2084132,1.295
godown_Karimnagar,shop_2084133,0.768
godown_Karimnagar,shop_2084134,3.82
godown_Karimnagar,shop_2084135,3.084
godown_Karimnagar,shop_2084136,2.621
godown_Karimnagar,shop_2084137,1.49
godown_Karimnagar,shop_2084138,2.299
godown_Karimnagar,shop_2084139,3.835
godown_Karimnagar,shop_2084140,2.415
godown_Karimnagar,shop_2084141,3.633
godown_Karimnagar,shop_2084142,2.742
godown_Karimnagar,shop_2084143,1.953
godown_Karimnagar,shop_2084144,2.958
godown_Karimnagar,shop_2084145,2.101
godown_Karimnagar,shop_2084146,3.291
godown_Karimnagar,shop_2084147,3.588
godown_Karimnagar,shop_2084148,3.014
godown_Karimnagar,shop_2084149,1.57
godown_Karimnagar,shop_2084150,3.586
godown_Karimnagar,shop_2084151,2.893
godown_Karimnagar,shop_2084152,2.241
godown_Karimnagar,shop_2084153,1.837
godown_Karimnagar,shop_2084154,2.673
godown_Karimnagar,shop_2084155,2.172
godown_Karimnagar,shop_2084156,4.33
godown_Karimnagar,shop_2084157,4.995
godown_Karimnagar,shop_2084158,4.624
godown_Karimnagar,shop_2084159,2.053
godown_Karimnagar,shop_2084160,3.223
godown_Karimnagar,shop_2084161,4.419
godown_Karimnagar,shop_2084162,4.132
godown_Karimnagar,shop_2084163,2.529
godown_Karimnagar,shop_2084164,1.096
godown_Karimnagar,shop_2084165,1.147
godown_Karimnagar,shop_2084166,3.828
godown_Karimnagar,shop_2084167,3.606
godown_Karimnagar,shop_2084168,3.581
godown_Karimnagar,shop_2084169,1.818
godown_Karimnagar,shop_2084170,4.341
godown_Karimnagar,shop_2084171,4.984
godown_Karimnagar,shop_2084172,4.62
godown_Karimnagar,shop_2084173,3.225
godown_Karimnagar,shop_2084176,4.458
godown_Medak,shop_1705001,44.486
godown_Medak,shop_1705002,44.209
godown_Medak,shop_1705003,42.617
godown_Medak,shop_1705004,44.87
godown_Medak,shop_1705005,40.744
godown_Medak,shop_1705006,42.789
godown_Medak,shop_1705007,41.802
godown_Medak,shop_1705008,42.591
godown_Medak,shop_1705009,40.495
godown_Medak,shop_1705012,49.651
godown_Medak,shop_1705013,48.404
godown_Medak,shop_1705014,49.559
godown_Medak,shop_1705015,46.085
godown_Medak,shop_1705016,47.415
godown_Medak,shop_1705024,45.789
godown_Medak,shop_1705025,46.215
godown_Medak,shop_1705026,46.212
godown_Medak,shop_1705028,44.455
godown_Medak,shop_1705029,43.325
godown_Medak,shop_1706001,37.508
godown_Medak,shop_1706002,37.106
godown_Medak,shop_1706003,37.185
godown_Medak,shop_1706004,38.406
godown_Medak,shop_1706005,37.37
godown_Medak,shop_1706006,38.947
godown_Medak,shop_1706008,37.34
godown_Medak,shop_1706009,39.696
godown_Medak,shop_1706010,41.815
godown_Medak,shop_1706011,40.169
godown_Medak,shop_1706012,41.871
godown_Medak,shop_1706013,41.457
godown_Medak,shop_1706014,43.193
godown_Medak,shop_1706015,34.384
godown_Medak,shop_1706016,33.208
godown_Medak,shop_1706017,33.196
godown_Medak,shop_1706018,34.324
godown_Medak,shop_1706019,32.198
godown_Medak,shop_1706020,30.615
godown_Medak,shop_1706021,29.239
godown_Medak,shop_1706022,33.199
godown_Medak,shop_1706023,31.336
godown_Medak,shop_1706024,32.983
godown_Medak,shop_1706025,31.734
godown_Medak,shop_1706026,34.474
godown_Medak,shop_1706027,35.887
godown_Medak,shop_1706028,37.606
godown_Medak,shop_1707001,36.023
godown_Medak,shop_1707002,39.098
godown_Medak,shop_1707003,35.168
godown_Medak,shop_1707007,35.31
godown_Medak,shop_1707009,33.166
godown_Medak,shop_1707010,39.337
godown_Medak,shop_1707011,38.549
godown_Medak,shop_1707012,34.178
godown_Medak,shop_1707015,30.311
godown_Medak,shop_1707018,36.416
godown_Medak,shop_1707021,36.692
godown_Medak,shop_1707022,33.921
godown_Medak,shop_1707024,33.831
godown_Medak,shop_1707025,33.309
godown_Medak,shop_1707026,33.632
godown_Medak,shop_1707027,32.935
godown_Medak,shop_1707028,32.931
godown_Medak,shop_1707029,36.724
godown_Medak,shop_1707030,36.678
godown_Medak,shop_1707031,36.789
godown_Medak,shop_1707032,36.941
godown_Medak,shop_1708001,27.841
godown_Medak,shop_1708002,30.388
godown_Medak,shop_1708003,31.908
godown_Medak,shop_1708004,28.083
godown_Medak,shop_1708005,20.054
godown_Medak,shop_1708006,28.781
godown_Medak,shop_1708007,25.269
godown_Medak,shop_1708008,27.188
godown_Medak,shop_1708009,29.671
godown_Medak,shop_1708010,29.186
godown_Medak,shop_1708011,23.551
godown_Medak,shop_1708012,21.171
godown_Medak,shop_1708013,23.761
godown_Medak,shop_1708014,26.096
godown_Medak,shop_1708015,26.584
godown_Medak,shop_1708016,30.32
godown_Medak,shop_1708017,25.892
godown_Medak,shop_1708018,28.44
godown_Medak,shop_1708019,29.522
godown_Medak,shop_1708020,26.497
godown_Medak,shop_1708021,25.254
godown_Medak,shop_1708022,25.427
godown_Medak,shop_1708023,25.367
godown_Medak,shop_1708024,22.596
godown_Medak,shop_1708025,29.473
godown_Medak,shop_1708026,23.266
godown_Medak,shop_1708027,23.672
godown_Medak,shop_1708028,21.56
godown_Medak,shop_1708029,25.698
godown_Medak,shop_1709001,8.242
godown_Medak,shop_1709002,13.831
godown_Medak,shop_1709003,11.918
godown_Medak,shop_1709004,23.581
godown_Medak,shop_1709005,20.432
godown_Medak,shop_1709006,17.617
godown_Medak,shop_1709007,7.389
godown_Medak,shop_1709008,13.762
godown_Medak,shop_1709009,14.601
godown_Medak,shop_1709010,11.823
godown_Medak,shop_1709011,16.241
godown_Medak,shop_1709012,21.521
godown_Medak,shop_1709013,17.311
godown_Medak,shop_1709014,21.105
godown_Medak,shop_1709015,11.608
godown_Medak,shop_1709016,20.665
godown_Medak,shop_1709017,21.428
godown_Medak,shop_1709018,24.323
godown_Medak,shop_1709019,13.874
godown_Medak,shop_1709020,18.846
godown_Medak,shop_1709021,18.917
godown_Medak,shop_1709022,11.549
godown_Medak,shop_1709023,18.721
godown_Medak,shop_1709024,16.808
godown_Medak,shop_1709025,21.593
godown_Medak,shop_1709026,24.164
godown_Medak,shop_1709027,26.296
godown_Medak,shop_1709028,25.93
godown_Medak,shop_1709029,9.279
godown_Medak,shop_1709030,14.651
godown_Medak,shop_1709031,17.305
godown_Medak,shop_1709032,26.659
godown_Medak,shop_1709033,28.245
godown_Medak,shop_1709034,19.606
godown_Medak,shop_1709035,13.809
godown_Medak,shop_1709036,11.788
godown_Medak,shop_1709037,16.051
godown_Medak,shop_1709038,18.209
godown_Medak,shop_1709039,23.239
godown_Medak,shop_1709040,10.746
godown_Medak,shop_1709041,18.883
godown_Medak,shop_1709042,7.346
godown_Medak,shop_1709043,36.832
godown_Medak,shop_1709044,16.257
godown_Medak,shop_1709045,8.227
godown_Medak,shop_1710001,5.458
godown_Medak,shop_1710002,19.814
godown_Medak,shop_1710003,18.615
godown_Medak,shop_1710004,9.294
godown_Medak,shop_1710005,6.17
godown_Medak,shop_1710006,10.398
godown_Medak,shop_1710007,14.252
godown_Medak,shop_1710008,16.554
godown_Medak,shop_1710009,11.171
godown_Medak,shop_1710010,12.883
godown_Medak,shop_1710011,9.268
godown_Medak,shop_1710012,22.429
godown_Medak,shop_1710013,14.354
godown_Medak,shop_1710014,9.62
godown_Medak,shop_1710015,11.267
godown_Medak,shop_1710016,12.86
godown_Medak,shop_1710017,18.333
godown_Medak,shop_1710018,22.484
godown_Medak,shop_1710019,22.252
godown_Medak,shop_1710020,10.385
godown_Medak,shop_1710021,18.019
godown_Medak,shop_1710022,10.91
godown_Medak,shop_1711001,5.148
godown_Medak,shop_1711003,4.961
godown_Medak,shop_1711004,3.326
godown_Medak,shop_1711005,8.426
godown_Medak,shop_1711007,9.858
godown_Medak,shop_1711008,6.934
godown_Medak,shop_1711009,4.546
godown_Medak,shop_1711010,4.154
godown_Medak,shop_1711014,5.599
godown_Medak,shop_1711015,3.518
godown_Medak,shop_1711016,2.119
godown_Medak,shop_1711017,3.318
godown_Medak,shop_1711018,5.346
godown_Medak,shop_1711019,2.677
godown_Medak,shop_1711020,3.55
godown_Medak,shop_1711024,6.197
godown_Medak,shop_1711040,4.222
godown_Medak,shop_1712001,13.215
godown_Medak,shop_1712002,13.889
godown_Medak,shop_1712003,15.26
godown_Medak,shop_1712004,14.78
godown_Medak,shop_1712006,11.253
godown_Medak,shop_1712007,12.717
godown_Medak,shop_1712008,13.21
godown_Medak,shop_1712009,9.828
godown_Medak,shop_1712010,17.756
godown_Medak,shop_1712011,11.722
godown_Medak,shop_1712012,15.568
godown_Medak,shop_1712015,13.388
godown_Medak,shop_1712016,18.006
godown_Medak,shop_1712017,13.298
godown_Medak,shop_1712018,13.051
godown_Medak,shop_1712019,16.925
godown_Medak,shop_1712020,16.287
godown_Medak,shop_1712021,18.237
godown_Medak,shop_1712022,16.846
godown_Medak,shop_1712023,8.43
godown_Medak,shop_1712024,14.675
godown_Medak,shop_1712025,15.396
godown_Medak,shop_1712026,15.438
godown_Medak,shop_1712027,16.939
godown_Medak,shop_1712028,14.351
godown_Medak,shop_1713001,16.631
godown_Medak,shop_1713002,16.542
godown_Medak,shop_1713003,14.527
godown_Medak,shop_1713004,14.597
godown_Medak,shop_1713005,14.927
godown_Medak,shop_1713006,16.115
godown_Medak,shop_1713007,18.364
godown_Medak,shop_1713008,14.565
godown_Medak,shop_1713009,20.554
godown_Medak,shop_1713011,23.781
godown_Medak,shop_1713016,19.979
godown_Medak,shop_1713020,24.015
godown_Medak,shop_1713021,24.873
godown_Medak,shop_1713022,24.796
godown_Medak,shop_1713025,25.44
godown_Medak,shop_1713027,20.319
godown_Medak,shop_1713030,21.93
godown_Medak,shop_1713031,24.315
godown_Medak,shop_1713032,20.596
godown_Medak,shop_1713037,20.036
godown_Medak,shop_1713038,20.162
godown_Medak,shop_1713039,19.594
godown_Medak,shop_1713040,20.161
godown_Medak,shop_1713041,20.031
godown_Medak,shop_1713042,19.97
godown_Medak,shop_1723003,22.093
godown_Medak,shop_1723004,23.215
godown_Medak,shop_1723005,25.804
godown_Medak,shop_1723006,23.946
godown_Medak,shop_1723007,22.866
godown_Medak,shop_1723008,24.121
godown_Medak,shop_1723009,26.761
godown_Medak,shop_1723010,29.209
godown_Medak,shop_1723013,27.493
godown_Medak,shop_1723014,28.408
godown_Medak,shop_1723017,22.061
godown_Medak,shop_1723018,32.353
godown_Medak,shop_1723019,27.273
godown_Medak,shop_1723020,27.941
godown_Medak,shop_1723021,22.388
godown_Medak,shop_1723024,29.16
godown_Medak,shop_1723025,27.319
godown_Medak,shop_1723028,28.374
godown_Medak,shop_1723029,31.005
godown_Medak,shop_1723030,25.828
godown_Medak,shop_1723031,32.433
godown_Medak,shop_1723032,19.494
godown_Medak,shop_1723033,27.095
godown_Medak,shop_1723034,21.511
godown_Medak,shop_1723035,21.715
godown_Medak,shop_1723037,27.277
godown_Medak,shop_1723043,29.277
godown_Medak,shop_1723044,22.542
godown_Medak,shop_1723045,25.384
godown_Medak,shop_1723048,22.045
godown_Medak,shop_1723049,22.042
godown_Medak,shop_1724001,9.091
godown_Medak,shop_1724002,12.721
godown_Medak,shop_1724003,15.357
godown_Medak,shop_1724006,22.117
godown_Medak,shop_1724007,20.766
godown_Medak,shop_1724009,18.036
godown_Medak,shop_1724010,18.267
godown_Medak,shop_1724011,16.559
godown_Medak,shop_1724012,14.288
godown_Medak,shop_1724013,18.387
godown_Medak,shop_1724014,18.182
godown_Medak,shop_1724015,15.829
godown_Medak,shop_1724016,18.61
godown_Medak,shop_1724017,14.128
godown_Medak,shop_1724018,11.49
godown_Medak,shop_1724019,11.669
godown_Medak,shop_1724020,11.22
godown_Medak,shop_1724021,14.402
godown_Medak,shop_1724022,18.309
godown_Medak,shop_1724024,20.567
godown_Medak,shop_1724027,15.827
godown_Medak,shop_1724028,16.459
godown_Medak,shop_1724030,16.576
godown_Medak,shop_1724031,23.413
godown_Medak,shop_1724032,14.117
godown_Medak,shop_1725001,14.751
godown_Medak,shop_1725002,15.292
godown_Medak,shop_1725003,16.55
godown_Medak,shop_1725011,19.097
godown_Medak,shop_1725012,18.887
godown_Medak,shop_1725013,22.71
godown_Medak,shop_1725014,22.867
godown_Medak,shop_1725015,20.803
godown_Medak,shop_1725016,19.853
godown_Medak,shop_1725017,17.983
godown_Medak,shop_1725018,13.638
godown_Medak,shop_1725019,12.883
godown_Medak,shop_1725020,25.478
godown_Medak,shop_1725021,23.867
godown_Medak,shop_1725022,22.054
godown_Medak,shop_1725023,22.435
godown_Medak,shop_1725029,16.035
godown_Medak,shop_1725030,16.044
godown_Medak,shop_1725031,15.663
godown_Medak,shop_1725033,21.965
godown_Medak,shop_1725034,21.773
godown_Medak,shop_1725036,16.044
godown_Medak,shop_1725037,25.53
godown_Medak,shop_1725038,18.906
godown_Medak,shop_1741001,35.808
godown_Medak,shop_1741002,33.693
godown_Medak,shop_1741003,32.445
godown_Medak,shop_1741004,32.547
godown_Medak,shop_1741005,31.69
godown_Medak,shop_1741006,29.399
godown_Medak,shop_1741007,29.269
godown_Medak,shop_1741008,29.713
godown_Medak,shop_1741009,39.094
godown_Medak,shop_1741010,37.86
godown_Medak,shop_1741011,32.756
godown_Medak,shop_1741012,32.852
godown_Medak,shop_1741013,32.951
godown_Medak,shop_1741014,32.797
godown_Medak,shop_1741015,28.066
godown_Medak,shop_1741016,28.652
godown_Medak,shop_1741017,24.433
godown_Medak,shop_1741018,27.751
godown_Medak,shop_1741019,32.31
godown_Medak,shop_1741020,23.984
godown_Medak,shop_1741021,28.043
godown_Medak,shop_1741022,32.302
godown_Medak,shop_1741023,29.814
godown_Medak,shop_1741024,29.981
godown_Medak,shop_1741025,28.114
godown_Medak,shop_1741026,26.511
godown_Medak,shop_1741027,23.835
godown_Medak,shop_1741028,25.384
godown_Medak,shop_1741029,33.001
godown_Medak,shop_1741030,33.006
godown_Medak,shop_1741031,33.247
godown_Medak,shop_1741032,32.765
godown_Medak,shop_1741033,36.035
godown_Medak,shop_1741034,36.853
godown_Medak,shop_1741035,34.725
godown_Medak,shop_1742001,24.371
godown_Medak,shop_1742002,25.677
godown_Medak,shop_1742003,24.523
godown_Medak,shop_1742004,32.464
godown_Medak,shop_1742005,29.681
godown_Medak,shop_1742006,31.615
godown_Medak,shop_1742007,30.62
godown_Medak,shop_1742008,27.228
godown_Medak,shop_1742009,24.41
godown_Medak,shop_1742010,24.421
godown_Medak,shop_1742011,31.717
godown_Medak,shop_1742012,30.13
godown_Medak,shop_1742014,28.99
godown_Medak,shop_1742015,29.307
godown_Medak,shop_1742016,33.454
godown_Medak,shop_1742017,32.557
godown_Medak,shop_1742018,25.678
godown_Medak,shop_1742019,26.899
godown_Medak,shop_1742021,36.595
godown_Medak,shop_1742022,33.705
godown_Medak,shop_1742024,37.228
godown_Medak,shop_1742029,28.443
godown_Medak,shop_1742030,30.052
godown_Medak,shop_1742031,29.356
godown_Medak,shop_1742032,30.542
godown_Medak,shop_1742033,34.731
godown_Medak,shop_1742034,34.936
godown_Medak,shop_1742035,36.201
godown_Medak,shop_1742036,24.854
godown_Medak,shop_1742037,29.438
godown_Medak,shop_1742038,29.061
godown_Medak,shop_1742039,33.98
godown_Medak,shop_1742040,24.806
godown_Medak,shop_1743001,28.538
godown_Medak,shop_1743002,28.826
godown_Medak,shop_1743003,29.37
godown_Medak,shop_1743004,26.915
godown_Medak,shop_1743005,27.407
godown_Medak,shop_1743006,28.793
godown_Medak,shop_1743007,30.297
godown_Medak,shop_1743008,30.423
godown_Medak,shop_1743009,31.904
godown_Medak,shop_1743010,30.901
godown_Medak,shop_1743011,30.582
godown_Medak,shop_1743012,30.949
godown_Medak,shop_1743013,29.615
godown_Medak,shop_1743014,30.786
godown_Medak,shop_1743015,31.978
godown_Medak,shop_1743017,34.985
godown_Medak,shop_1743023,35.196
godown_Medak,shop_1743024,34.17
godown_Medak,shop_1743025,34.008
godown_Medak,shop_1743026,33.21
godown_Medak,shop_1743027,35.076
godown_Medak,shop_1743028,35.555
godown_Medak,shop_1743030,34.028
godown_Medak,shop_1743039,35.874
godown_Medak,shop_1743040,35.019
godown_Medak,shop_1747001,26.31
godown_Medak,shop_1747002,30.015
godown_Medak,shop_1747003,28.138
godown_Medak,shop_1747004,28.728
godown_Medak,shop_1747005,23.165
godown_Medak,shop_1747006,23.106
godown_Medak,shop_1747007,25.17
godown_Medak,shop_1747008,18.96
godown_Medak,shop_1747009,25.106
godown_Medak,shop_1747010,24.988
godown_Medak,shop_1747011,25.736
godown_Medak,shop_1784001,0.534
godown_Medak,shop_1784002,0.523
godown_Medak,shop_1784003,1.668
godown_Medak,shop_1784004,1.73
godown_Medak,shop_1784005,3.585
godown_Medak,shop_1784006,1.736
godown_Medak,shop_1784007,1.145
godown_Medak,shop_1784008,1.087
godown_Medak,shop_1784009,1.707
godown_Medak,shop_1784010,1.138
godown_Medak,shop_1784011,1.48
godown_Medak,shop_1784012,1.45
godown_Medak,shop_1784013,1.486
godown_Medak,shop_1784014,2.315
godown_Medak,shop_1784015,3.428
godown_Medak,shop_1784016,1.998
godown_Medak,shop_1784017,1.674
godown_Medak,shop_1784018,0.21
godown_Medak,shop_1784019,1.814
godown_Medak,shop_1784020,1.423
godown_Medak,shop_1788002,6.018
godown_Medak,shop_1788003,10.047
godown_Medak,shop_1788004,8.57
godown_Medak,shop_1788005,12.956
godown_Medak,shop_1788006,12.91
godown_Medak,shop_1788007,9.999
godown_Medak,shop_1788008,8.818
godown_Medak,shop_1788009,11.708
godown_Medak,shop_1788010,5.912
godown_Medak,shop_1788011,5.679
godown_Medak,shop_1788012,10.778
godown_Medak,shop_1788013,17.968
godown_Medak,shop_1788014,5.838
godown_Medak,shop_1788015,8.67
godown_Medak,shop_1788016,4.713
godown_Medak,shop_1788017,7.577
godown_Medak,shop_1788018,10.021
godown_Medak,shop_1788019,15.41
godown_Medak,shop_1788020,10.989
godown_Medak,shop_1788021,11.087
godown_Medak,shop_1788022,9.957
godown_Medak,shop_1788023,9.362
godown_Medak,shop_1788024,5.034
godown_Medak,shop_1788025,14.309
godown_Medak,shop_1789002,15.661
godown_Medak,shop_1789003,17.816
godown_Medak,shop_1789004,15.565
godown_Medak,shop_1789005,20.598
godown_Medak,shop_1789006,22.207
godown_Medak,shop_1789007,17.947
godown_Medak,shop_1789008,16.987
godown_Medak,shop_1789009,20.467
godown_Medak,shop_1789010,19.399
godown_Medak,shop_1789011,16.931
godown_Medak,shop_1789012,16.688
godown_Medak,shop_1789013,16.77
godown_Medak,shop_1789014,17.123
godown_Medak,shop_1790002,24.141
godown_Medak,shop_1790003,22.955
godown_Medak,shop_1790004,22.594
godown_Medak,shop_1790005,22.163
godown_Medak,shop_1790006,26.004
godown_Medak,shop_1790007,27.469
godown_Medak,shop_1790008,28.613
godown_Medak,shop_1790009,21.599
godown_Medak,shop_1790010,24.725
godown_Medak,shop_1790011,23.686
godown_Medak,shop_1790012,25.948
godown_Medak,shop_1790013,28.12
godown_Medak,shop_1790014,24.163
godown_Medak,shop_1790015,23.509
godown_Medak,shop_1791002,32.464
godown_Medak,shop_1791003,33.737
godown_Medak,shop_1791004,35.69
godown_Medak,shop_1791005,36.916
godown_Medak,shop_1791006,38.632
godown_Medak,shop_1791007,39.47
godown_Medak,shop_1791008,36.524
godown_Medak,shop_1791009,36.587
godown_Medak,shop_1791010,38.725
godown_Medak,shop_1791011,40.059
godown_Medak,shop_1791012,42.199
godown_Medak,shop_1791013,42.214
godown_Medak,shop_1791014,40.886
godown_Medak,shop_1791015,40.079
godown_Medak,shop_1791016,42.624
godown_Medak,shop_1791017,32.585
godown_Medak,shop_1791018,35.326
godown_Medak,shop_1792002,29.135
godown_Medak,shop_1792003,29.526
godown_Medak,shop_1792004,28.944
godown_Medak,shop_1792005,27.892
godown_Medak,shop_1792006,26.934
godown_Medak,shop_1792007,31.516
godown_Medak,shop_1792008,31.922
godown_Medak,shop_1792009,28.38
godown_Medak,shop_1792010,28.467
godown_Medak,shop_1792011,33.341
godown_Medak,shop_1792012,35.819
godown_Medak,shop_1792013,33.313
godown_Medak,shop_1792014,30.641
godown_Medak,shop_1792015,32.246
godown_Medak,shop_1792016,29.924
godown_Medak,shop_1792017,29.983
godown_Medak,shop_1792018,30.013
godown_Medak,shop_1792019,30.642
godown_Hyderabad,shop_1671101,3.702
godown_Hyderabad,shop_1671104,2.48
godown_Hyderabad,shop_1671105,3.579
godown_Hyderabad,shop_1671106,2.404
godown_Hyderabad,shop_1671108,2.168
godown_Hyderabad,shop_1671109,3.735
godown_Hyderabad,shop_1671111,3.591
godown_Hyderabad,shop_1671113,4.279
godown_Hyderabad,shop_1671114,3.848
godown_Hyderabad,shop_1671119,1.22
godown_Hyderabad,shop_1671123,1.668
godown_Hyderabad,shop_1671124,2.234
godown_Hyderabad,shop_1671126,1.5
godown_Hyderabad,shop_1671129,1.67
godown_Hyderabad,shop_1671131,1.341
godown_Hyderabad,shop_1671132,2.063
godown_Hyderabad,shop_1671136,2.953
godown_Hyderabad,shop_1671137,4.005
godown_Hyderabad,shop_1671138,3.428
godown_Hyderabad,shop_1671139,3.534
godown_Hyderabad,shop_1671140,4.592
godown_Hyderabad,shop_1671141,5.608
godown_Hyderabad,shop_1671142,4.91
godown_Hyderabad,shop_1671143,4.616
godown_Hyderabad,shop_1671144,5.207
godown_Hyderabad,shop_1671145,5.023
godown_Hyderabad,shop_1671146,4.999
godown_Hyderabad,shop_1671147,4.695
godown_Hyderabad,shop_1671149,3.462
godown_Hyderabad,shop_1671151,4.695
godown_Hyderabad,shop_1671152,4.573
godown_Hyderabad,shop_1671154,3.837
godown_Hyderabad,shop_1671155,2.942
godown_Hyderabad,shop_1671156,2.948
godown_Hyderabad,shop_1671157,3.202
godown_Hyderabad,shop_1671158,3.079
godown_Hyderabad,shop_1671160,3.276
godown_Hyderabad,shop_1671161,3.474
godown_Hyderabad,shop_1671162,3.401
godown_Hyderabad,shop_1671166,3.254
godown_Hyderabad,shop_1671167,2.78
godown_Hyderabad,shop_1671168,2.755
godown_Hyderabad,shop_1671169,3.247
godown_Hyderabad,shop_1671171,2.604
godown_Hyderabad,shop_1671172,3.638
godown_Hyderabad,shop_1671174,2.619
godown_Hyderabad,shop_1671176,3.249
godown_Hyderabad,shop_1671177,2.619
godown_Hyderabad,shop_1671180,2.235
godown_Hyderabad,shop_1671181,2.394
godown_Hyderabad,shop_1671183,2.613
godown_Hyderabad,shop_1671185,2.581
godown_Hyderabad,shop_1671186,2.453
godown_Hyderabad,shop_1671187,2.617
godown_Hyderabad,shop_1671189,3.546
godown_Hyderabad,shop_1671192,4.696
godown_Hyderabad,shop_1671193,4.481
godown_Hyderabad,shop_1671194,5.175
godown_Hyderabad,shop_1671195,4.046
godown_Hyderabad,shop_1671196,1.658
godown_Hyderabad,shop_1671198,5.339
godown_Hyderabad,shop_1671199,5.299
godown_Hyderabad,shop_1671201,4.704
godown_Hyderabad,shop_1671202,3.849
godown_Hyderabad,shop_1671203,1.343
godown_Hyderabad,shop_1671204,2.106
godown_Hyderabad,shop_1671205,3.815
godown_Hyderabad,shop_1671206,3.994
godown_Hyderabad,shop_1671208,4.322
godown_Hyderabad,shop_1672202,1.56
godown_Hyderabad,shop_1672204,1.197
godown_Hyderabad,shop_1672205,1.103
godown_Hyderabad,shop_1672206,0.931
godown_Hyderabad,shop_1672207,1.13
godown_Hyderabad,shop_1672208,5.103
godown_Hyderabad,shop_1672211,1.653
godown_Hyderabad,shop_1672212,1.645
godown_Hyderabad,shop_1672213,5.035
godown_Hyderabad,shop_1672214,5.189
godown_Hyderabad,shop_1672215,3.459
godown_Hyderabad,shop_1672216,7.988
godown_Hyderabad,shop_1672219,2.789
godown_Hyderabad,shop_1672222,2.734
godown_Hyderabad,shop_1672223,2.725
godown_Hyderabad,shop_1672225,3.344
godown_Hyderabad,shop_1672227,1.568
godown_Hyderabad,shop_1672228,4.102
godown_Hyderabad,shop_1672229,5.387
godown_Hyderabad,shop_1672231,3.579
godown_Hyderabad,shop_1672233,3.801
godown_Hyderabad,shop_1672234,4.837
godown_Hyderabad,shop_1672236,5.124
godown_Hyderabad,shop_1672238,4.23
godown_Hyderabad,shop_1672239,4.614
godown_Hyderabad,shop_1672240,4.043
godown_Hyderabad,shop_1672242,4.003
godown_Hyderabad,shop_1672243,3.572
godown_Hyderabad,shop_1672244,7.002
godown_Hyderabad,shop_1672245,5.164
godown_Hyderabad,shop_1672248,5.976
godown_Hyderabad,shop_1672250,1903.75
godown_Hyderabad,shop_1672251,5.806
godown_Hyderabad,shop_1672252,4.586
godown_Hyderabad,shop_1672253,5.098
godown_Hyderabad,shop_1672254,4.937
godown_Hyderabad,shop_1672255,4.616
godown_Hyderabad,shop_1672256,3.58
godown_Hyderabad,shop_1672259,4.486
godown_Hyderabad,shop_1672260,5.282
godown_Hyderabad,shop_1672261,4.48
godown_Hyderabad,shop_1672262,3.288
godown_Hyderabad,shop_1672266,5.605
godown_Hyderabad,shop_1672267,4.688
godown_Hyderabad,shop_1672268,4.515
godown_Hyderabad,shop_1672269,5.209
godown_Hyderabad,shop_1672270,5.119
godown_Hyderabad,shop_1672271,4.06
godown_Hyderabad,shop_1672272,4.71
godown_Hyderabad,shop_1672273,4.752
godown_Hyderabad,shop_1672275,5.311
godown_Hyderabad,shop_1672276,6.621
godown_Hyderabad,shop_1672277,6.234
godown_Hyderabad,shop_1672278,6.795
godown_Hyderabad,shop_1672279,7.423
godown_Hyderabad,shop_1672280,7.421
godown_Hyderabad,shop_1672282,7.574
godown_Hyderabad,shop_1672283,5.371
godown_Hyderabad,shop_1672284,7.03
godown_Hyderabad,shop_1672285,4.313
godown_Hyderabad,shop_1672288,6.791
godown_Hyderabad,shop_1672289,3.617
godown_Hyderabad,shop_1672292,5.392
godown_Hyderabad,shop_1672294,3.653
godown_Hyderabad,shop_1672295,4.644
godown_Hyderabad,shop_1672296,3.276
godown_Hyderabad,shop_1672297,3.388
godown_Hyderabad,shop_1672298,4.547
godown_Hyderabad,shop_1672299,3.139
godown_Hyderabad,shop_1672300,5.19
godown_Hyderabad,shop_1672301,4.754
godown_Hyderabad,shop_1672302,5.261
godown_Hyderabad,shop_1672303,3.735
godown_Hyderabad,shop_1672304,5.213
godown_Hyderabad,shop_1672305,5.319
godown_Hyderabad,shop_1672306,7.211
godown_Hyderabad,shop_1672307,8.055
godown_Hyderabad,shop_1672308,6.102
godown_Hyderabad,shop_1672315,6.106
godown_Hyderabad,shop_1672316,4.851
godown_Hyderabad,shop_1672317,7.988
godown_Hyderabad,shop_1672318,8.02
godown_Hyderabad,shop_1672319,7.011
godown_Hyderabad,shop_1673301,6.106
godown_Hyderabad,shop_1673302,4.816
godown_Hyderabad,shop_1673303,5.241
godown_Hyderabad,shop_1673304,4.896
godown_Hyderabad,shop_1673305,3.78
godown_Hyderabad,shop_1673306,5.289
godown_Hyderabad,shop_1673307,4.356
godown_Hyderabad,shop_1673308,4.244
godown_Hyderabad,shop_1673309,4.523
godown_Hyderabad,shop_1673310,4.774
godown_Hyderabad,shop_1673311,4.958
godown_Hyderabad,shop_1673312,4.339
godown_Hyderabad,shop_1673313,4.207
godown_Hyderabad,shop_1673314,4.301
godown_Hyderabad,shop_1673315,3.946
godown_Hyderabad,shop_1673316,4.538
godown_Hyderabad,shop_1673317,4.357
godown_Hyderabad,shop_1673318,4.191
godown_Hyderabad,shop_1673319,3.819
godown_Hyderabad,shop_1673320,3.672
godown_Hyderabad,shop_1673321,3.706
godown_Hyderabad,shop_1673323,3.366
godown_Hyderabad,shop_1673324,3.174
godown_Hyderabad,shop_1673325,3.405
godown_Hyderabad,shop_1673327,3.353
godown_Hyderabad,shop_1673329,5.519
godown_Hyderabad,shop_1673332,2.612
godown_Hyderabad,shop_1673333,5.101
godown_Hyderabad,shop_1673334,5.716
godown_Hyderabad,shop_1673339,3.475
godown_Hyderabad,shop_1673340,4.974
godown_Hyderabad,shop_1673341,5.324
godown_Hyderabad,shop_1673342,3.163
godown_Hyderabad,shop_1673345,3.186
godown_Hyderabad,shop_1673346,3.31
godown_Hyderabad,shop_1673347,3.306
godown_Hyderabad,shop_1673348,3.441
godown_Hyderabad,shop_1673349,3.47
godown_Hyderabad,shop_1673351,3.598
godown_Hyderabad,shop_1673352,3.857
godown_Hyderabad,shop_1673353,3.403
godown_Hyderabad,shop_1673354,3.03
godown_Hyderabad,shop_1673355,3.566
godown_Hyderabad,shop_1673356,3.607
godown_Hyderabad,shop_1673357,3.778
godown_Hyderabad,shop_1673358,4.125
godown_Hyderabad,shop_1673359,4.15
godown_Hyderabad,shop_1673360,3.97
godown_Hyderabad,shop_1673362,3.794
godown_Hyderabad,shop_1673363,3.829
godown_Hyderabad,shop_1673364,5.131
godown_Hyderabad,shop_1673365,3.861
godown_Hyderabad,shop_1673366,3.901
godown_Hyderabad,shop_1673368,4.051
godown_Hyderabad,shop_1673369,4.78
godown_Hyderabad,shop_1673370,5.165
godown_Hyderabad,shop_1673371,5.986
godown_Hyderabad,shop_1673372,5.604
godown_Hyderabad,shop_1673373,5.436
godown_Hyderabad,shop_1673374,4.975
godown_Hyderabad,shop_1673375,5.19
godown_Hyderabad,shop_1673376,5.17
godown_Hyderabad,shop_1673377,5.684
godown_Hyderabad,shop_1673378,5.287
godown_Hyderabad,shop_1673379,4.594
godown_Hyderabad,shop_1673380,4.966
godown_Hyderabad,shop_1673381,4.223
godown_Hyderabad,shop_1673382,4.06
godown_Hyderabad,shop_1673383,4.079
godown_Hyderabad,shop_1673384,4.058
godown_Hyderabad,shop_1673385,4.218
godown_Hyderabad,shop_1673386,5.254
godown_Hyderabad,shop_1673388,6.578
godown_Hyderabad,shop_1673389,5.594
godown_Hyderabad,shop_1673390,5.751
godown_Hyderabad,shop_1673391,6.822
godown_Hyderabad,shop_1673392,5.315
godown_Hyderabad,shop_1673393,6.442
godown_Hyderabad,shop_1673394,6.441
godown_Hyderabad,shop_1673395,5.498
godown_Hyderabad,shop_1673396,6.815
godown_Hyderabad,shop_1673397,3.761
godown_Hyderabad,shop_1673398,4.579
godown_Hyderabad,shop_1673399,5.894
godown_Hyderabad,shop_1673400,4.637
godown_Hyderabad,shop_1673401,3.444
godown_Hyderabad,shop_1673402,5.268
godown_Hyderabad,shop_1673403,5.106
godown_Hyderabad,shop_1673405,5.962
godown_Hyderabad,shop_1673406,7.081
godown_Hyderabad,shop_1673407,6.806
godown_Hyderabad,shop_1673408,6.977
godown_Hyderabad,shop_1673430,6.707
godown_Hyderabad,shop_1673431,5.755
godown_Hyderabad,shop_1673432,7.082
godown_Hyderabad,shop_1673433,6.974
godown_Hyderabad,shop_1674403,1.582
godown_Hyderabad,shop_1674405,0.85
godown_Hyderabad,shop_1674407,0.866
godown_Hyderabad,shop_1674409,0.669
godown_Hyderabad,shop_1674411,0.627
godown_Hyderabad,shop_1674412,0.754
godown_Hyderabad,shop_1674419,0.651
godown_Hyderabad,shop_1674421,1.356
godown_Hyderabad,shop_1674423,0.904
godown_Hyderabad,shop_1674424,1.897
godown_Hyderabad,shop_1674426,1.485
godown_Hyderabad,shop_1674431,0.851
godown_Hyderabad,shop_1674434,0.42
godown_Hyderabad,shop_1674435,0.501
godown_Hyderabad,shop_1674436,0.399
godown_Hyderabad,shop_1674439,0.429
godown_Hyderabad,shop_1674440,1.204
godown_Hyderabad,shop_1674443,1
godown_Hyderabad,shop_1674444,1.204
godown_Hyderabad,shop_1674446,2.123
godown_Hyderabad,shop_1674447,2.124
godown_Hyderabad,shop_1674449,1.416
godown_Hyderabad,shop_1674450,1.387
godown_Hyderabad,shop_1674452,2.066
godown_Hyderabad,shop_1674456,2.315
godown_Hyderabad,shop_1674464,2.108
godown_Hyderabad,shop_1674466,2.126
godown_Hyderabad,shop_1674467,2.862
godown_Hyderabad,shop_1674468,2.66
godown_Hyderabad,shop_1674469,2.661
godown_Hyderabad,shop_1674470,2.664
godown_Hyderabad,shop_1674471,2.753
godown_Hyderabad,shop_1674472,3.301
godown_Hyderabad,shop_1674473,2.695
godown_Hyderabad,shop_1674474,2.821
godown_Hyderabad,shop_1674475,2.735
godown_Hyderabad,shop_1674476,2.994
godown_Hyderabad,shop_1674477,2.982
godown_Hyderabad,shop_1674478,2.862
godown_Hyderabad,shop_1674479,2.792
godown_Hyderabad,shop_1674480,2.815
godown_Hyderabad,shop_1674481,2.014
godown_Hyderabad,shop_1674486,1.151
godown_Hyderabad,shop_1674489,2.192
godown_Hyderabad,shop_1674490,2.188
godown_Hyderabad,shop_1674492,2.128
godown_Hyderabad,shop_1674494,1.006
godown_Hyderabad,shop_1674495,1.672
godown_Hyderabad,shop_1674496,1.362
godown_Hyderabad,shop_1674497,1.975
godown_Hyderabad,shop_1674498,2.726
godown_Hyderabad,shop_1674499,2.348
godown_Hyderabad,shop_1674500,2.391
godown_Hyderabad,shop_1675501,2.95
godown_Hyderabad,shop_1675503,2.347
godown_Hyderabad,shop_1675505,2.595
godown_Hyderabad,shop_1675506,9.411
godown_Hyderabad,shop_1675507,8.595
godown_Hyderabad,shop_1675508,7.022
godown_Hyderabad,shop_1675509,7.204
godown_Hyderabad,shop_1675510,7.327
godown_Hyderabad,shop_1675511,7.178
godown_Hyderabad,shop_1675512,7.473
godown_Hyderabad,shop_1675513,6.76
godown_Hyderabad,shop_1675514,8.21
godown_Hyderabad,shop_1675515,9.768
godown_Hyderabad,shop_1675517,7.994
godown_Hyderabad,shop_1675518,7.59
godown_Hyderabad,shop_1675519,4.516
godown_Hyderabad,shop_1675521,6.674
godown_Hyderabad,shop_1675522,7.998
godown_Hyderabad,shop_1675526,3.442
godown_Hyderabad,shop_1675527,9.781
godown_Hyderabad,shop_1675528,4.061
godown_Hyderabad,shop_1675529,3.46
godown_Hyderabad,shop_1675530,4.46
godown_Hyderabad,shop_1675531,3.883
godown_Hyderabad,shop_1675533,6.025
godown_Hyderabad,shop_1675534,5.461
godown_Hyderabad,shop_1675536,2.855
godown_Hyderabad,shop_1675537,2.634
godown_Hyderabad,shop_1675538,2.685
godown_Hyderabad,shop_1675539,2.629
godown_Hyderabad,shop_1675543,3.939
godown_Hyderabad,shop_1675548,3.339
godown_Hyderabad,shop_1675549,3.4
godown_Hyderabad,shop_1675550,2.525
godown_Hyderabad,shop_1675552,3.529
godown_Hyderabad,shop_1675553,3.441
godown_Hyderabad,shop_1675556,3.215
godown_Hyderabad,shop_1675557,3.262
godown_Hyderabad,shop_1675558,3.622
godown_Hyderabad,shop_1675560,4.169
godown_Hyderabad,shop_1675561,3.799
godown_Hyderabad,shop_1675562,3.994
godown_Hyderabad,shop_1675563,3.954
godown_Hyderabad,shop_1675564,4.123
godown_Hyderabad,shop_1675565,4.123
godown_Hyderabad,shop_1675566,5.341
godown_Hyderabad,shop_1675567,4.558
godown_Hyderabad,shop_1675568,5.001
godown_Hyderabad,shop_1675569,4.961
godown_Hyderabad,shop_1675571,5.264
godown_Hyderabad,shop_1675572,5.34
godown_Hyderabad,shop_1675573,3.669
godown_Hyderabad,shop_1675575,3.122
godown_Hyderabad,shop_1675576,3.392
godown_Hyderabad,shop_1675577,3.272
godown_Hyderabad,shop_1675578,2.915
godown_Hyderabad,shop_1675579,3.177
godown_Hyderabad,shop_1675580,4.182
godown_Hyderabad,shop_1675581,3.153
godown_Hyderabad,shop_1675583,5.249
godown_Hyderabad,shop_1675584,4.507
godown_Hyderabad,shop_1675587,5.68
godown_Hyderabad,shop_1675588,9.185
godown_Hyderabad,shop_1675589,7.578
godown_Hyderabad,shop_1675592,7.392
godown_Hyderabad,shop_1675593,8.5
godown_Hyderabad,shop_1675594,7.4
godown_Hyderabad,shop_1675595,9.274
godown_Hyderabad,shop_1675596,3.092
godown_Hyderabad,shop_1675597,2.798
godown_Hyderabad,shop_1675598,3.403
godown_Hyderabad,shop_1675599,5.313
godown_Hyderabad,shop_1675602,3.855
godown_Hyderabad,shop_1675603,8.186
godown_Hyderabad,shop_1675605,4.118
godown_Hyderabad,shop_1675607,3.663
godown_Hyderabad,shop_1675608,6.76
godown_Hyderabad,shop_1675609,3.039
godown_Hyderabad,shop_1675611,2.973
godown_Hyderabad,shop_1675612,9.323
godown_Hyderabad,shop_1675614,9.777
godown_Hyderabad,shop_1675616,5.464
godown_Hyderabad,shop_1676602,1.909
godown_Hyderabad,shop_1676609,2.572
godown_Hyderabad,shop_1676610,2.727
godown_Hyderabad,shop_1676611,2.308
godown_Hyderabad,shop_1676613,2.557
godown_Hyderabad,shop_1676616,3.525
godown_Hyderabad,shop_1676617,2.499
godown_Hyderabad,shop_1676618,2.447
godown_Hyderabad,shop_1676619,3.657
godown_Hyderabad,shop_1676623,2.087
godown_Hyderabad,shop_1676624,3.193
godown_Hyderabad,shop_1676627,3.198
godown_Hyderabad,shop_1676632,3.716
godown_Hyderabad,shop_1676633,3.451
godown_Hyderabad,shop_1676634,3.358
godown_Hyderabad,shop_1676635,3.607
godown_Hyderabad,shop_1676636,3.657
godown_Hyderabad,shop_1676637,3.362
godown_Hyderabad,shop_1676638,3.734
godown_Hyderabad,shop_1676641,3.359
godown_Hyderabad,shop_1676642,3.834
godown_Hyderabad,shop_1676644,3.298
godown_Hyderabad,shop_1676645,4.013
godown_Hyderabad,shop_1676646,3.746
godown_Hyderabad,shop_1676647,4.109
godown_Hyderabad,shop_1676648,4.097
godown_Hyderabad,shop_1676650,3.399
godown_Hyderabad,shop_1676651,3.275
godown_Hyderabad,shop_1676656,2.211
godown_Hyderabad,shop_1676657,2.222
godown_Hyderabad,shop_1676658,2.016
godown_Hyderabad,shop_1676660,2.314
godown_Hyderabad,shop_1676662,4.251
godown_Hyderabad,shop_1676665,2.633
godown_Hyderabad,shop_1676668,2.225
godown_Hyderabad,shop_1676670,3.669
godown_Hyderabad,shop_1676671,2.384
godown_Hyderabad,shop_1676672,2.639
godown_Hyderabad,shop_1676673,2.317
godown_Hyderabad,shop_1676674,2.421
godown_Hyderabad,shop_1676675,2.242
godown_Hyderabad,shop_1676676,3.583
godown_Hyderabad,shop_1676677,2.864
godown_Hyderabad,shop_1676678,4.272
godown_Hyderabad,shop_1676679,3.283
godown_Hyderabad,shop_1676680,3.495
godown_Hyderabad,shop_1676681,3.272
godown_Hyderabad,shop_1676682,3.199
godown_Hyderabad,shop_1676683,3.637
godown_Hyderabad,shop_1676684,3.606
godown_Hyderabad,shop_1676685,3.735
godown_Hyderabad,shop_1676687,3.894
godown_Hyderabad,shop_1676688,3.489
godown_Hyderabad,shop_1676689,2.998
godown_Hyderabad,shop_1676691,4.724
godown_Hyderabad,shop_1676692,2.581
godown_Hyderabad,shop_1676694,4.179
godown_Hyderabad,shop_1676695,4.276
godown_Hyderabad,shop_1676697,3.005
godown_Hyderabad,shop_1676698,4.297
godown_Hyderabad,shop_1676699,2.233
godown_Hyderabad,shop_1676703,3.802
godown_Hyderabad,shop_1676704,4.254
godown_Hyderabad,shop_1676705,3.933
godown_Hyderabad,shop_1676706,2.586
godown_Hyderabad,shop_1676707,2.319
godown_Hyderabad,shop_1676708,2.442
godown_Hyderabad,shop_1676709,4.157
godown_Hyderabad,shop_1676710,3.493
godown_Hyderabad,shop_1677702,4.04
godown_Hyderabad,shop_1677703,3.965
godown_Hyderabad,shop_1677704,5.75
godown_Hyderabad,shop_1677706,3.709
godown_Hyderabad,shop_1677707,3.946
godown_Hyderabad,shop_1677708,4.292
godown_Hyderabad,shop_1677709,9.224
godown_Hyderabad,shop_1677715,4.353
godown_Hyderabad,shop_1677716,9.618
godown_Hyderabad,shop_1677718,10.908
godown_Hyderabad,shop_1677719,6.352
godown_Hyderabad,shop_1677720,8.207
godown_Hyderabad,shop_1677724,4.57
godown_Hyderabad,shop_1677725,11.123
godown_Hyderabad,shop_1677728,8.168
godown_Hyderabad,shop_1677730,11.213
godown_Hyderabad,shop_1677731,8.497
godown_Hyderabad,shop_1677732,7.908
godown_Hyderabad,shop_1677734,7.49
godown_Hyderabad,shop_1677735,7.487
godown_Hyderabad,shop_1677740,8.76
godown_Hyderabad,shop_1677742,8.925
godown_Hyderabad,shop_1677744,8.949
godown_Hyderabad,shop_1677746,9.048
godown_Hyderabad,shop_1677747,9.111
godown_Hyderabad,shop_1677748,8.981
godown_Hyderabad,shop_1677750,5.83
godown_Hyderabad,shop_1677752,6.402
godown_Hyderabad,shop_1677753,5.757
godown_Hyderabad,shop_1677754,5.127
godown_Hyderabad,shop_1677755,5.126
godown_Hyderabad,shop_1677756,10.839
godown_Hyderabad,shop_1677757,8.204
godown_Hyderabad,shop_1677759,8.996
godown_Hyderabad,shop_1677761,9.569
godown_Hyderabad,shop_1677762,8.968
godown_Hyderabad,shop_1677764,8.349
godown_Hyderabad,shop_1677766,7.963
godown_Hyderabad,shop_1677768,8.796
godown_Hyderabad,shop_1677769,7.402
godown_Hyderabad,shop_1677770,7.117
godown_Hyderabad,shop_1677772,7.406
godown_Hyderabad,shop_1677773,10.116
godown_Hyderabad,shop_1677775,9.976
godown_Hyderabad,shop_1677776,9.124
godown_Hyderabad,shop_1677777,9.919
godown_Hyderabad,shop_1677778,9.724
godown_Hyderabad,shop_1677780,9.741
godown_Hyderabad,shop_1677781,10.762
godown_Hyderabad,shop_1677783,4.255
godown_Hyderabad,shop_1677788,10.27
godown_Hyderabad,shop_1677789,8.677
godown_Hyderabad,shop_1677791,10.591
godown_Hyderabad,shop_1677792,6.428
godown_Hyderabad,shop_1677796,6.427
godown_Hyderabad,shop_1677797,7.595
godown_Hyderabad,shop_1677800,3.846
godown_Hyderabad,shop_1677801,4.474
godown_Hyderabad,shop_1677803,5.781
godown_Hyderabad,shop_1677804,10.882
godown_Hyderabad,shop_1677805,10.864
godown_Hyderabad,shop_1677806,6.406
godown_Hyderabad,shop_1677807,10.33
godown_Hyderabad,shop_1677808,9.571
godown_Hyderabad,shop_1677810,8.036
godown_Hyderabad,shop_1677811,10.272
godown_Hyderabad,shop_1677813,8.492
godown_Hyderabad,shop_1677814,8.806
godown_Hyderabad,shop_1677815,8.668
godown_Hyderabad,shop_1677817,9.982
godown_Hyderabad,shop_1677818,8.289
godown_Hyderabad,shop_1677819,9.24
godown_Hyderabad,shop_1677821,9.109
godown_Hyderabad,shop_1677822,9.114
godown_Hyderabad,shop_1677823,8.863
godown_Hyderabad,shop_1677824,9.859
godown_Hyderabad,shop_1677825,11.273
godown_Hyderabad,shop_1677826,10.317
godown_Hyderabad,shop_1677827,10.555
godown_Hyderabad,shop_1677828,10.84
godown_Hyderabad,shop_1677829,5.838
godown_Hyderabad,shop_1678801,6.141
godown_Hyderabad,shop_1678805,7.019
godown_Hyderabad,shop_1678806,5.768
godown_Hyderabad,shop_1678807,6.927
godown_Hyderabad,shop_1678808,6.926
godown_Hyderabad,shop_1678809,7.141
godown_Hyderabad,shop_1678810,6.939
godown_Hyderabad,shop_1678811,6.93
godown_Hyderabad,shop_1678812,6.939
godown_Hyderabad,shop_1678813,7.016
godown_Hyderabad,shop_1678815,5.964
godown_Hyderabad,shop_1678821,4.931
godown_Hyderabad,shop_1678824,4.733
godown_Hyderabad,shop_1678825,4.733
godown_Hyderabad,shop_1678826,4.398
godown_Hyderabad,shop_1678828,4.522
godown_Hyderabad,shop_1678830,4.686
godown_Hyderabad,shop_1678831,4.535
godown_Hyderabad,shop_1678833,4.615
godown_Hyderabad,shop_1678834,4.955
godown_Hyderabad,shop_1678836,5.77
godown_Hyderabad,shop_1678838,6.015
godown_Hyderabad,shop_1678840,4.666
godown_Hyderabad,shop_1678844,6.01
godown_Hyderabad,shop_1678846,4.226
godown_Hyderabad,shop_1678847,4.209
godown_Hyderabad,shop_1678848,4.097
godown_Hyderabad,shop_1678850,3.963
godown_Hyderabad,shop_1678851,4.099
godown_Hyderabad,shop_1678853,3.994
godown_Hyderabad,shop_1678854,4.092
godown_Hyderabad,shop_1678855,3.987
godown_Hyderabad,shop_1678857,3.444
godown_Hyderabad,shop_1678858,3.89
godown_Hyderabad,shop_1678859,6.85
godown_Hyderabad,shop_1678861,9.556
godown_Hyderabad,shop_1678863,8.74
godown_Hyderabad,shop_1678864,11.83
godown_Hyderabad,shop_1678867,8.244
godown_Hyderabad,shop_1678868,8.461
godown_Hyderabad,shop_1678869,8.028
godown_Hyderabad,shop_1678870,8.848
godown_Hyderabad,shop_1678872,7.751
godown_Hyderabad,shop_1678873,7.557
godown_Hyderabad,shop_1678874,7.163
godown_Hyderabad,shop_1678876,9.909
godown_Hyderabad,shop_1678878,10.877
godown_Hyderabad,shop_1678880,12.314
godown_Hyderabad,shop_1678882,15.321
godown_Hyderabad,shop_1678883,14.886
godown_Hyderabad,shop_1678884,16.053
godown_Hyderabad,shop_1678885,15.753
godown_Hyderabad,shop_1678886,8.534
godown_Hyderabad,shop_1678887,5.085
godown_Hyderabad,shop_1678888,7.882
godown_Hyderabad,shop_1678890,4.001
godown_Hyderabad,shop_1678892,7.759
godown_Hyderabad,shop_1678895,7.151
godown_Hyderabad,shop_1678896,8.991
godown_Hyderabad,shop_1678898,10.636
godown_Hyderabad,shop_1678899,6.849
godown_Hyderabad,shop_1678900,6.067
godown_Hyderabad,shop_1678901,6.175
godown_Hyderabad,shop_1678902,6.851
godown_Hyderabad,shop_1678905,6.512
godown_Hyderabad,shop_1678908,7.24
godown_Hyderabad,shop_1678911,3.445
godown_Hyderabad,shop_1679001,8.429
godown_Hyderabad,shop_1679901,6.295
godown_Hyderabad,shop_1679903,6.021
godown_Hyderabad,shop_1679905,4.543
godown_Hyderabad,shop_1679908,5.232
godown_Hyderabad,shop_1679909,4.062
godown_Hyderabad,shop_1679911,4.3
godown_Hyderabad,shop_1679912,4.21
godown_Hyderabad,shop_1679913,4.237
godown_Hyderabad,shop_1679914,4.029
godown_Hyderabad,shop_1679915,4.217
godown_Hyderabad,shop_1679917,4.557
godown_Hyderabad,shop_1679919,5.641
godown_Hyderabad,shop_1679920,5.116
godown_Hyderabad,shop_1679923,5.668
godown_Hyderabad,shop_1679924,5.611
godown_Hyderabad,shop_1679928,5.833
godown_Hyderabad,shop_1679929,5.635
godown_Hyderabad,shop_1679935,5.419
godown_Hyderabad,shop_1679936,5.236
godown_Hyderabad,shop_1679937,5.194
godown_Hyderabad,shop_1679938,5.056
godown_Hyderabad,shop_1679939,4.887
godown_Hyderabad,shop_1679941,5.032
godown_Hyderabad,shop_1679942,4.888
godown_Hyderabad,shop_1679945,4.553
godown_Hyderabad,shop_1679947,5.564
godown_Hyderabad,shop_1679948,5.59
godown_Hyderabad,shop_1679951,8.205
godown_Hyderabad,shop_1679952,7.709
godown_Hyderabad,shop_1679956,8.428
godown_Hyderabad,shop_1679958,7.697
godown_Hyderabad,shop_1679962,7.678
godown_Hyderabad,shop_1679963,7.767
godown_Hyderabad,shop_1679966,6.597
godown_Hyderabad,shop_1679968,6.427
godown_Hyderabad,shop_1679969,6.367
godown_Hyderabad,shop_1679973,7.213
godown_Hyderabad,shop_1679977,7.591
godown_Hyderabad,shop_1679978,7.385
godown_Hyderabad,shop_1679980,7.278
godown_Hyderabad,shop_1679981,7.379
godown_Hyderabad,shop_1679983,5.751
godown_Hyderabad,shop_1679986,7.398
godown_Hyderabad,shop_1679987,7.674
godown_Hyderabad,shop_1679988,4.446
godown_Hyderabad,shop_1679989,6.983
godown_Hyderabad,shop_1679991,4.54
godown_Hyderabad,shop_1679992,5.121
godown_Hyderabad,shop_1679993,4.972
godown_Hyderabad,shop_1679996,7.375
godown_Hyderabad,shop_1679997,7.396
godown_Hyderabad,shop_1679998,6.998
godown_Nalgonda,shop_2312001,31.031
godown_Nalgonda,shop_2312002,29.893
godown_Nalgonda,shop_2312003,32.163
godown_Nalgonda,shop_2312004,33.097
godown_Nalgonda,shop_2312005,33.976
godown_Nalgonda,shop_2312006,33.863
godown_Nalgonda,shop_2312007,35.382
godown_Nalgonda,shop_2312008,37.215
godown_Nalgonda,shop_2312009,37.08
godown_Nalgonda,shop_2312010,33.249
godown_Nalgonda,shop_2312011,36.581
godown_Nalgonda,shop_2312012,33.57
godown_Nalgonda,shop_2312013,32.869
godown_Nalgonda,shop_2312014,32.908
godown_Nalgonda,shop_2312015,30.927
godown_Nalgonda,shop_2312016,30.922
godown_Nalgonda,shop_2312017,31.793
godown_Nalgonda,shop_2312018,29.582
godown_Nalgonda,shop_2312019,26.727
godown_Nalgonda,shop_2312020,26.775
godown_Nalgonda,shop_2312021,26.701
godown_Nalgonda,shop_2312022,27.943
godown_Nalgonda,shop_2312023,27.399
godown_Nalgonda,shop_2312024,27.735
godown_Nalgonda,shop_2312025,25.243
godown_Nalgonda,shop_2312026,25.189
godown_Nalgonda,shop_2312027,32.785
godown_Nalgonda,shop_2312028,34.105
godown_Nalgonda,shop_2321001,25.285
godown_Nalgonda,shop_2321002,25.058
godown_Nalgonda,shop_2321003,24.662
godown_Nalgonda,shop_2321004,24.663
godown_Nalgonda,shop_2321005,27.389
godown_Nalgonda,shop_2321006,24.716
godown_Nalgonda,shop_2321007,22.661
godown_Nalgonda,shop_2321008,21.327
godown_Nalgonda,shop_2321009,21.326
godown_Nalgonda,shop_2321010,21.516
godown_Nalgonda,shop_2321011,25.339
godown_Nalgonda,shop_2321012,24.231
godown_Nalgonda,shop_2321013,23.298
godown_Nalgonda,shop_2321014,27.85
godown_Nalgonda,shop_2321015,29.465
godown_Nalgonda,shop_2321016,29.112
godown_Nalgonda,shop_2321017,27.823
godown_Nalgonda,shop_2321018,33.567
godown_Nalgonda,shop_2321019,33.382
godown_Nalgonda,shop_2321020,32.455
godown_Nalgonda,shop_2321021,31.141
godown_Nalgonda,shop_2321022,30.346
godown_Nalgonda,shop_2321023,33.947
godown_Nalgonda,shop_2321024,36.207
godown_Nalgonda,shop_2321025,36.325
godown_Nalgonda,shop_2321026,37.857
godown_Nalgonda,shop_2321027,24.286
godown_Nalgonda,shop_2321028,24.707
godown_Nalgonda,shop_2321029,27.012
godown_Nalgonda,shop_2321030,33.276
godown_Nalgonda,shop_2322001,14.624
godown_Nalgonda,shop_2322002,18.502
godown_Nalgonda,shop_2322003,17.716
godown_Nalgonda,shop_2322004,17.265
godown_Nalgonda,shop_2322005,16.397
godown_Nalgonda,shop_2322006,18.5
godown_Nalgonda,shop_2322007,18.925
godown_Nalgonda,shop_2322008,17.904
godown_Nalgonda,shop_2322009,22.541
godown_Nalgonda,shop_2322010,14.102
godown_Nalgonda,shop_2322011,16.707
godown_Nalgonda,shop_2322012,23.85
godown_Nalgonda,shop_2322013,21.496
godown_Nalgonda,shop_2322014,19.538
godown_Nalgonda,shop_2322015,20.866
godown_Nalgonda,shop_2322016,22.183
godown_Nalgonda,shop_2322017,22.418
godown_Nalgonda,shop_2322018,26.196
godown_Nalgonda,shop_2322019,25.992
godown_Nalgonda,shop_2322020,27.683
godown_Nalgonda,shop_2322021,27.574
godown_Nalgonda,shop_2322022,30.706
godown_Nalgonda,shop_2322023,33.219
godown_Nalgonda,shop_2322024,33.147
godown_Nalgonda,shop_2322025,29.942
godown_Nalgonda,shop_2322026,29.561
godown_Nalgonda,shop_2322027,14.101
godown_Nalgonda,shop_2322028,13.849
godown_Nalgonda,shop_2322029,19.039
godown_Nalgonda,shop_2323001,13.276
godown_Nalgonda,shop_2323002,12.902
godown_Nalgonda,shop_2323003,13.181
godown_Nalgonda,shop_2323004,16.602
godown_Nalgonda,shop_2323005,16.589
godown_Nalgonda,shop_2323006,16.585
godown_Nalgonda,shop_2323007,21.771
godown_Nalgonda,shop_2323008,21.71
godown_Nalgonda,shop_2323009,14.629
godown_Nalgonda,shop_2323010,14.665
godown_Nalgonda,shop_2323011,15.372
godown_Nalgonda,shop_2323012,17.532
godown_Nalgonda,shop_2323013,18.862
godown_Nalgonda,shop_2323014,22.32
godown_Nalgonda,shop_2323015,22.308
godown_Nalgonda,shop_2323016,13.609
godown_Nalgonda,shop_2323017,19.365
godown_Nalgonda,shop_2323018,21.366
godown_Nalgonda,shop_2323019,20.264
godown_Nalgonda,shop_2323020,14.634
godown_Nalgonda,shop_2323021,9.791
godown_Nalgonda,shop_2323022,13.011
godown_Nalgonda,shop_2323023,14.46
godown_Nalgonda,shop_2323024,15.637
godown_Nalgonda,shop_2323025,12.691
godown_Nalgonda,shop_2323026,19.588
godown_Nalgonda,shop_2323027,19.748
godown_Nalgonda,shop_2323028,13.011
godown_Nalgonda,shop_2324001,20.688
godown_Nalgonda,shop_2324002,20.687
godown_Nalgonda,shop_2324003,22.119
godown_Nalgonda,shop_2324004,21.193
godown_Nalgonda,shop_2324005,21.452
godown_Nalgonda,shop_2324006,20.256
godown_Nalgonda,shop_2324007,21.614
godown_Nalgonda,shop_2324008,21.052
godown_Nalgonda,shop_2324009,21.446
godown_Nalgonda,shop_2324010,30.438
godown_Nalgonda,shop_2324011,30.441
godown_Nalgonda,shop_2324012,31.535
godown_Nalgonda,shop_2324013,28.23
godown_Nalgonda,shop_2324014,26.317
godown_Nalgonda,shop_2324015,26.376
godown_Nalgonda,shop_2324016,26.405
godown_Nalgonda,shop_2324017,23.997
godown_Nalgonda,shop_2324018,21.505
godown_Nalgonda,shop_2324019,20.164
godown_Nalgonda,shop_2324021,17.027
godown_Nalgonda,shop_2324022,17.031
godown_Nalgonda,shop_2324023,21.132
godown_Nalgonda,shop_2324024,16.602
godown_Nalgonda,shop_2324025,16.614
godown_Nalgonda,shop_2324026,19.412
godown_Nalgonda,shop_2324027,21.193
godown_Nalgonda,shop_2324028,21.036
godown_Nalgonda,shop_2324029,21.591
godown_Nalgonda,shop_2324030,17.782
godown_Nalgonda,shop_2325001,28.813
godown_Nalgonda,shop_2325002,28.852
godown_Nalgonda,shop_2325003,29.854
godown_Nalgonda,shop_2325004,29.76
godown_Nalgonda,shop_2325005,26.367
godown_Nalgonda,shop_2325006,22.579
godown_Nalgonda,shop_2325007,31.95
godown_Nalgonda,shop_2325008,28.769
godown_Nalgonda,shop_2325009,28.709
godown_Nalgonda,shop_2325010,27.14
godown_Nalgonda,shop_2325011,26.942
godown_Nalgonda,shop_2325012,28.709
godown_Nalgonda,shop_2325013,33.278
godown_Nalgonda,shop_2325014,33.265
godown_Nalgonda,shop_2325015,22.633
godown_Nalgonda,shop_2325016,31.742
godown_Nalgonda,shop_2325017,32.035
godown_Nalgonda,shop_2325018,31.182
godown_Nalgonda,shop_2325019,22.625
godown_Nalgonda,shop_2325020,32.014
godown_Nalgonda,shop_2325021,28.589
godown_Nalgonda,shop_2332006,32.335
godown_Nalgonda,shop_2332007,32.591
godown_Nalgonda,shop_2332008,32.882
godown_Nalgonda,shop_2332009,30.632
godown_Nalgonda,shop_2332013,30.498
godown_Nalgonda,shop_2332014,29.293
godown_Nalgonda,shop_2332015,37.588
godown_Nalgonda,shop_2332016,33.622
godown_Nalgonda,shop_2332017,35.352
godown_Nalgonda,shop_2332018,31.53
godown_Nalgonda,shop_2332019,32.674
godown_Nalgonda,shop_2332020,33.051
godown_Nalgonda,shop_2332021,33.004
godown_Nalgonda,shop_2332022,31.242
godown_Nalgonda,shop_2332023,31.17
godown_Nalgonda,shop_2332024,27.734
godown_Nalgonda,shop_2332025,30.6
godown_Nalgonda,shop_2332031,33.044
godown_Nalgonda,shop_2333002,8.317
godown_Nalgonda,shop_2333003,8.318
godown_Nalgonda,shop_2333004,7.155
godown_Nalgonda,shop_2333008,11.076
godown_Nalgonda,shop_2333009,12.004
godown_Nalgonda,shop_2333010,12.918
godown_Nalgonda,shop_2333011,16.81
godown_Nalgonda,shop_2333012,20.985
godown_Nalgonda,shop_2333013,21.198
godown_Nalgonda,shop_2333014,23.525
godown_Nalgonda,shop_2333015,25.405
godown_Nalgonda,shop_2333016,19.609
godown_Nalgonda,shop_2333017,16.012
godown_Nalgonda,shop_2333018,15.894
godown_Nalgonda,shop_2333019,18.022
godown_Nalgonda,shop_2333020,12.954
godown_Nalgonda,shop_2333021,11.544
godown_Nalgonda,shop_2333022,13.447
godown_Nalgonda,shop_2333023,11.623
godown_Nalgonda,shop_2333031,16.935
godown_Nalgonda,shop_2334001,7.978
godown_Nalgonda,shop_2334002,7.61
godown_Nalgonda,shop_2334003,7.05
godown_Nalgonda,shop_2334004,5.098
godown_Nalgonda,shop_2334005,11.069
godown_Nalgonda,shop_2334006,6.507
godown_Nalgonda,shop_2334007,7.016
godown_Nalgonda,shop_2334008,4.265
godown_Nalgonda,shop_2334011,5.789
godown_Nalgonda,shop_2334012,8.275
godown_Nalgonda,shop_2334013,11.78
godown_Nalgonda,shop_2334014,11.787
godown_Nalgonda,shop_2334015,8.978
godown_Nalgonda,shop_2334016,13.746
godown_Nalgonda,shop_2334017,13.797
godown_Nalgonda,shop_2334018,6.248
godown_Nalgonda,shop_2334019,9.71
godown_Nalgonda,shop_2334020,10.891
godown_Nalgonda,shop_2334021,14.234
godown_Nalgonda,shop_2334022,14.317
godown_Nalgonda,shop_2334023,7.919
godown_Nalgonda,shop_2334024,8.14
godown_Nalgonda,shop_2334030,10.259
godown_Nalgonda,shop_2334031,7.343
godown_Nalgonda,shop_2334033,11.203
godown_Nalgonda,shop_2334034,13.661
godown_Nalgonda,shop_2334035,7.436
godown_Nalgonda,shop_2334036,10.157
godown_Nalgonda,shop_2334037,6.588
godown_Nalgonda,shop_2335001,20.924
godown_Nalgonda,shop_2335002,20.557
godown_Nalgonda,shop_2335003,20.722
godown_Nalgonda,shop_2335004,20.544
godown_Nalgonda,shop_2335005,21.818
godown_Nalgonda,shop_2335006,26.441
godown_Nalgonda,shop_2335007,17.804
godown_Nalgonda,shop_2335008,28.977
godown_Nalgonda,shop_2335009,26.814
godown_Nalgonda,shop_2335010,23.764
godown_Nalgonda,shop_2335011,26.236
godown_Nalgonda,shop_2335012,30.445
godown_Nalgonda,shop_2335014,17.736
godown_Nalgonda,shop_2335015,19.987
godown_Nalgonda,shop_2335016,20.42
godown_Nalgonda,shop_2335017,21.495
godown_Nalgonda,shop_2335018,22.672
godown_Nalgonda,shop_2335019,22.976
godown_Nalgonda,shop_2335020,33.541
godown_Nalgonda,shop_2335021,16.187
godown_Nalgonda,shop_2335022,27.798
godown_Nalgonda,shop_2335023,29.765
godown_Nalgonda,shop_2335024,67.027
godown_Nalgonda,shop_2335025,15.475
godown_Nalgonda,shop_2335026,26.083
godown_Nalgonda,shop_2335027,17.939
godown_Nalgonda,shop_2335028,28.877
godown_Nalgonda,shop_2335029,18.798
godown_Nalgonda,shop_2335030,22.53
godown_Nalgonda,shop_2335031,20.555
godown_Nalgonda,shop_2335032,8877.024
godown_Nalgonda,shop_2335033,8877.024
godown_Nalgonda,shop_2335034,8877.024
godown_Nalgonda,shop_2335035,8877.024
godown_Nalgonda,shop_2337001,45.629
godown_Nalgonda,shop_2337002,45.636
godown_Nalgonda,shop_2337006,34.311
godown_Nalgonda,shop_2337007,37.287
godown_Nalgonda,shop_2337008,45.393
godown_Nalgonda,shop_2337009,38.709
godown_Nalgonda,shop_2337010,37.306
godown_Nalgonda,shop_2337011,37.393
godown_Nalgonda,shop_2337012,39.807
godown_Nalgonda,shop_2337013,43.091
godown_Nalgonda,shop_2337014,48.332
godown_Nalgonda,shop_2337015,53.054
godown_Nalgonda,shop_2337016,53.046
godown_Nalgonda,shop_2337017,47.523
godown_Nalgonda,shop_2337018,44.997
godown_Nalgonda,shop_2337019,44.996
godown_Nalgonda,shop_2337020,49.833
godown_Nalgonda,shop_2337021,40.891
godown_Nalgonda,shop_2337022,41.365
godown_Nalgonda,shop_2337023,42.482
godown_Nalgonda,shop_2337024,43.742
godown_Nalgonda,shop_2337025,36.341
godown_Nalgonda,shop_2337026,40.899
godown_Nalgonda,shop_2337027,48.545
godown_Nalgonda,shop_2338001,25.934
godown_Nalgonda,shop_2338002,28.098
godown_Nalgonda,shop_2338003,27.492
godown_Nalgonda,shop_2338004,23.742
godown_Nalgonda,shop_2338005,23.638
godown_Nalgonda,shop_2338006,23.706
godown_Nalgonda,shop_2338007,23.572
godown_Nalgonda,shop_2338008,23.854
godown_Nalgonda,shop_2338012,26.857
godown_Nalgonda,shop_2338013,21.683
godown_Nalgonda,shop_2338014,24.03
godown_Nalgonda,shop_2338016,23.206
godown_Nalgonda,shop_2338017,29.182
godown_Nalgonda,shop_2338018,30.686
godown_Nalgonda,shop_2338019,31.202
godown_Nalgonda,shop_2338020,27.219
godown_Nalgonda,shop_2338021,21.68
godown_Nalgonda,shop_2338023,29.901
godown_Nalgonda,shop_2338024,20.955
godown_Nalgonda,shop_2338025,23.21
godown_Nalgonda,shop_2338026,32.367
godown_Nalgonda,shop_2338207,30.094
godown_Nalgonda,shop_2339001,13.806
godown_Nalgonda,shop_2339002,15.459
godown_Nalgonda,shop_2339003,14.82
godown_Nalgonda,shop_2339004,18.234
godown_Nalgonda,shop_2339005,16.525
godown_Nalgonda,shop_2339006,10.733
godown_Nalgonda,shop_2339007,15.602
godown_Nalgonda,shop_2339008,15.565
godown_Nalgonda,shop_2339009,15.006
godown_Nalgonda,shop_2339010,18.631
godown_Nalgonda,shop_2339011,17.009
godown_Nalgonda,shop_2339012,20.974
godown_Nalgonda,shop_2339013,19.505
godown_Nalgonda,shop_2339014,10.454
godown_Nalgonda,shop_2339015,11.2
godown_Nalgonda,shop_2339016,10.734
godown_Nalgonda,shop_2339017,8.399
godown_Nalgonda,shop_2339018,8.591
godown_Nalgonda,shop_2339019,11.802
godown_Nalgonda,shop_2339020,14.11
godown_Nalgonda,shop_2339021,13.119
godown_Nalgonda,shop_2339022,13.229
godown_Nalgonda,shop_2340001,27.516
godown_Nalgonda,shop_2340002,27.535
godown_Nalgonda,shop_2340003,27.523
godown_Nalgonda,shop_2340004,31.445
godown_Nalgonda,shop_2340005,28.639
godown_Nalgonda,shop_2340006,31.441
godown_Nalgonda,shop_2340007,31.071
godown_Nalgonda,shop_2340008,30.34
godown_Nalgonda,shop_2340009,33.512
godown_Nalgonda,shop_2340010,36.316
godown_Nalgonda,shop_2340011,36.179
godown_Nalgonda,shop_2340012,36.165
godown_Nalgonda,shop_2340013,36.559
godown_Nalgonda,shop_2340014,34.231
godown_Nalgonda,shop_2340015,33.358
godown_Nalgonda,shop_2340016,33.158
godown_Nalgonda,shop_2340017,32.997
godown_Nalgonda,shop_2340018,30.713
godown_Nalgonda,shop_2340019,30.324
godown_Nalgonda,shop_2340020,28.697
godown_Nalgonda,shop_2340021,26.881
godown_Nalgonda,shop_2340022,24.169
godown_Nalgonda,shop_2340023,25.617
godown_Nalgonda,shop_2340024,22.275
godown_Nalgonda,shop_2340028,18.248
godown_Nalgonda,shop_2340029,18.351
godown_Nalgonda,shop_2340030,16.889
godown_Nalgonda,shop_2340031,18.096
godown_Nalgonda,shop_2340032,21.266
godown_Nalgonda,shop_2340033,20.328
godown_Nalgonda,shop_2340034,38.469
godown_Nalgonda,shop_2340037,32.26
godown_Nalgonda,shop_2340038,21.803
godown_Nalgonda,shop_2340039,30.904
godown_Nalgonda,shop_2340042,27.524
godown_Nalgonda,shop_2340043,27.537
godown_Nalgonda,shop_2341001,32.841
godown_Nalgonda,shop_2341002,32.315
godown_Nalgonda,shop_2341003,27.095
godown_Nalgonda,shop_2341004,24.625
godown_Nalgonda,shop_2341005,23.967
godown_Nalgonda,shop_2341009,28.158
godown_Nalgonda,shop_2341010,28.639
godown_Nalgonda,shop_2341011,28.214
godown_Nalgonda,shop_2341012,30.997
godown_Nalgonda,shop_2341013,23.053
godown_Nalgonda,shop_2341014,24.911
godown_Nalgonda,shop_2341015,35.857
godown_Nalgonda,shop_2341016,37.033
godown_Nalgonda,shop_2341017,35.089
godown_Nalgonda,shop_2341018,39.146
godown_Nalgonda,shop_2341019,38.108
godown_Nalgonda,shop_2341020,41.721
godown_Nalgonda,shop_2341021,43.041
godown_Nalgonda,shop_2341022,42.565
godown_Nalgonda,shop_2341023,41.731
godown_Nalgonda,shop_2341024,44.434
godown_Nalgonda,shop_2341025,43.343
godown_Nalgonda,shop_2341026,41.461
godown_Nalgonda,shop_2341027,42.733
godown_Nalgonda,shop_2341028,41.761
godown_Nalgonda,shop_2341029,39.99
godown_Nalgonda,shop_2341030,38.095
godown_Nalgonda,shop_2341031,28.078
godown_Nalgonda,shop_2341032,33.094
godown_Nalgonda,shop_2342001,43.687
godown_Nalgonda,shop_2342002,42.666
godown_Nalgonda,shop_2342003,42.19
godown_Nalgonda,shop_2342004,41.342
godown_Nalgonda,shop_2342005,40.458
godown_Nalgonda,shop_2342006,42.357
godown_Nalgonda,shop_2342007,43.148
godown_Nalgonda,shop_2342008,44.895
godown_Nalgonda,shop_2342009,46.611
godown_Nalgonda,shop_2342010,45.608
godown_Nalgonda,shop_2342011,45.37
godown_Nalgonda,shop_2342012,48.678
godown_Nalgonda,shop_2342013,38.642
godown_Nalgonda,shop_2342014,38.618
godown_Nalgonda,shop_2342015,39.595
godown_Nalgonda,shop_2342016,37.14
godown_Nalgonda,shop_2342017,37.199
godown_Nalgonda,shop_2342018,34.645
godown_Nalgonda,shop_2342019,34.564
godown_Nalgonda,shop_2342020,33.147
godown_Nalgonda,shop_2342021,30.207
godown_Nalgonda,shop_2342022,31.759
godown_Nalgonda,shop_2342023,35.245
godown_Nalgonda,shop_2342024,33.482
godown_Nalgonda,shop_2342025,33.329
godown_Nalgonda,shop_2342026,34.938
godown_Nalgonda,shop_2342027,37.025
godown_Nalgonda,shop_2342028,35.803
godown_Nalgonda,shop_2342029,36.581
godown_Nalgonda,shop_2342030,38.478
godown_Nalgonda,shop_2342031,39.803
godown_Nalgonda,shop_2342032,42.446
godown_Nalgonda,shop_2342033,44.048
godown_Nalgonda,shop_2342034,45.368
godown_Nalgonda,shop_2342035,36.484
godown_Nalgonda,shop_2342036,37.239
godown_Nalgonda,shop_2342037,36.711
godown_Nalgonda,shop_2342038,36.418
godown_Nalgonda,shop_2342039,41.808
godown_Nalgonda,shop_2342040,38.207
godown_Nalgonda,shop_2350001,53.196
godown_Nalgonda,shop_2350002,53.309
godown_Nalgonda,shop_2350003,53.026
godown_Nalgonda,shop_2350005,51.405
godown_Nalgonda,shop_2350007,43.537
godown_Nalgonda,shop_2350008,49.618
godown_Nalgonda,shop_2350012,58.422
godown_Nalgonda,shop_2350013,46.346
godown_Nalgonda,shop_2350014,57.133
godown_Nalgonda,shop_2350015,42.987
godown_Nalgonda,shop_2350016,46.905
godown_Nalgonda,shop_2350017,50.066
godown_Nalgonda,shop_2350020,58.244
godown_Nalgonda,shop_2350021,46.876
godown_Nalgonda,shop_2350024,50.417
godown_Nalgonda,shop_2350025,50.338
godown_Nalgonda,shop_2350026,45.489
godown_Nalgonda,shop_2350027,48.499
godown_Nalgonda,shop_2350028,41.314
godown_Nalgonda,shop_2350029,51.964
godown_Nalgonda,shop_2350030,53.561
godown_Nalgonda,shop_2350032,46.886
godown_Nalgonda,shop_2350033,49.396
godown_Nalgonda,shop_2350034,49.181
godown_Nalgonda,shop_2350035,51.553
godown_Nalgonda,shop_2350036,57.865
godown_Nalgonda,shop_2350037,57.865
godown_Nalgonda,shop_2350040,46.898
godown_Nalgonda,shop_2350042,46.454
godown_Nalgonda,shop_2350043,51.839
godown_Nalgonda,shop_2350044,50.687
godown_Nalgonda,shop_2350045,52.952
godown_Nalgonda,shop_2351001,29.894
godown_Nalgonda,shop_2351002,30.424
godown_Nalgonda,shop_2351003,30.469
godown_Nalgonda,shop_2351004,25.879
godown_Nalgonda,shop_2351005,22.128
godown_Nalgonda,shop_2351006,22.994
godown_Nalgonda,shop_2351007,18.703
godown_Nalgonda,shop_2351008,16.863
godown_Nalgonda,shop_2351009,23.057
godown_Nalgonda,shop_2351010,21.405
godown_Nalgonda,shop_2351011,18.704
godown_Nalgonda,shop_2351012,25.965
godown_Nalgonda,shop_2351013,28.818
godown_Nalgonda,shop_2351014,32.383
godown_Nalgonda,shop_2351015,30.535
godown_Nalgonda,shop_2351016,35.416
godown_Nalgonda,shop_2351017,35.543
godown_Nalgonda,shop_2351018,33.983
godown_Nalgonda,shop_2351019,30.426
godown_Nalgonda,shop_2351020,33.384
godown_Nalgonda,shop_2351021,31.857
godown_Nalgonda,shop_2351037,34.885
godown_Nalgonda,shop_2351038,32.667
godown_Nalgonda,shop_2351039,30.265
godown_Nalgonda,shop_2351040,30.865
godown_Nalgonda,shop_2351041,23.322
godown_Nalgonda,shop_2351044,29.708
godown_Nalgonda,shop_2352001,36.185
godown_Nalgonda,shop_2352002,34.639
godown_Nalgonda,shop_2352003,39.428
godown_Nalgonda,shop_2352004,42.838
godown_Nalgonda,shop_2352005,42.501
godown_Nalgonda,shop_2352016,40.295
godown_Nalgonda,shop_2352017,40.733
godown_Nalgonda,shop_2352018,39.357
godown_Nalgonda,shop_2352019,37.631
godown_Nalgonda,shop_2352020,39.963
godown_Nalgonda,shop_2352021,39.118
godown_Nalgonda,shop_2352022,39.278
godown_Nalgonda,shop_2352023,35.112
godown_Nalgonda,shop_2352024,27.399
godown_Nalgonda,shop_2352025,26.797
godown_Nalgonda,shop_2352026,44.212
godown_Nalgonda,shop_2352027,44.805
godown_Nalgonda,shop_2352028,31.566
godown_Nalgonda,shop_2352029,32.823
godown_Nalgonda,shop_2352030,30.854
godown_Nalgonda,shop_2352031,37.407
godown_Nalgonda,shop_2352032,28.77
godown_Nalgonda,shop_2352033,32.99
godown_Nalgonda,shop_2352034,40.476
godown_Nalgonda,shop_2352035,47.575
godown_Nalgonda,shop_2352036,49.922
godown_Nalgonda,shop_2352037,51.433
godown_Nalgonda,shop_2352038,51.428
godown_Nalgonda,shop_2352040,42.254
godown_Nalgonda,shop_2352041,29.253
godown_Nalgonda,shop_2352042,39.357
godown_Nalgonda,shop_2352043,36.241
godown_Nalgonda,shop_2352044,52.054
godown_Nalgonda,shop_2353005,45.081
godown_Nalgonda,shop_2353012,49.87
godown_Nalgonda,shop_2353015,47.386
godown_Nalgonda,shop_2353016,49.67
godown_Nalgonda,shop_2353017,45.64
godown_Nalgonda,shop_2353018,45.11
godown_Nalgonda,shop_2353019,42.749
godown_Nalgonda,shop_2353020,45.736
godown_Nalgonda,shop_2353021,41.095
godown_Nalgonda,shop_2353022,39.941
godown_Nalgonda,shop_2353026,52.199
godown_Nalgonda,shop_2353027,52.985
godown_Nalgonda,shop_2353028,47.759
godown_Nalgonda,shop_2353029,44.288
godown_Nalgonda,shop_2353030,48.552
godown_Nalgonda,shop_2353031,49.085
godown_Nalgonda,shop_2353032,49.339
godown_Nalgonda,shop_2353033,52.775
godown_Nalgonda,shop_2353034,50.024
godown_Nalgonda,shop_2353035,42.62
godown_Nalgonda,shop_2353036,44.713
godown_Nalgonda,shop_2353037,41.712
godown_Nalgonda,shop_2353038,49.146
godown_Nalgonda,shop_2353039,50.049
godown_Nalgonda,shop_2353040,47.566
godown_Nalgonda,shop_2354001,26.539
godown_Nalgonda,shop_2354002,26.562
godown_Nalgonda,shop_2354003,40.748
godown_Nalgonda,shop_2354004,29.182
godown_Nalgonda,shop_2354005,25.418
godown_Nalgonda,shop_2354006,28.063
godown_Nalgonda,shop_2354007,26.649
godown_Nalgonda,shop_2354008,20.575
godown_Nalgonda,shop_2354009,20.561
godown_Nalgonda,shop_2354010,17.205
godown_Nalgonda,shop_2354011,41.269
godown_Nalgonda,shop_2354013,22.888
godown_Nalgonda,shop_2354014,22.869
godown_Nalgonda,shop_2354015,35.991
godown_Nalgonda,shop_2354016,34.693
godown_Nalgonda,shop_2354017,39.199
godown_Nalgonda,shop_2354018,21.869
godown_Nalgonda,shop_2354019,29.11
godown_Nalgonda,shop_2354020,29.223
godown_Nalgonda,shop_2354021,28.156
godown_Nalgonda,shop_2354022,28.154
godown_Nalgonda,shop_2354023,35.99
godown_Nalgonda,shop_2354024,32.136
godown_Nalgonda,shop_2354025,25.104
godown_Nalgonda,shop_2354026,24.329
godown_Nalgonda,shop_2354027,36.244
godown_Nalgonda,shop_2354028,33.815
godown_Nalgonda,shop_2354029,32.03
godown_Nalgonda,shop_2354030,40.979
godown_Nalgonda,shop_2354031,22.222
godown_Nalgonda,shop_2354032,31.916
godown_Nalgonda,shop_2355001,37.027
godown_Nalgonda,shop_2355002,37.295
godown_Nalgonda,shop_2355003,37.297
godown_Nalgonda,shop_2355004,31.979
godown_Nalgonda,shop_2355005,34.108
godown_Nalgonda,shop_2355006,33.385
godown_Nalgonda,shop_2355007,35.222
godown_Nalgonda,shop_2355009,29.2
godown_Nalgonda,shop_2355010,33.445
godown_Nalgonda,shop_2355011,40.441
godown_Nalgonda,shop_2355012,39.82
godown_Nalgonda,shop_2355013,37.882
godown_Nalgonda,shop_2355014,37.211
godown_Nalgonda,shop_2355015,42.933
godown_Nalgonda,shop_2355016,44.605
godown_Nalgonda,shop_2355017,40.468
godown_Nalgonda,shop_2355018,45.987
godown_Nalgonda,shop_2355019,45.244
godown_Nalgonda,shop_2355020,43.316
godown_Nalgonda,shop_2355021,43.316
godown_Nalgonda,shop_2355022,44.744
godown_Nalgonda,shop_2355023,40.391
godown_Nalgonda,shop_2355024,43.081
godown_Nalgonda,shop_2355025,44.426
godown_Nalgonda,shop_2355026,39.425
godown_Nalgonda,shop_2355027,36.93
godown_Nalgonda,shop_2355028,42.45
godown_Nalgonda,shop_2356001,57.603
godown_Nalgonda,shop_2356002,57.601
godown_Nalgonda,shop_2356003,57.983
godown_Nalgonda,shop_2356004,58.108
godown_Nalgonda,shop_2356005,57.869
godown_Nalgonda,shop_2356006,56.12
godown_Nalgonda,shop_2356007,53.972
godown_Nalgonda,shop_2356008,56.49
godown_Nalgonda,shop_2356009,58.318
godown_Nalgonda,shop_2356010,58.224
godown_Nalgonda,shop_2356011,51.057
godown_Nalgonda,shop_2356012,53.412
godown_Nalgonda,shop_2356013,50.718
godown_Nalgonda,shop_2356014,50.013
godown_Nalgonda,shop_2356015,53.368
godown_Nalgonda,shop_2356016,53.355
godown_Nalgonda,shop_2356017,52.964
godown_Nalgonda,shop_2356018,52.99
godown_Nalgonda,shop_2356019,49.501
godown_Nalgonda,shop_2356020,46.261
godown_Nalgonda,shop_2356021,49.735
godown_Nalgonda,shop_2356022,49.82
godown_Nalgonda,shop_2356023,46.207
godown_Nalgonda,shop_2356024,51.215
godown_Nalgonda,shop_2356025,47.746
godown_Nalgonda,shop_2356026,49.362
godown_Nalgonda,shop_2356027,51.839
godown_Nalgonda,shop_2356028,51.836
godown_Nalgonda,shop_2356029,58.911
godown_Nalgonda,shop_2356030,51.237
godown_Nalgonda,shop_2356031,54.997
godown_Nalgonda,shop_2356032,54.988
godown_Nalgonda,shop_2356033,55.321
godown_Nalgonda,shop_2356034,52.098
godown_Nalgonda,shop_2356035,47.482
godown_Nalgonda,shop_2356036,8877.024
godown_Nalgonda,shop_2357001,54.069
godown_Nalgonda,shop_2357002,53.761
godown_Nalgonda,shop_2357003,53.912
godown_Nalgonda,shop_2357005,54.23
godown_Nalgonda,shop_2357006,54.02
godown_Nalgonda,shop_2357007,54.679
godown_Nalgonda,shop_2357009,54.152
godown_Nalgonda,shop_2357010,54.04
godown_Nalgonda,shop_2357011,54.042
godown_Nalgonda,shop_2357012,54.242
godown_Nalgonda,shop_2357013,54.392
godown_Nalgonda,shop_2357014,54.135
godown_Nalgonda,shop_2357016,53.94
godown_Nalgonda,shop_2357017,54.406
godown_Nalgonda,shop_2357018,54.684
godown_Nalgonda,shop_2357019,54.151
godown_Nalgonda,shop_2357035,51.147
godown_Nalgonda,shop_2357036,51.033
godown_Nalgonda,shop_2357037,57.026
godown_Nalgonda,shop_2357038,57.296
godown_Nalgonda,shop_2357039,58.981
godown_Nalgonda,shop_2357040,56.88
godown_Nalgonda,shop_2357041,58.253
godown_Nalgonda,shop_2357042,56.655
godown_Nalgonda,shop_2357043,55.933
godown_Nalgonda,shop_2357044,55.213
godown_Nalgonda,shop_2357045,56.207
godown_Nalgonda,shop_2357046,63.312
godown_Nalgonda,shop_2357047,62.694
godown_Nalgonda,shop_2357048,61.66
godown_Nalgonda,shop_2357049,61.991
godown_Nalgonda,shop_2357050,62.196
godown_Nalgonda,shop_2357051,62.799
godown_Nalgonda,shop_2357052,62.134
godown_Nalgonda,shop_2357053,62.082
godown_Nalgonda,shop_2357054,62.318
godown_Nalgonda,shop_2357055,65.343
godown_Nalgonda,shop_2357056,57.183
godown_Nalgonda,shop_2357057,55.401
godown_Nalgonda,shop_2357060,59.484
godown_Nalgonda,shop_2357061,63.298
godown_Nalgonda,shop_2357062,55.012
godown_Nalgonda,shop_2357063,55.699
godown_Nalgonda,shop_2357064,54.13
godown_Nalgonda,shop_2357066,55.618
godown_Nalgonda,shop_2357068,62.358
godown_Nalgonda,shop_2357069,61.941
godown_Nalgonda,shop_2358001,82.934
godown_Nalgonda,shop_2358002,82.711
godown_Nalgonda,shop_2358003,82.471
godown_Nalgonda,shop_2358004,82.653
godown_Nalgonda,shop_2358005,80.186
godown_Nalgonda,shop_2358006,77.847
godown_Nalgonda,shop_2358007,74.109
godown_Nalgonda,shop_2358008,73.843
godown_Nalgonda,shop_2358009,76.247
godown_Nalgonda,shop_2358010,72.093
godown_Nalgonda,shop_2358011,67.779
godown_Nalgonda,shop_2358012,48.133
godown_Nalgonda,shop_2358013,66.661
godown_Nalgonda,shop_2358014,68.638
godown_Nalgonda,shop_2358015,69.249
godown_Nalgonda,shop_2358016,73.026
godown_Nalgonda,shop_2358017,71.537
godown_Nalgonda,shop_2358018,73.569
godown_Nalgonda,shop_2358019,73.411
godown_Nalgonda,shop_2358020,55.468
godown_Nalgonda,shop_2358021,65.962
godown_Nalgonda,shop_2358022,75.375
godown_Nalgonda,shop_2358023,74.483
godown_Nalgonda,shop_2358024,74.607
godown_Nalgonda,shop_2358025,75.041
godown_Nalgonda,shop_2358026,74.497
godown_Nalgonda,shop_2358027,72.776
godown_Nalgonda,shop_2358028,70.868
godown_Nalgonda,shop_2358029,69.151
godown_Nalgonda,shop_2358030,70.112
godown_Nalgonda,shop_2358031,66.372
godown_Nalgonda,shop_2358032,67.756
godown_Nalgonda,shop_2358033,67.76
godown_Nalgonda,shop_2358034,70.428
godown_Nalgonda,shop_2359001,66.725
godown_Nalgonda,shop_2359002,69.504
godown_Nalgonda,shop_2359003,67.239
godown_Nalgonda,shop_2359004,68.981
godown_Nalgonda,shop_2359005,65.727
godown_Nalgonda,shop_2359006,66.367
godown_Nalgonda,shop_2359007,66.978
godown_Nalgonda,shop_2359008,65.683
godown_Nalgonda,shop_2359009,61.257
godown_Nalgonda,shop_2359010,54.94
godown_Nalgonda,shop_2359015,67.897
godown_Nalgonda,shop_2359016,68.741
godown_Nalgonda,shop_2359017,68.971
godown_Nalgonda,shop_2359021,63.732
godown_Nalgonda,shop_2359022,65.375
godown_Nalgonda,shop_2359023,64.117
godown_Nalgonda,shop_2359026,59.49
godown_Nalgonda,shop_2359027,60.7
godown_Nalgonda,shop_2359028,69.21
godown_Nalgonda,shop_2359031,60.163
godown_Nalgonda,shop_2359032,65.586
godown_Nalgonda,shop_2359033,65.462
godown_Nalgonda,shop_2359034,52.41
godown_Nalgonda,shop_2359035,60.617
godown_Nalgonda,shop_2359036,69.68
godown_Nalgonda,shop_2359037,61.558
godown_Nalgonda,shop_2359038,64.18
godown_Nalgonda,shop_2359039,64.343
godown_Nalgonda,shop_2359040,60.635
godown_Nalgonda,shop_2359042,65.037
godown_Nalgonda,shop_2359044,67.775
godown_Nalgonda,shop_2359046,63.462
godown_Nalgonda,shop_2359048,54.991
godown_Nalgonda,shop_2359049,68.823
godown_Nalgonda,shop_2360001,40.336
godown_Nalgonda,shop_2360002,40.365
godown_Nalgonda,shop_2360003,36.225
godown_Nalgonda,shop_2360004,33.425
godown_Nalgonda,shop_2360005,36.906
godown_Nalgonda,shop_2360006,36.946
godown_Nalgonda,shop_2360007,36.663
godown_Nalgonda,shop_2360008,32.197
godown_Nalgonda,shop_2360009,34.861
godown_Nalgonda,shop_2360010,34.632
godown_Nalgonda,shop_2360011,8877.024
godown_Nalgonda,shop_2361001,8877.024
godown_Nalgonda,shop_2361002,8877.024
godown_Nalgonda,shop_2361003,8877.024
godown_Nalgonda,shop_2361004,8877.024
godown_Nalgonda,shop_2361005,8877.024
godown_Nalgonda,shop_2361006,8877.024
godown_Nalgonda,shop_2361007,8877.024
godown_Nalgonda,shop_2361008,8877.024
godown_Nalgonda,shop_2361009,8877.024
godown_Nalgonda,shop_2361010,8877.024
godown_Nalgonda,shop_2382001,36.618
godown_Nalgonda,shop_2382002,38.029
godown_Nalgonda,shop_2382003,37.754
godown_Nalgonda,shop_2382004,37.651
godown_Nalgonda,shop_2382005,37.572
godown_Nalgonda,shop_2382006,37.066
godown_Nalgonda,shop_2382007,36.71
godown_Nalgonda,shop_2382008,38.033
godown_Nalgonda,shop_2382009,36.512
godown_Nalgonda,shop_2382010,36.61
godown_Nalgonda,shop_2382011,36.724
godown_Nalgonda,shop_2382012,37.241
godown_Nalgonda,shop_2382013,37.226
godown_Nalgonda,shop_2382014,36.85
godown_Nalgonda,shop_2382015,39.319
godown_Nalgonda,shop_2382016,36.887
godown_Nalgonda,shop_2382017,36.009
godown_Nalgonda,shop_2382018,36.581
godown_Nalgonda,shop_2382019,36.959
godown_Nalgonda,shop_2382020,36.948
godown_Nalgonda,shop_2382021,36.883
godown_Nalgonda,shop_2382022,36.323
godown_Nalgonda,shop_2382023,37.425
godown_Nalgonda,shop_2382024,37.456
godown_Nalgonda,shop_2382025,37.48
godown_Nalgonda,shop_2382026,37.622
godown_Nalgonda,shop_2382027,37.713
godown_Nalgonda,shop_2382028,37.781
godown_Nalgonda,shop_2382029,38.473
godown_Nalgonda,shop_2382030,38.575
godown_Nalgonda,shop_2382031,36.994
godown_Nalgonda,shop_2382032,35.413
godown_Nalgonda,shop_2382033,39.764
godown_Nalgonda,shop_2382034,37.441
godown_Nalgonda,shop_2382035,37.442
godown_Nalgonda,shop_2382036,36.303
godown_Nalgonda,shop_2382037,36.715
godown_Nalgonda,shop_2382038,39.559
godown_Nalgonda,shop_2382039,36.613
godown_Nalgonda,shop_2382040,36.264
godown_Nalgonda,shop_2382041,37.475
godown_Nalgonda,shop_2382042,37.676
godown_Nalgonda,shop_2382043,36.698
godown_Nalgonda,shop_2383001,3.345
godown_Nalgonda,shop_2383002,1.641
godown_Nalgonda,shop_2383003,5.928
godown_Nalgonda,shop_2383004,4.095
godown_Nalgonda,shop_2383006,4.977
godown_Nalgonda,shop_2383009,4.833
godown_Nalgonda,shop_2383010,6.853
godown_Nalgonda,shop_2383012,6.222
godown_Nalgonda,shop_2383015,4.55
godown_Nalgonda,shop_2383017,4.99
godown_Nalgonda,shop_2383025,0.791
godown_Nalgonda,shop_2383026,0.191
godown_Nalgonda,shop_2383027,0.749
godown_Nalgonda,shop_2383028,0.792
godown_Nalgonda,shop_2383029,2.429
godown_Nalgonda,shop_2383030,0.184
godown_Nalgonda,shop_2383031,0.589
godown_Nalgonda,shop_2383032,2.256
godown_Nalgonda,shop_2383033,0.365
godown_Nalgonda,shop_2383034,0.373
godown_Nalgonda,shop_2383035,0.689
godown_Nalgonda,shop_2383036,0.382
godown_Nalgonda,shop_2383037,1.761
godown_Nalgonda,shop_2383038,1.72
godown_Nalgonda,shop_2383039,0.66
godown_Nalgonda,shop_2383040,0.635
godown_Nalgonda,shop_2383041,1.292
godown_Nalgonda,shop_2383042,1.724
godown_Nalgonda,shop_2383043,1.791
godown_Nalgonda,shop_2383044,1.746
godown_Nalgonda,shop_2383045,1.712
godown_Nalgonda,shop_2383046,3.658
godown_Nalgonda,shop_2383047,3.711
godown_Nalgonda,shop_2383048,1.328
godown_Nalgonda,shop_2383049,1.606
godown_Nalgonda,shop_2383050,1.172
godown_Nalgonda,shop_2383051,0.222
godown_Nalgonda,shop_2383052,1.56
godown_Nalgonda,shop_2383053,3.645
godown_Nalgonda,shop_2383054,2.057
godown_Nalgonda,shop_2383055,2.737
godown_Nalgonda,shop_2383056,3.453
godown_Nalgonda,shop_2383057,0.294
godown_Nalgonda,shop_2383058,1.611
godown_Nalgonda,shop_2383059,0.81
godown_Nalgonda,shop_2383060,1.03
godown_Nalgonda,shop_2383061,1.437
godown_Nalgonda,shop_2383062,2.504
godown_Nalgonda,shop_2383063,1.828
godown_Nalgonda,shop_2383064,3.712
godown_Nalgonda,shop_2383065,1.684
godown_Nalgonda,shop_2383066,2.518
godown_Nalgonda,shop_2383067,1.683
godown_Nalgonda,shop_2385001,19.011
godown_Nalgonda,shop_2385002,19.001
godown_Nalgonda,shop_2385003,20.676
godown_Nalgonda,shop_2385004,22.428
godown_Nalgonda,shop_2385005,22.907
godown_Nalgonda,shop_2385006,22.249
godown_Nalgonda,shop_2385007,26.155
godown_Nalgonda,shop_2385008,26.162
godown_Nalgonda,shop_2385009,25.291
godown_Nalgonda,shop_2385010,25.255
godown_Nalgonda,shop_2385011,27.074
godown_Nalgonda,shop_2385012,29.921
godown_Nalgonda,shop_2385013,30.386
godown_Nalgonda,shop_2385014,29.352
godown_Nalgonda,shop_2385015,27.399
godown_Nalgonda,shop_2385016,27.32
godown_Nalgonda,shop_2385017,27.076
godown_Nalgonda,shop_2385018,27.159
godown_Nalgonda,shop_2385019,26.81
godown_Nalgonda,shop_2385020,23.433
godown_Nalgonda,shop_2385021,28.538
godown_Nalgonda,shop_2385022,28.554
godown_Nalgonda,shop_2385023,24.143
godown_Nalgonda,shop_2385024,17.46
godown_Nalgonda,shop_2385025,16.095
godown_Nalgonda,shop_2385026,17.682
godown_Nalgonda,shop_2386001,48.814
godown_Nalgonda,shop_2386002,51.55
godown_Nalgonda,shop_2386003,50.546
godown_Nalgonda,shop_2386004,50.645
godown_Nalgonda,shop_2386005,50.157
godown_Nalgonda,shop_2386006,46.204
godown_Nalgonda,shop_2386007,48.822
godown_Nalgonda,shop_2386008,54.632
godown_Nalgonda,shop_2386009,51.151
godown_Nalgonda,shop_2386010,45.507
godown_Nalgonda,shop_2386011,47.274
godown_Nalgonda,shop_2386012,48.741
godown_Nalgonda,shop_2386013,50.66
godown_Nalgonda,shop_2387001,36.709
godown_Nalgonda,shop_2387002,38.608
godown_Nalgonda,shop_2387003,42.306
godown_Nalgonda,shop_2387004,38.657
godown_Nalgonda,shop_2387005,41.225
godown_Nalgonda,shop_2387006,43.936
godown_Nalgonda,shop_2387007,41.263
godown_Nalgonda,shop_2387008,44.79
godown_Nalgonda,shop_2387009,40.692
godown_Nalgonda,shop_2387010,30.851
godown_Nalgonda,shop_2387011,37.248
godown_Nalgonda,shop_2387012,39.32
godown_Nalgonda,shop_2387013,39.31
godown_Nalgonda,shop_2387014,37.7
godown_Nalgonda,shop_2387015,36.644
godown_Nalgonda,shop_2387016,33.928
godown_Nalgonda,shop_2387017,32.577
godown_Nalgonda,shop_2387018,41.641
godown_Nalgonda,shop_2387019,39.534
godown_Nalgonda,shop_2387020,52.642
godown_Nalgonda,shop_2387021,52.393
godown_Nalgonda,shop_2387022,51.608
godown_Nalgonda,shop_2387023,47.342
godown_Nalgonda,shop_2387024,44.864
godown_Nalgonda,shop_2387025,46.562
godown_Nalgonda,shop_2387026,46.954
godown_Nalgonda,shop_2387027,44.92
godown_Nalgonda,shop_2387028,46.824
godown_Nalgonda,shop_2387029,44.791
godown_Nalgonda,shop_2387030,51.194
godown_Nalgonda,shop_2387031,39.927
godown_Nalgonda,shop_2387032,39.978
godown_Nalgonda,shop_2387033,39.347
godown_Nalgonda,shop_2387035,41.818
godown_Nalgonda,shop_2388001,48.831
godown_Nalgonda,shop_2388002,54.639
godown_Nalgonda,shop_2388003,56.826
godown_Nalgonda,shop_2388004,56.602
godown_Nalgonda,shop_2388005,56.898
godown_Nalgonda,shop_2388006,58.052
godown_Nalgonda,shop_2388007,56.234
godown_Nalgonda,shop_2388008,58.936
godown_Nalgonda,shop_2388009,55.825
godown_Nalgonda,shop_2388010,61.884
godown_Nalgonda,shop_2388011,61.241
godown_Nalgonda,shop_2388012,58.456
godown_Nalgonda,shop_2388013,58.807
godown_Nalgonda,shop_2388014,56.503
godown_Nalgonda,shop_2388015,55.828
godown_Nalgonda,shop_2388016,60.505
godown_Nalgonda,shop_2388017,56.769
godown_Nalgonda,shop_2388018,57.078
godown_Nalgonda,shop_2388019,56.825
godown_Nalgonda,shop_2388020,56.772
godown_Nalgonda,shop_2388021,55.625
godown_Nalgonda,shop_2388022,58.747
godown_Nalgonda,shop_2389001,48.304
godown_Nalgonda,shop_2389002,50.083
godown_Nalgonda,shop_2389003,48.303
godown_Nalgonda,shop_2389004,48.387
godown_Nalgonda,shop_2389005,48.453
godown_Nalgonda,shop_2389006,43.633
godown_Nalgonda,shop_2389007,48.375
godown_Nalgonda,shop_2389008,46.727
godown_Nalgonda,shop_2389009,48.901
godown_Nalgonda,shop_2389010,47.315
godown_Nalgonda,shop_2389011,51.773
godown_Nalgonda,shop_2389012,51.198
godown_Nalgonda,shop_2389013,51.278
godown_Nalgonda,shop_2389014,50.232
godown_Nalgonda,shop_2389015,49.573
godown_Nalgonda,shop_2389016,52.739
godown_Nalgonda,shop_2389017,53.898
godown_Nalgonda,shop_2389018,47.247
godown_Nalgonda,shop_2389019,47.492
godown_Nalgonda,shop_2389020,51.744
godown_Khammam,shop_2220001,39.455
godown_Khammam,shop_2220002,3.548
godown_Khammam,shop_2220003,34.788
godown_Khammam,shop_2220004,32.391
godown_Khammam,shop_2220005,32.045
godown_Khammam,shop_2220006,31.832
godown_Khammam,shop_2220007,27.637
godown_Khammam,shop_2220008,31.381
godown_Khammam,shop_2220009,27.525
godown_Khammam,shop_2220010,34.06
godown_Khammam,shop_2220011,32.428
godown_Khammam,shop_2220012,25.019
godown_Khammam,shop_2220013,40.625
godown_Khammam,shop_2220014,36.339
godown_Khammam,shop_2220015,38.935
godown_Khammam,shop_2220016,35.832
godown_Khammam,shop_2220017,37.921
godown_Khammam,shop_2220018,36.759
godown_Khammam,shop_2220019,35.509
godown_Khammam,shop_2220020,24.155
godown_Khammam,shop_2220021,29.516
godown_Khammam,shop_2220022,31.026
godown_Khammam,shop_2220023,31.389
godown_Khammam,shop_2220024,30.248
godown_Khammam,shop_2220025,38.454
godown_Khammam,shop_2220026,33.77
godown_Khammam,shop_2220027,29.479
godown_Khammam,shop_2220028,34.33
godown_Khammam,shop_2220029,36.299
godown_Khammam,shop_2220030,26.617
godown_Khammam,shop_2220031,34.033
godown_Khammam,shop_2220032,27.452
godown_Khammam,shop_2220034,39.904
godown_Khammam,shop_2220035,37.693
godown_Khammam,shop_2223001,27.754
godown_Khammam,shop_2223002,26.404
godown_Khammam,shop_2223003,25.738
godown_Khammam,shop_2223004,25.155
godown_Khammam,shop_2223005,20.743
godown_Khammam,shop_2223006,22.992
godown_Khammam,shop_2223007,21.87
godown_Khammam,shop_2223008,20.037
godown_Khammam,shop_2223009,16.551
godown_Khammam,shop_2223010,16.768
godown_Khammam,shop_2223012,18.938
godown_Khammam,shop_2223013,24.345
godown_Khammam,shop_2223014,21.114
godown_Khammam,shop_2223015,24.343
godown_Khammam,shop_2223016,19.953
godown_Khammam,shop_2223017,24.502
godown_Khammam,shop_2223018,26.501
godown_Khammam,shop_2223019,20.968
godown_Khammam,shop_2223020,18.086
godown_Khammam,shop_2223021,18.983
godown_Khammam,shop_2223023,19.938
godown_Khammam,shop_2223024,21.251
godown_Khammam,shop_2223025,16.83
godown_Khammam,shop_2223026,20.56
godown_Khammam,shop_2223027,24.488
godown_Khammam,shop_2223028,21.711
godown_Khammam,shop_2223029,24.362
godown_Khammam,shop_2223030,26.778
godown_Khammam,shop_2223031,18.911
godown_Khammam,shop_2223032,28.251
godown_Khammam,shop_2229008,72.242
godown_Khammam,shop_2229009,74.23
godown_Khammam,shop_2229010,74.082
godown_Khammam,shop_2229011,76.438
godown_Khammam,shop_2229012,78.918
godown_Khammam,shop_2229013,79.705
godown_Khammam,shop_2229014,79.8
godown_Khammam,shop_2229015,77.82
godown_Khammam,shop_2229016,76.885
godown_Khammam,shop_2229017,76.573
godown_Khammam,shop_2229018,76.255
godown_Khammam,shop_2229019,73.534
godown_Khammam,shop_2229020,73.673
godown_Khammam,shop_2229021,70.129
godown_Khammam,shop_2229022,70.836
godown_Khammam,shop_2229023,66.179
godown_Khammam,shop_2229024,66.95
godown_Khammam,shop_2229025,66.492
godown_Khammam,shop_2229026,67.925
godown_Khammam,shop_2229030,72.829
godown_Khammam,shop_2229031,79.799
godown_Khammam,shop_2229032,73.906
godown_Khammam,shop_2229033,80.984
godown_Khammam,shop_2229034,79.411
godown_Khammam,shop_2229035,76.098
godown_Khammam,shop_2229036,73.218
godown_Khammam,shop_2229037,73.436
godown_Khammam,shop_2229038,72.306
godown_Khammam,shop_2230001,72.159
godown_Khammam,shop_2230002,77.15
godown_Khammam,shop_2230003,70.529
godown_Khammam,shop_2230004,69.313
godown_Khammam,shop_2230005,70.736
godown_Khammam,shop_2230006,71.466
godown_Khammam,shop_2230007,75.493
godown_Khammam,shop_2230008,75.971
godown_Khammam,shop_2230009,73.241
godown_Khammam,shop_2230010,78.073
godown_Khammam,shop_2230011,68.975
godown_Khammam,shop_2230012,63.082
godown_Khammam,shop_2230013,64.41
godown_Khammam,shop_2230014,62.473
godown_Khammam,shop_2230016,60.735
godown_Khammam,shop_2230017,61.888
godown_Khammam,shop_2230018,57.781
godown_Khammam,shop_2230019,57.186
godown_Khammam,shop_2230020,58.085
godown_Khammam,shop_2230021,68.63
godown_Khammam,shop_2230022,65.453
godown_Khammam,shop_2230023,63.273
godown_Khammam,shop_2230024,60.643
godown_Khammam,shop_2230025,67.342
godown_Khammam,shop_2230026,70.803
godown_Khammam,shop_2230027,69.802
godown_Khammam,shop_2230028,76.158
godown_Khammam,shop_2230029,72.1
godown_Khammam,shop_2230030,76.282
godown_Khammam,shop_2231001,62.569
godown_Khammam,shop_2231002,62.029
godown_Khammam,shop_2231003,63.227
godown_Khammam,shop_2231004,59.406
godown_Khammam,shop_2231005,58.217
godown_Khammam,shop_2231006,57.1
godown_Khammam,shop_2231007,53.389
godown_Khammam,shop_2231008,51.448
godown_Khammam,shop_2231009,56.47
godown_Khammam,shop_2231010,52.394
godown_Khammam,shop_2231011,50.902
godown_Khammam,shop_2231012,50.084
godown_Khammam,shop_2231013,48.131
godown_Khammam,shop_2231014,52.011
godown_Khammam,shop_2231015,54.032
godown_Khammam,shop_2231016,54.442
godown_Khammam,shop_2231017,56.324
godown_Khammam,shop_2231018,58.903
godown_Khammam,shop_2231019,55.151
godown_Khammam,shop_2231020,56.184
godown_Khammam,shop_2231021,54.825
godown_Khammam,shop_2231022,59.161
godown_Khammam,shop_2231023,54.061
godown_Khammam,shop_2231024,62.185
godown_Khammam,shop_2231025,53.387
godown_Khammam,shop_2231026,51.855
godown_Khammam,shop_2231027,58.881
godown_Khammam,shop_2231028,53.803
godown_Khammam,shop_2232001,42.413
godown_Khammam,shop_2232002,42.328
godown_Khammam,shop_2232003,42.927
godown_Khammam,shop_2232004,39.797
godown_Khammam,shop_2232005,44.665
godown_Khammam,shop_2232006,40.085
godown_Khammam,shop_2232007,44.577
godown_Khammam,shop_2232008,46.241
godown_Khammam,shop_2232009,47.237
godown_Khammam,shop_2232010,40.218
godown_Khammam,shop_2232011,37.532
godown_Khammam,shop_2232012,42.258
godown_Khammam,shop_2232013,35.958
godown_Khammam,shop_2232014,46.315
godown_Khammam,shop_2232015,46.711
godown_Khammam,shop_2232016,48.564
godown_Khammam,shop_2232017,43.997
godown_Khammam,shop_2232018,43.558
godown_Khammam,shop_2232019,45.046
godown_Khammam,shop_2232020,42.314
godown_Khammam,shop_2232021,39.162
godown_Khammam,shop_2232022,39.904
godown_Khammam,shop_2232023,38.599
godown_Khammam,shop_2232024,37.326
godown_Khammam,shop_2232025,38.198
godown_Khammam,shop_2232026,39.568
godown_Khammam,shop_2232027,38.338
godown_Khammam,shop_2232028,39.228
godown_Khammam,shop_2232029,47.725
godown_Khammam,shop_2232030,41.559
godown_Khammam,shop_2232031,38.005
godown_Khammam,shop_2232032,41.625
godown_Khammam,shop_2232033,43.485
godown_Khammam,shop_2233001,33.374
godown_Khammam,shop_2233002,34.908
godown_Khammam,shop_2233003,33.642
godown_Khammam,shop_2233004,33.945
godown_Khammam,shop_2233005,33.98
godown_Khammam,shop_2233006,35.706
godown_Khammam,shop_2233007,33.048
godown_Khammam,shop_2233008,32.403
godown_Khammam,shop_2233009,29.23
godown_Khammam,shop_2233010,29.092
godown_Khammam,shop_2233011,28.224
godown_Khammam,shop_2233012,28.046
godown_Khammam,shop_2233013,27.035
godown_Khammam,shop_2233014,31.093
godown_Khammam,shop_2233015,30.052
godown_Khammam,shop_2233016,30.019
godown_Khammam,shop_2233017,29.216
godown_Khammam,shop_2233018,28.78
godown_Khammam,shop_2233019,29.59
godown_Khammam,shop_2233020,29.461
godown_Khammam,shop_2233021,29.561
godown_Khammam,shop_2233022,32.784
godown_Khammam,shop_2233023,34.539
godown_Khammam,shop_2233024,32.952
godown_Khammam,shop_2233025,36.01
godown_Khammam,shop_2233026,38.448
godown_Khammam,shop_2234001,36.027
godown_Khammam,shop_2234002,32.216
godown_Khammam,shop_2234003,34.935
godown_Khammam,shop_2234004,33.987
godown_Khammam,shop_2234005,31.201
godown_Khammam,shop_2234006,31.185
godown_Khammam,shop_2234007,26.95
godown_Khammam,shop_2234009,27.536
godown_Khammam,shop_2234010,26.458
godown_Khammam,shop_2234011,26.56
godown_Khammam,shop_2234012,27.062
godown_Khammam,shop_2234013,29.291
godown_Khammam,shop_2234014,31.834
godown_Khammam,shop_2234015,25.947
godown_Khammam,shop_2234016,28.326
godown_Khammam,shop_2234017,38.504
godown_Khammam,shop_2234018,24.006
godown_Khammam,shop_2234019,25.544
godown_Khammam,shop_2234020,32.237
godown_Khammam,shop_2235001,22.38
godown_Khammam,shop_2235002,22.985
godown_Khammam,shop_2235003,24.074
godown_Khammam,shop_2235004,22.751
godown_Khammam,shop_2235005,22.401
godown_Khammam,shop_2235006,19.301
godown_Khammam,shop_2235007,18.134
godown_Khammam,shop_2235008,11.699
godown_Khammam,shop_2235009,13.89
godown_Khammam,shop_2235010,15.364
godown_Khammam,shop_2235011,10.827
godown_Khammam,shop_2235012,15.763
godown_Khammam,shop_2235013,17.232
godown_Khammam,shop_2235014,18.129
godown_Khammam,shop_2235015,18.519
godown_Khammam,shop_2235016,21.381
godown_Khammam,shop_2235017,21.201
godown_Khammam,shop_2235018,19.5
godown_Khammam,shop_2235019,19.282
godown_Khammam,shop_2235020,19.688
godown_Khammam,shop_2235021,14.724
godown_Khammam,shop_2235022,12.263
godown_Khammam,shop_2235023,15.946
godown_Khammam,shop_2235024,11.688
godown_Khammam,shop_2235025,19.238
godown_Khammam,shop_2235026,10.824
godown_Khammam,shop_2235027,16.948
godown_Khammam,shop_2235028,20.799
godown_Khammam,shop_2235029,22.281
godown_Khammam,shop_2235030,14.046
godown_Khammam,shop_2235032,25.266
godown_Khammam,shop_2235033,15.951
godown_Khammam,shop_2235034,22.606
godown_Khammam,shop_2235035,15.364
godown_Khammam,shop_2235036,22.064
godown_Khammam,shop_2235037,20.925
godown_Khammam,shop_2235038,10.827
godown_Khammam,shop_2235039,22.472
godown_Khammam,shop_2235040,11.707
godown_Khammam,shop_2235041,13.755
godown_Khammam,shop_2235042,15.197
godown_Khammam,shop_2236043,0.997
godown_Khammam,shop_2236044,3.739
godown_Khammam,shop_2236045,2.174
godown_Khammam,shop_2236059,3.884
godown_Khammam,shop_2236060,4.419
godown_Khammam,shop_2236061,6.791
godown_Khammam,shop_2236062,4.906
godown_Khammam,shop_2236063,4.238
godown_Khammam,shop_2236064,2.88
godown_Khammam,shop_2236065,3.083
godown_Khammam,shop_2236077,4.196
godown_Khammam,shop_2236082,5.724
godown_Khammam,shop_2236083,6.466
godown_Khammam,shop_2236084,4.187
godown_Khammam,shop_2236087,3.729
godown_Khammam,shop_2236090,1.579
godown_Khammam,shop_2236091,1.781
godown_Khammam,shop_2236093,2.079
godown_Khammam,shop_2236095,4.912
godown_Khammam,shop_2236097,8972.036
godown_Khammam,shop_2236107,0.482
godown_Khammam,shop_2236113,5.032
godown_Khammam,shop_2236234,2.291
godown_Khammam,shop_2236235,8972.036
godown_Khammam,shop_2236236,3.711
godown_Khammam,shop_2237001,8.971
godown_Khammam,shop_2237002,8.485
godown_Khammam,shop_2237008,10.602
godown_Khammam,shop_2237009,11.049
godown_Khammam,shop_2237010,7.707
godown_Khammam,shop_2237011,7.563
godown_Khammam,shop_2237012,7.561
godown_Khammam,shop_2237013,6.256
godown_Khammam,shop_2237014,6.334
godown_Khammam,shop_2237015,11.758
godown_Khammam,shop_2237016,9.654
godown_Khammam,shop_2237017,11.934
godown_Khammam,shop_2237018,11.749
godown_Khammam,shop_2237019,5.213
godown_Khammam,shop_2237020,6.543
godown_Khammam,shop_2237021,6.508
godown_Khammam,shop_2237022,10.827
godown_Khammam,shop_2237023,12.068
godown_Khammam,shop_2237024,10.102
godown_Khammam,shop_2237025,8.07
godown_Khammam,shop_2237026,7.846
godown_Khammam,shop_2237027,6.352
godown_Khammam,shop_2237028,6.7
godown_Khammam,shop_2237029,8.682
godown_Khammam,shop_2237030,12.586
godown_Khammam,shop_2237031,6.546
godown_Khammam,shop_2237032,2.957
godown_Khammam,shop_2237033,3.563
godown_Khammam,shop_2237034,6.211
godown_Khammam,shop_2237035,13.382
godown_Khammam,shop_2237036,5.188
godown_Khammam,shop_2237037,8.011
godown_Khammam,shop_2237038,6.38
godown_Khammam,shop_2237039,5.637
godown_Khammam,shop_2237041,11.783
godown_Khammam,shop_2237042,3.095
godown_Khammam,shop_2237043,3.557
godown_Khammam,shop_2237044,3.83
godown_Khammam,shop_2237045,8972.036
godown_Khammam,shop_2237046,6.096
godown_Khammam,shop_2238001,14.379
godown_Khammam,shop_2238002,13.54
godown_Khammam,shop_2238003,13.594
godown_Khammam,shop_2238004,14.523
godown_Khammam,shop_2238005,16.657
godown_Khammam,shop_2238006,16.708
godown_Khammam,shop_2238007,20.335
godown_Khammam,shop_2238008,19.329
godown_Khammam,shop_2238009,17.135
godown_Khammam,shop_2238010,22.894
godown_Khammam,shop_2238011,21.48
godown_Khammam,shop_2238012,17.254
godown_Khammam,shop_2238013,20.615
godown_Khammam,shop_2238014,22.872
godown_Khammam,shop_2238015,22.823
godown_Khammam,shop_2238016,25.803
godown_Khammam,shop_2238017,22.267
godown_Khammam,shop_2238018,23.811
godown_Khammam,shop_2238020,23.778
godown_Khammam,shop_2238021,28.358
godown_Khammam,shop_2238022,27.901
godown_Khammam,shop_2238023,29.136
godown_Khammam,shop_2238024,27.923
godown_Khammam,shop_2238025,27.544
godown_Khammam,shop_2238026,32.09
godown_Khammam,shop_2238027,24.942
godown_Khammam,shop_2238028,33.9
godown_Khammam,shop_2238029,33.9
godown_Khammam,shop_2238030,31.589
godown_Khammam,shop_2238031,34.382
godown_Khammam,shop_2238032,30.728
godown_Khammam,shop_2238033,27.255
godown_Khammam,shop_2238034,29.954
godown_Khammam,shop_2238035,28.106
godown_Khammam,shop_2238036,23.002
godown_Khammam,shop_2238037,17.191
godown_Khammam,shop_2238038,36.848
godown_Khammam,shop_2238039,16.669
godown_Khammam,shop_2238040,24.949
godown_Khammam,shop_2239001,27.057
godown_Khammam,shop_2239002,25.03
godown_Khammam,shop_2239003,26.6
godown_Khammam,shop_2239004,24.136
godown_Khammam,shop_2239005,24.442
godown_Khammam,shop_2239006,28.023
godown_Khammam,shop_2239007,27.539
godown_Khammam,shop_2239008,26.246
godown_Khammam,shop_2239009,24.967
godown_Khammam,shop_2239010,23.387
godown_Khammam,shop_2239011,23.521
godown_Khammam,shop_2239012,21.159
godown_Khammam,shop_2239013,21.504
godown_Khammam,shop_2239014,24.458
godown_Khammam,shop_2239015,20.966
godown_Khammam,shop_2239016,20.849
godown_Khammam,shop_2239017,20.817
godown_Khammam,shop_2239018,19.799
godown_Khammam,shop_2239019,20.608
godown_Khammam,shop_2239020,22.235
godown_Khammam,shop_2239021,22.007
godown_Khammam,shop_2239022,17.243
godown_Khammam,shop_2239023,15.501
godown_Khammam,shop_2239024,12.669
godown_Khammam,shop_2239025,15.124
godown_Khammam,shop_2239026,16.296
godown_Khammam,shop_2239027,17.677
godown_Khammam,shop_2239028,16.424
godown_Khammam,shop_2239029,17.09
godown_Khammam,shop_2239030,18.701
godown_Khammam,shop_2239031,13.414
godown_Khammam,shop_2239032,22.404
godown_Khammam,shop_2239033,24.627
godown_Khammam,shop_2239034,27.375
godown_Khammam,shop_2239035,27.857
godown_Khammam,shop_2239036,28.068
godown_Khammam,shop_2239037,24.721
godown_Khammam,shop_2239038,28.645
godown_Khammam,shop_2239039,20.16
godown_Khammam,shop_2239040,15.5
godown_Khammam,shop_2239041,14.945
godown_Khammam,shop_2240001,19.316
godown_Khammam,shop_2240002,19.303
godown_Khammam,shop_2240003,18.899
godown_Khammam,shop_2240004,19.907
godown_Khammam,shop_2240005,19.887
godown_Khammam,shop_2240006,18.71
godown_Khammam,shop_2240007,17.678
godown_Khammam,shop_2240008,20.402
godown_Khammam,shop_2240009,16.518
godown_Khammam,shop_2240010,15.528
godown_Khammam,shop_2240011,17.239
godown_Khammam,shop_2240012,19.212
godown_Khammam,shop_2240013,19.308
godown_Khammam,shop_2240014,20.717
godown_Khammam,shop_2240015,20.056
godown_Khammam,shop_2240016,17.531
godown_Khammam,shop_2240017,17.834
godown_Khammam,shop_2240018,31.056
godown_Khammam,shop_2240019,29.479
godown_Khammam,shop_2240020,21.981
godown_Khammam,shop_2240021,22.542
godown_Khammam,shop_2240022,24.837
godown_Khammam,shop_2240023,24.02
godown_Khammam,shop_2240024,19.839
godown_Khammam,shop_2240025,22.305
godown_Khammam,shop_2240026,24.799
godown_Khammam,shop_2240027,21.693
godown_Khammam,shop_2240028,22.032
godown_Khammam,shop_2240029,24.337
godown_Khammam,shop_2240030,24.228
godown_Khammam,shop_2240031,23.048
godown_Khammam,shop_2240032,29.631
godown_Khammam,shop_2240033,27.296
godown_Khammam,shop_2240034,27.611
godown_Khammam,shop_2240035,20.074
godown_Khammam,shop_2240036,22.417
godown_Khammam,shop_2240037,24.402
godown_Khammam,shop_2240038,24.946
godown_Khammam,shop_2240039,23.492
godown_Khammam,shop_2240040,25.542
godown_Khammam,shop_2240041,21.036
godown_Khammam,shop_2241001,14.575
godown_Khammam,shop_2241002,12.141
godown_Khammam,shop_2241003,11.711
godown_Khammam,shop_2241004,15.587
godown_Khammam,shop_2241005,11.705
godown_Khammam,shop_2241006,10.476
godown_Khammam,shop_2241007,9.82
godown_Khammam,shop_2241008,9.815
godown_Khammam,shop_2241009,9.353
godown_Khammam,shop_2241010,9.996
godown_Khammam,shop_2241011,8.654
godown_Khammam,shop_2241012,10.695
godown_Khammam,shop_2241013,12.591
godown_Khammam,shop_2241014,15.705
godown_Khammam,shop_2241015,15.296
godown_Khammam,shop_2241016,13.121
godown_Khammam,shop_2241017,15.937
godown_Khammam,shop_2241018,14.604
godown_Khammam,shop_2241019,16.557
godown_Khammam,shop_2241020,18.25
godown_Khammam,shop_2241021,19.626
godown_Khammam,shop_2241022,21.411
godown_Khammam,shop_2241023,26.816
godown_Khammam,shop_2241024,26.965
godown_Khammam,shop_2241025,25.344
godown_Khammam,shop_2241026,14.507
godown_Khammam,shop_2241027,25.493
godown_Khammam,shop_2241028,15.501
godown_Khammam,shop_2241029,26.936
godown_Khammam,shop_2241030,21.47
godown_Khammam,shop_2241031,18.716
godown_Khammam,shop_2241032,2.16
godown_Khammam,shop_2241033,9.75
godown_Khammam,shop_2241034,19.915
godown_Khammam,shop_2241035,26.67
godown_Khammam,shop_2241036,26.863
godown_Khammam,shop_2241037,11.856
godown_Khammam,shop_2242001,9.396
godown_Khammam,shop_2242002,9.833
godown_Khammam,shop_2242003,12.784
godown_Khammam,shop_2242004,16.034
godown_Khammam,shop_2242005,19.266
godown_Khammam,shop_2242006,20.451
godown_Khammam,shop_2242007,20.25
godown_Khammam,shop_2242008,14.994
godown_Khammam,shop_2242009,17.694
godown_Khammam,shop_2242010,15.195
godown_Khammam,shop_2242011,20.324
godown_Khammam,shop_2242012,15.894
godown_Khammam,shop_2242013,15.895
godown_Khammam,shop_2242014,3.156
godown_Khammam,shop_2242015,21.884
godown_Khammam,shop_2242016,20.957
godown_Khammam,shop_2242017,21.993
godown_Khammam,shop_2242018,19.643
godown_Khammam,shop_2242019,11.81
godown_Khammam,shop_2242020,11.354
godown_Khammam,shop_2242021,8.649
godown_Khammam,shop_2242022,8.608
godown_Khammam,shop_2242023,19.616
godown_Khammam,shop_2242024,18.077
godown_Khammam,shop_2242025,1.11
godown_Khammam,shop_2242026,14.169
godown_Khammam,shop_2242027,21.373
godown_Khammam,shop_2242028,11.443
godown_Khammam,shop_2242029,9.908
godown_Khammam,shop_2243001,23.672
godown_Khammam,shop_2243002,26.795
godown_Khammam,shop_2243003,23.051
godown_Khammam,shop_2243004,27.183
godown_Khammam,shop_2243005,28.323
godown_Khammam,shop_2243006,28.972
godown_Khammam,shop_2243007,30.59
godown_Khammam,shop_2243008,22.932
godown_Khammam,shop_2243009,26.022
godown_Khammam,shop_2243010,23.713
godown_Khammam,shop_2243011,24.479
godown_Khammam,shop_2243012,29.81
godown_Khammam,shop_2243013,26.407
godown_Khammam,shop_2243014,29.73
godown_Khammam,shop_2243015,26.915
godown_Khammam,shop_2243016,30.384
godown_Khammam,shop_2243017,28.527
godown_Khammam,shop_2243018,24.744
godown_Khammam,shop_2243019,22.539
godown_Khammam,shop_2243020,23.014
godown_Khammam,shop_2243021,23.345
godown_Khammam,shop_2243022,28.086
godown_Khammam,shop_2243023,22.578
godown_Khammam,shop_2243024,30.742
godown_Khammam,shop_2243025,22.543
godown_Khammam,shop_2243026,25.456
godown_Khammam,shop_2243027,26.793
godown_Khammam,shop_2243028,31.502
godown_Khammam,shop_2243029,31.17
godown_Khammam,shop_2244001,27.685
godown_Khammam,shop_2244002,27.796
godown_Khammam,shop_2244003,27.281
godown_Khammam,shop_2244004,26.199
godown_Khammam,shop_2244005,28.151
godown_Khammam,shop_2244006,24.613
godown_Khammam,shop_2244007,25.01
godown_Khammam,shop_2244008,32.726
godown_Khammam,shop_2244009,23.29
godown_Khammam,shop_2244010,24.703
godown_Khammam,shop_2244011,32.995
godown_Khammam,shop_2244012,36.854
godown_Khammam,shop_2244013,34.423
godown_Khammam,shop_2244014,29.69
godown_Khammam,shop_2244015,28.585
godown_Khammam,shop_2244016,29.449
godown_Khammam,shop_2244017,31.778
godown_Khammam,shop_2244018,21.577
godown_Khammam,shop_2244019,22.976
godown_Khammam,shop_2244020,29.532
godown_Khammam,shop_2244021,33.129
godown_Khammam,shop_2244022,28.335
godown_Khammam,shop_2244023,27.685
godown_Khammam,shop_2244024,22.089
godown_Khammam,shop_2245001,42.561
godown_Khammam,shop_2245002,43.094
godown_Khammam,shop_2245003,43.232
godown_Khammam,shop_2245004,43.233
godown_Khammam,shop_2245005,43.202
godown_Khammam,shop_2245006,42.855
godown_Khammam,shop_2245007,42.851
godown_Khammam,shop_2245008,38.582
godown_Khammam,shop_2245009,41.402
godown_Khammam,shop_2245010,41.558
godown_Khammam,shop_2245011,32.824
godown_Khammam,shop_2245012,33.64
godown_Khammam,shop_2245013,41.718
godown_Khammam,shop_2245014,43.857
godown_Khammam,shop_2245015,44.473
godown_Khammam,shop_2245016,35.522
godown_Khammam,shop_2245017,45.637
godown_Khammam,shop_2245018,47.878
godown_Khammam,shop_2245019,37.441
godown_Khammam,shop_2245020,39.104
godown_Khammam,shop_2245021,50.014
godown_Khammam,shop_2245022,53.207
godown_Khammam,shop_2245023,40.969
godown_Khammam,shop_2245024,48.442
godown_Khammam,shop_2245025,48.31
godown_Khammam,shop_2245026,45.582
godown_Khammam,shop_2245027,47.35
godown_Khammam,shop_2245028,45.296
godown_Khammam,shop_2245029,51.835
godown_Khammam,shop_2245030,48.524
godown_Khammam,shop_2245031,46.641
godown_Khammam,shop_2245034,35.51
godown_Khammam,shop_2245035,42.198
godown_Khammam,shop_2245036,44.504
godown_Khammam,shop_2245038,39.918
godown_Khammam,shop_2245039,33.294
godown_Khammam,shop_2245040,42.566
godown_Khammam,shop_2245041,34.408
godown_Khammam,shop_2245042,42.203
godown_Khammam,shop_2245043,41.822
godown_Khammam,shop_2245044,39.364
godown_Khammam,shop_2246001,53.964
godown_Khammam,shop_2246002,58.783
godown_Khammam,shop_2246003,58.639
godown_Khammam,shop_2246004,62.145
godown_Khammam,shop_2246005,65.439
godown_Khammam,shop_2246006,61.165
godown_Khammam,shop_2246007,61.506
godown_Khammam,shop_2246008,59.833
godown_Khammam,shop_2246009,60.726
godown_Khammam,shop_2246010,55.938
godown_Khammam,shop_2246011,55.591
godown_Khammam,shop_2246012,53.698
godown_Khammam,shop_2246013,53.694
godown_Khammam,shop_2246014,51.65
godown_Khammam,shop_2246015,52.94
godown_Khammam,shop_2246016,52.334
godown_Khammam,shop_2246017,50.401
godown_Khammam,shop_2246018,50.4
godown_Khammam,shop_2246019,51.118
godown_Khammam,shop_2246020,52.496
godown_Khammam,shop_2246021,50.524
godown_Khammam,shop_2246022,56.01
godown_Khammam,shop_2246023,52.723
godown_Khammam,shop_2246024,62.99
godown_Khammam,shop_2246025,55.59
godown_Khammam,shop_2246026,61.504
godown_Khammam,shop_2246027,57.749
godown_Khammam,shop_2246040,51.212
godown_Khammam,shop_2281001,1.948
godown_Khammam,shop_2281002,1.843
godown_Khammam,shop_2281003,1.739
godown_Khammam,shop_2281004,2.138
godown_Khammam,shop_2281005,1.382
godown_Khammam,shop_2281006,1.898
godown_Khammam,shop_2281007,1.908
godown_Khammam,shop_2281008,1.774
godown_Khammam,shop_2281009,2.411
godown_Khammam,shop_2281010,2.183
godown_Khammam,shop_2281011,1.598
godown_Khammam,shop_2281012,1.901
godown_Khammam,shop_2281013,2.132
godown_Khammam,shop_2281014,2.472
godown_Khammam,shop_2281015,2.734
godown_Khammam,shop_2281016,1.42
godown_Khammam,shop_2281017,1.265
godown_Khammam,shop_2281018,2.4
godown_Khammam,shop_2281019,8309.568
godown_Khammam,shop_2281020,1.039
godown_Khammam,shop_2281021,1.222
godown_Khammam,shop_2281022,1.026
godown_Khammam,shop_2281023,0.726
godown_Khammam,shop_2281024,0.73
godown_Khammam,shop_2281025,0.574
godown_Khammam,shop_2281026,0.81
godown_Khammam,shop_2281027,1.526
godown_Khammam,shop_2281028,0.56
godown_Khammam,shop_2281029,0.673
godown_Khammam,shop_2281030,2.44
godown_Khammam,shop_2281031,0.804
godown_Khammam,shop_2281032,1.504
godown_Khammam,shop_2281033,0.903
godown_Khammam,shop_2281034,1.007
godown_Khammam,shop_2281035,1.54
godown_Khammam,shop_2281036,1.746
godown_Khammam,shop_2281037,1.746
godown_Khammam,shop_2281038,1.414
godown_Khammam,shop_2281039,0.648
godown_Khammam,shop_2281040,0.423
godown_Khammam,shop_2281041,0.052
godown_Khammam,shop_2281042,0.967
godown_Khammam,shop_2281046,2.021
godown_Khammam,shop_2281047,1.5
godown_Khammam,shop_2281048,2.265
godown_Khammam,shop_2281049,2.231
godown_Khammam,shop_2281050,1.878
godown_Khammam,shop_2281051,1.287
godown_Khammam,shop_2281052,2.142
godown_Khammam,shop_2281053,2.183
godown_Khammam,shop_2281054,0.989
godown_Khammam,shop_2281055,0.775
godown_Khammam,shop_2281056,5.761
godown_Khammam,shop_2281088,1.53
godown_Khammam,shop_2281089,2.598
godown_Khammam,shop_2281094,2.185
godown_Khammam,shop_2281096,2.782
godown_Khammam,shop_2281097,2.243
godown_Khammam,shop_2281101,0.427
godown_Khammam,shop_2281102,2.821
godown_Khammam,shop_2281103,1.076
godown_Khammam,shop_2281104,2.142
godown_Khammam,shop_2281105,0.886
godown_Khammam,shop_2281106,0.472
godown_Khammam,shop_2281108,2.039
godown_Khammam,shop_2281109,2.536
godown_Khammam,shop_2281110,2.329
godown_Khammam,shop_2281111,2.504
godown_Khammam,shop_2281112,1.394
godown_Khammam,shop_2287001,73.598
godown_Khammam,shop_2287002,73.513
godown_Khammam,shop_2287003,73.246
godown_Khammam,shop_2287004,72.729
godown_Khammam,shop_2287005,72.919
godown_Khammam,shop_2287006,72.04
godown_Khammam,shop_2287007,70.737
godown_Khammam,shop_2287027,73.032
godown_Khammam,shop_2287028,71.538
godown_Khammam,shop_2287029,72.469
godown_Khammam,shop_2288001,7.902
godown_Khammam,shop_2288002,8.529
godown_Khammam,shop_2288003,7.286
godown_Khammam,shop_2288004,14.762
godown_Khammam,shop_2288005,12.476
godown_Khammam,shop_2288006,13.349
godown_Khammam,shop_2288007,15.447
godown_Khammam,shop_2288008,16.05
godown_Khammam,shop_2288009,13.487
godown_Khammam,shop_2288010,15.695
godown_Khammam,shop_2288011,15.36
godown_Khammam,shop_2288012,8.487
godown_Khammam,shop_2288013,11.798
godown_Khammam,shop_2288014,2.222
godown_Khammam,shop_2288015,8.194
godown_Khammam,shop_2288016,11.05
godown_Khammam,shop_2288017,11.732
godown_Khammam,shop_2288018,11.246
godown_Khammam,shop_2288019,14.603
godown_Khammam,shop_2288020,7.141
godown_Khammam,shop_2288021,8.199
godown_Khammam,shop_2288022,18.315
godown_Khammam,shop_2288023,9.78
godown_Khammam,shop_2288024,7.638
godown_Khammam,shop_2288025,7.596
godown_Khammam,shop_2288026,8.913
godown_Jogulamba Gadwal,shop_2601001,52.804
godown_Jogulamba Gadwal,shop_2601002,53.207
godown_Jogulamba Gadwal,shop_2601003,52.969
godown_Jogulamba Gadwal,shop_2601004,53.115
godown_Jogulamba Gadwal,shop_2601005,53.109
godown_Jogulamba Gadwal,shop_2601006,52.201
godown_Jogulamba Gadwal,shop_2601007,53.205
godown_Jogulamba Gadwal,shop_2601008,53.202
godown_Jogulamba Gadwal,shop_2601009,46.829
godown_Jogulamba Gadwal,shop_2601012,44.457
godown_Jogulamba Gadwal,shop_2601013,49.644
godown_Jogulamba Gadwal,shop_2601014,49.302
godown_Jogulamba Gadwal,shop_2601015,51.783
godown_Jogulamba Gadwal,shop_2601016,56.665
godown_Jogulamba Gadwal,shop_2601017,52.054
godown_Jogulamba Gadwal,shop_2601018,46.988
godown_Jogulamba Gadwal,shop_2601019,41.846
godown_Jogulamba Gadwal,shop_2601020,42.717
godown_Jogulamba Gadwal,shop_2601021,42.627
godown_Jogulamba Gadwal,shop_2601022,46.219
godown_Jogulamba Gadwal,shop_2601023,46.254
godown_Jogulamba Gadwal,shop_2601024,55.562
godown_Jogulamba Gadwal,shop_2601025,37.436
godown_Jogulamba Gadwal,shop_2601026,55.745
godown_Jogulamba Gadwal,shop_2601027,46.821
godown_Jogulamba Gadwal,shop_2602001,19.191
godown_Jogulamba Gadwal,shop_2602002,11.273
godown_Jogulamba Gadwal,shop_2602003,11.915
godown_Jogulamba Gadwal,shop_2602004,13.345
godown_Jogulamba Gadwal,shop_2602005,11.104
godown_Jogulamba Gadwal,shop_2602006,11.275
godown_Jogulamba Gadwal,shop_2602007,15.251
godown_Jogulamba Gadwal,shop_2602008,19.391
godown_Jogulamba Gadwal,shop_2602009,16.659
godown_Jogulamba Gadwal,shop_2602010,20.519
godown_Jogulamba Gadwal,shop_2602011,17.835
godown_Jogulamba Gadwal,shop_2602012,18.845
godown_Jogulamba Gadwal,shop_2602013,17.311
godown_Jogulamba Gadwal,shop_2602014,14.588
godown_Jogulamba Gadwal,shop_2602015,11.758
godown_Jogulamba Gadwal,shop_2602016,24.227
godown_Jogulamba Gadwal,shop_2602017,21.177
godown_Jogulamba Gadwal,shop_2602018,14.022
godown_Jogulamba Gadwal,shop_2602019,8.601
godown_Jogulamba Gadwal,shop_2602020,9.578
godown_Jogulamba Gadwal,shop_2602021,15.379
godown_Jogulamba Gadwal,shop_2602022,13.667
godown_Jogulamba Gadwal,shop_2602023,17.799
godown_Jogulamba Gadwal,shop_2602024,14.679
godown_Jogulamba Gadwal,shop_2602025,11.294
godown_Jogulamba Gadwal,shop_2602026,13.098
godown_Jogulamba Gadwal,shop_2602027,13.346
godown_Jogulamba Gadwal,shop_2602028,15.017
godown_Jogulamba Gadwal,shop_2602029,17.921
godown_Jogulamba Gadwal,shop_2602030,8.987
godown_Jogulamba Gadwal,shop_2603001,1.513
godown_Jogulamba Gadwal,shop_2603002,2.977
godown_Jogulamba Gadwal,shop_2603003,5.361
godown_Jogulamba Gadwal,shop_2603004,5.828
godown_Jogulamba Gadwal,shop_2603005,11.687
godown_Jogulamba Gadwal,shop_2603006,8.803
godown_Jogulamba Gadwal,shop_2603007,9.362
godown_Jogulamba Gadwal,shop_2603008,9.527
godown_Jogulamba Gadwal,shop_2603009,5.8
godown_Jogulamba Gadwal,shop_2603010,9.627
godown_Jogulamba Gadwal,shop_2603011,3.782
godown_Jogulamba Gadwal,shop_2603012,4.436
godown_Jogulamba Gadwal,shop_2603013,4.583
godown_Jogulamba Gadwal,shop_2603014,4.822
godown_Jogulamba Gadwal,shop_2603015,4.005
godown_Jogulamba Gadwal,shop_2603016,9.355
godown_Jogulamba Gadwal,shop_2603017,5.143
godown_Jogulamba Gadwal,shop_2603018,7.988
godown_Jogulamba Gadwal,shop_2603019,8.026
godown_Jogulamba Gadwal,shop_2603020,3.679
godown_Jogulamba Gadwal,shop_2603021,5.725
godown_Jogulamba Gadwal,shop_2603022,10.545
godown_Jogulamba Gadwal,shop_2603023,6.457
godown_Jogulamba Gadwal,shop_2603024,8.131
godown_Jogulamba Gadwal,shop_2603025,7.886
godown_Jogulamba Gadwal,shop_2603026,15.58
godown_Jogulamba Gadwal,shop_2603027,9.399
godown_Jogulamba Gadwal,shop_2603028,3.773
godown_Jogulamba Gadwal,shop_2603029,1.048
godown_Jogulamba Gadwal,shop_2603030,0.63
godown_Jogulamba Gadwal,shop_2603031,0.987
godown_Jogulamba Gadwal,shop_2603032,0.763
godown_Jogulamba Gadwal,shop_2603033,0.982
godown_Jogulamba Gadwal,shop_2603034,1.156
godown_Jogulamba Gadwal,shop_2603035,0.614
godown_Jogulamba Gadwal,shop_2603036,0.79
godown_Jogulamba Gadwal,shop_2603037,0.437
godown_Jogulamba Gadwal,shop_2603038,0.861
godown_Jogulamba Gadwal,shop_2603039,0.296
godown_Jogulamba Gadwal,shop_2603040,0.942
godown_Jogulamba Gadwal,shop_2603041,0.292
godown_Jogulamba Gadwal,shop_2603042,0.205
godown_Jogulamba Gadwal,shop_2603043,1.019
godown_Jogulamba Gadwal,shop_2603044,0.3
godown_Jogulamba Gadwal,shop_2603045,0.51
godown_Jogulamba Gadwal,shop_2603046,0.461
godown_Jogulamba Gadwal,shop_2603047,0.862
godown_Jogulamba Gadwal,shop_2603048,0.382
godown_Jogulamba Gadwal,shop_2603049,1.205
godown_Jogulamba Gadwal,shop_2603050,9.517
godown_Jogulamba Gadwal,shop_2604001,39.169
godown_Jogulamba Gadwal,shop_2604002,27.618
godown_Jogulamba Gadwal,shop_2604003,27.551
godown_Jogulamba Gadwal,shop_2604004,23.632
godown_Jogulamba Gadwal,shop_2604005,26.215
godown_Jogulamba Gadwal,shop_2604006,29.659
godown_Jogulamba Gadwal,shop_2604007,21.834
godown_Jogulamba Gadwal,shop_2604008,21.827
godown_Jogulamba Gadwal,shop_2604009,21.785
godown_Jogulamba Gadwal,shop_2604010,26.029
godown_Jogulamba Gadwal,shop_2604011,20.473
godown_Jogulamba Gadwal,shop_2604012,30.983
godown_Jogulamba Gadwal,shop_2604013,29.081
godown_Jogulamba Gadwal,shop_2604014,32.043
godown_Jogulamba Gadwal,shop_2604015,32.648
godown_Jogulamba Gadwal,shop_2604016,31.929
godown_Jogulamba Gadwal,shop_2604017,32.563
godown_Jogulamba Gadwal,shop_2604018,31.41
godown_Jogulamba Gadwal,shop_2604019,27.52
godown_Jogulamba Gadwal,shop_2604020,27.502
godown_Jogulamba Gadwal,shop_2604021,35.533
godown_Jogulamba Gadwal,shop_2604023,21.561
godown_Jogulamba Gadwal,shop_2604024,23.698
godown_Jogulamba Gadwal,shop_2604025,31.932
godown_Jogulamba Gadwal,shop_2604026,36.653
godown_Jogulamba Gadwal,shop_2604027,31.185
godown_Jogulamba Gadwal,shop_2604028,27.152
godown_Jogulamba Gadwal,shop_2604029,25.2
godown_Jogulamba Gadwal,shop_2605001,27.682
godown_Jogulamba Gadwal,shop_2605002,27.572
godown_Jogulamba Gadwal,shop_2605003,27.522
godown_Jogulamba Gadwal,shop_2605004,27.901
godown_Jogulamba Gadwal,shop_2605005,27.838
godown_Jogulamba Gadwal,shop_2605006,27.801
godown_Jogulamba Gadwal,shop_2605007,27.891
godown_Jogulamba Gadwal,shop_2605008,27.834
godown_Jogulamba Gadwal,shop_2605009,27.777
godown_Jogulamba Gadwal,shop_2605010,27.652
godown_Jogulamba Gadwal,shop_2605011,27.663
godown_Jogulamba Gadwal,shop_2605012,27.781
godown_Jogulamba Gadwal,shop_2605013,28.468
godown_Jogulamba Gadwal,shop_2605014,33.391
godown_Jogulamba Gadwal,shop_2605015,31.08
godown_Jogulamba Gadwal,shop_2605016,29.92
godown_Jogulamba Gadwal,shop_2605017,26.855
godown_Jogulamba Gadwal,shop_2605018,23.751
godown_Jogulamba Gadwal,shop_2605019,37.075
godown_Jogulamba Gadwal,shop_2605020,36.618
godown_Jogulamba Gadwal,shop_2605021,34.727
godown_Jogulamba Gadwal,shop_2605022,35.593
godown_Jogulamba Gadwal,shop_2605023,35.446
godown_Jogulamba Gadwal,shop_2605024,39.357
godown_Jogulamba Gadwal,shop_2605025,40.18
godown_Jogulamba Gadwal,shop_2605026,31.306
godown_Jogulamba Gadwal,shop_2605027,30.532
godown_Jogulamba Gadwal,shop_2605028,27.802
godown_Jogulamba Gadwal,shop_2605029,26.316
godown_Jogulamba Gadwal,shop_2605030,26.41
godown_Jogulamba Gadwal,shop_2605031,22.639
godown_Jogulamba Gadwal,shop_2605032,41.065
godown_Jogulamba Gadwal,shop_2605033,40.959
godown_Jogulamba Gadwal,shop_2605034,41.44
godown_Jogulamba Gadwal,shop_2605035,40.552
godown_Jogulamba Gadwal,shop_2605036,40.728
godown_Jogulamba Gadwal,shop_2605037,41.775
godown_Jogulamba Gadwal,shop_2605038,43.659
godown_Jogulamba Gadwal,shop_2605039,35.801
godown_Jogulamba Gadwal,shop_2605040,26.225
godown_Jogulamba Gadwal,shop_2605041,31.53
godown_Jogulamba Gadwal,shop_2605042,32.059
godown_Jogulamba Gadwal,shop_2605043,27.911
godown_Jogulamba Gadwal,shop_2605044,27.592
godown_Jogulamba Gadwal,shop_2605045,27.66
godown_Jogulamba Gadwal,shop_2605046,27.592
godown_Jogulamba Gadwal,shop_2606001,12.38
godown_Jogulamba Gadwal,shop_2606002,23.095
godown_Jogulamba Gadwal,shop_2606003,15.048
godown_Jogulamba Gadwal,shop_2606004,18.142
godown_Jogulamba Gadwal,shop_2606005,21.946
godown_Jogulamba Gadwal,shop_2606007,17.595
godown_Jogulamba Gadwal,shop_2606011,22.526
godown_Jogulamba Gadwal,shop_2606012,17.164
godown_Jogulamba Gadwal,shop_2606013,23.91
godown_Jogulamba Gadwal,shop_2606017,18.091
godown_Jogulamba Gadwal,shop_2606022,12.235
godown_Jogulamba Gadwal,shop_2606023,23.838
godown_Jogulamba Gadwal,shop_2606028,15.508
godown_Jogulamba Gadwal,shop_2607001,22.473
godown_Jogulamba Gadwal,shop_2607002,0.247
godown_Jogulamba Gadwal,shop_2607003,30.12
godown_Jogulamba Gadwal,shop_2607004,30.102
godown_Jogulamba Gadwal,shop_2607005,25.179
godown_Jogulamba Gadwal,shop_2607006,20.764
godown_Jogulamba Gadwal,shop_2607007,21.106
godown_Jogulamba Gadwal,shop_2607008,27.206
godown_Jogulamba Gadwal,shop_2607009,22.017
godown_Jogulamba Gadwal,shop_2607010,23.765
godown_Jogulamba Gadwal,shop_2607011,26.063
godown_Jogulamba Gadwal,shop_2607012,31.193
godown_Jogulamba Gadwal,shop_2607013,31.307
godown_Jogulamba Gadwal,shop_2607014,32.688
godown_Jogulamba Gadwal,shop_2607016,32.15
godown_Jogulamba Gadwal,shop_2607017,29.843
godown_Jogulamba Gadwal,shop_2607018,28.323
godown_Jogulamba Gadwal,shop_2607019,26.499
godown_Jogulamba Gadwal,shop_2607021,32.705
godown_Jogulamba Gadwal,shop_2608001,16.612
godown_Jogulamba Gadwal,shop_2608002,16.587
godown_Jogulamba Gadwal,shop_2608003,16.603
godown_Jogulamba Gadwal,shop_2608004,16.516
godown_Jogulamba Gadwal,shop_2608005,18.542
godown_Jogulamba Gadwal,shop_2608006,19.679
godown_Jogulamba Gadwal,shop_2608007,22.647
godown_Jogulamba Gadwal,shop_2608008,22.582
godown_Jogulamba Gadwal,shop_2608009,24.699
godown_Jogulamba Gadwal,shop_2608010,15.435
godown_Jogulamba Gadwal,shop_2608011,15.809
godown_Jogulamba Gadwal,shop_2608012,15.567
godown_Jogulamba Gadwal,shop_2608013,19.026
godown_Jogulamba Gadwal,shop_2608014,18.257
godown_Jogulamba Gadwal,shop_2608015,16.519
godown_Jogulamba Gadwal,shop_2608016,11.836
godown_Jogulamba Gadwal,shop_2608017,13.114
godown_Jogulamba Gadwal,shop_2608018,11.574
godown_Jogulamba Gadwal,shop_2608019,11.783
godown_Jogulamba Gadwal,shop_2608020,13.995
godown_Jogulamba Gadwal,shop_2608021,15.518
godown_Jogulamba Gadwal,shop_2608022,10.026
godown_Jogulamba Gadwal,shop_2608023,10.014
godown_Jogulamba Gadwal,shop_2608024,8.985
godown_Jogulamba Gadwal,shop_2608025,10.139
godown_Jogulamba Gadwal,shop_2608026,9.924
godown_Jogulamba Gadwal,shop_2608027,11.572
godown_Jogulamba Gadwal,shop_2608028,14.513
godown_Jogulamba Gadwal,shop_2608029,19.007
godown_Jogulamba Gadwal,shop_2608030,22.581
godown_Jogulamba Gadwal,shop_2609001,33.435
godown_Jogulamba Gadwal,shop_2609002,33.94
godown_Jogulamba Gadwal,shop_2609003,35.238
godown_Jogulamba Gadwal,shop_2609004,36.818
godown_Jogulamba Gadwal,shop_2609005,37.162
godown_Jogulamba Gadwal,shop_2609007,38.245
godown_Jogulamba Gadwal,shop_2609008,37.928
godown_Jogulamba Gadwal,shop_2609009,36.054
godown_Jogulamba Gadwal,shop_2609010,30.692
godown_Jogulamba Gadwal,shop_2609011,35.701
godown_Jogulamba Gadwal,shop_2609012,29.495
godown_Jogulamba Gadwal,shop_2609013,28.121
godown_Jogulamba Gadwal,shop_2609014,30.615
godown_Jogulamba Gadwal,shop_2609015,28.703
godown_Jogulamba Gadwal,shop_2609016,29.513
godown_Jogulamba Gadwal,shop_2609017,33.618
godown_Jogulamba Gadwal,shop_2609018,33.413
godown_Jogulamba Gadwal,shop_2609019,33.493
godown_Jogulamba Gadwal,shop_2609020,33.466
godown_Jogulamba Gadwal,shop_2609022,39.41
godown_Jogulamba Gadwal,shop_2609023,30.84
godown_Jogulamba Gadwal,shop_2610001,38.028
godown_Jogulamba Gadwal,shop_2610002,40.322
godown_Jogulamba Gadwal,shop_2610003,36.944
godown_Jogulamba Gadwal,shop_2610004,33.921
godown_Jogulamba Gadwal,shop_2610005,34.475
godown_Jogulamba Gadwal,shop_2610006,38.169
godown_Jogulamba Gadwal,shop_2610007,33.523
godown_Jogulamba Gadwal,shop_2610008,37.509
godown_Jogulamba Gadwal,shop_2610009,37.762
godown_Jogulamba Gadwal,shop_2610010,38.242
godown_Jogulamba Gadwal,shop_2610011,38.049
godown_Jogulamba Gadwal,shop_2610012,38.093
godown_Jogulamba Gadwal,shop_2610013,38.106
godown_Jogulamba Gadwal,shop_2610014,36.693
godown_Jogulamba Gadwal,shop_2610015,38.103
godown_Jogulamba Gadwal,shop_2610017,38.024
godown_Jogulamba Gadwal,shop_2610018,36.738
godown_Jogulamba Gadwal,shop_2610019,36.535
godown_Jogulamba Gadwal,shop_2610020,33.605
godown_Jogulamba Gadwal,shop_2610021,8715.585
godown_Jogulamba Gadwal,shop_2611001,48.966
godown_Jogulamba Gadwal,shop_2611002,47.544
godown_Jogulamba Gadwal,shop_2611003,33.577
godown_Jogulamba Gadwal,shop_2611004,33.444
godown_Jogulamba Gadwal,shop_2611005,36.337
godown_Jogulamba Gadwal,shop_2611006,45.155
godown_Jogulamba Gadwal,shop_2611007,45.239
godown_Jogulamba Gadwal,shop_2611008,40.663
godown_Jogulamba Gadwal,shop_2611009,41.921
godown_Jogulamba Gadwal,shop_2611010,38.715
godown_Jogulamba Gadwal,shop_2611011,33.61
godown_Jogulamba Gadwal,shop_2611012,39.165
godown_Jogulamba Gadwal,shop_2611013,40.436
godown_Jogulamba Gadwal,shop_2611014,41.733
godown_Jogulamba Gadwal,shop_2611015,41.227
godown_Jogulamba Gadwal,shop_2611016,41.427
godown_Jogulamba Gadwal,shop_2611017,37.329
godown_Jogulamba Gadwal,shop_2611018,38.2
godown_Jogulamba Gadwal,shop_2611019,38.079
godown_Jogulamba Gadwal,shop_2612001,31.888
godown_Jogulamba Gadwal,shop_2612002,31.789
godown_Jogulamba Gadwal,shop_2612003,31.696
godown_Jogulamba Gadwal,shop_2612004,33.169
godown_Jogulamba Gadwal,shop_2612005,31.81
godown_Jogulamba Gadwal,shop_2612006,31.691
godown_Jogulamba Gadwal,shop_2612007,26.532
godown_Jogulamba Gadwal,shop_2612008,26.209
godown_Jogulamba Gadwal,shop_2612009,26.178
godown_Jogulamba Gadwal,shop_2612010,35.813
godown_Jogulamba Gadwal,shop_2612011,28.999
godown_Jogulamba Gadwal,shop_2612012,28.858
godown_Jogulamba Gadwal,shop_2612013,28.723
godown_Jogulamba Gadwal,shop_2612014,30.732
godown_Jogulamba Gadwal,shop_2612015,31.551
godown_Jogulamba Gadwal,shop_2612016,31.226
godown_Jogulamba Gadwal,shop_2612017,30.85
godown_Jogulamba Gadwal,shop_2613001,8715.585
godown_Jogulamba Gadwal,shop_2613002,8715.585
godown_Jogulamba Gadwal,shop_2613003,8715.585
godown_Jogulamba Gadwal,shop_2613004,8715.585
godown_Jogulamba Gadwal,shop_2613005,8715.585
godown_Jogulamba Gadwal,shop_2613006,8715.585
godown_Jogulamba Gadwal,shop_2613007,8715.585
godown_Jogulamba Gadwal,shop_2613008,8715.585
godown_Jogulamba Gadwal,shop_2613009,8715.585
godown_Jogulamba Gadwal,shop_2613010,8715.585
godown_Jogulamba Gadwal,shop_2613011,8715.585
godown_Jogulamba Gadwal,shop_2613012,8715.585
godown_Jogulamba Gadwal,shop_2613013,8715.585
godown_Jogulamba Gadwal,shop_2613014,8715.585
godown_Jogulamba Gadwal,shop_2613015,8715.585
godown_Jogulamba Gadwal,shop_2613016,8715.585
godown_Jagityal,shop_2701001,22.448
godown_Jagityal,shop_2701002,22.924
godown_Jagityal,shop_2701003,25.127
godown_Jagityal,shop_2701004,28.097
godown_Jagityal,shop_2701005,29.312
godown_Jagityal,shop_2701006,27.192
godown_Jagityal,shop_2701007,27.194
godown_Jagityal,shop_2701008,23.67
godown_Jagityal,shop_2701009,22.626
godown_Jagityal,shop_2701010,27.164
godown_Jagityal,shop_2701011,22.629
godown_Jagityal,shop_2701012,29.359
godown_Jagityal,shop_2701013,29.907
godown_Jagityal,shop_2701014,25.25
godown_Jagityal,shop_2701015,22.819
godown_Jagityal,shop_2701016,25.03
godown_Jagityal,shop_2702001,17.106
godown_Jagityal,shop_2702002,19.373
godown_Jagityal,shop_2702003,20.115
godown_Jagityal,shop_2702004,22.206
godown_Jagityal,shop_2702005,13.372
godown_Jagityal,shop_2702006,14.349
godown_Jagityal,shop_2702007,16.999
godown_Jagityal,shop_2702008,14.428
godown_Jagityal,shop_2702009,19.776
godown_Jagityal,shop_2702010,16.994
godown_Jagityal,shop_2702011,16.962
godown_Jagityal,shop_2702012,11.907
godown_Jagityal,shop_2702013,15.255
godown_Jagityal,shop_2702014,10.653
godown_Jagityal,shop_2703001,23.301
godown_Jagityal,shop_2703002,23.949
godown_Jagityal,shop_2703003,23.963
godown_Jagityal,shop_2703004,23.41
godown_Jagityal,shop_2703005,21.424
godown_Jagityal,shop_2703006,20.752
godown_Jagityal,shop_2703007,23.736
godown_Jagityal,shop_2703008,16.951
godown_Jagityal,shop_2703009,30.443
godown_Jagityal,shop_2703010,28.789
godown_Jagityal,shop_2703011,23.234
godown_Jagityal,shop_2703012,25.711
godown_Jagityal,shop_2703013,24.924
godown_Jagityal,shop_2703014,26.404
godown_Jagityal,shop_2703015,25.181
godown_Jagityal,shop_2703016,24.409
godown_Jagityal,shop_2703017,28.228
godown_Jagityal,shop_2703018,23.866
godown_Jagityal,shop_2703019,23.419
godown_Jagityal,shop_2703020,28.153
godown_Jagityal,shop_2703021,22.874
godown_Jagityal,shop_2703022,23.095
godown_Jagityal,shop_2703023,20.554
godown_Jagityal,shop_2703024,24.113
godown_Jagityal,shop_2703025,28.804
godown_Jagityal,shop_2703026,17.201
godown_Jagityal,shop_2703028,23.598
godown_Jagityal,shop_2703029,24.018
godown_Jagityal,shop_2703030,27.266
godown_Jagityal,shop_2703031,21.419
godown_Jagityal,shop_2703032,28.157
godown_Jagityal,shop_2703033,16.795
godown_Jagityal,shop_2703034,24.382
godown_Jagityal,shop_2703035,22.934
godown_Jagityal,shop_2703036,22.177
godown_Jagityal,shop_2703037,18.907
godown_Jagityal,shop_2703038,24.69
godown_Jagityal,shop_2703039,28.782
godown_Jagityal,shop_2703040,24.212
godown_Jagityal,shop_2704001,13.607
godown_Jagityal,shop_2704002,13.783
godown_Jagityal,shop_2704003,17.796
godown_Jagityal,shop_2704004,11.1
godown_Jagityal,shop_2704005,13.042
godown_Jagityal,shop_2704006,14.918
godown_Jagityal,shop_2704007,20.877
godown_Jagityal,shop_2704008,19.841
godown_Jagityal,shop_2704009,19.034
godown_Jagityal,shop_2704010,12.815
godown_Jagityal,shop_2704011,17.295
godown_Jagityal,shop_2704012,18.683
godown_Jagityal,shop_2704013,21.093
godown_Jagityal,shop_2704014,18.229
godown_Jagityal,shop_2704015,7.411
godown_Jagityal,shop_2704016,6.985
godown_Jagityal,shop_2704017,8.091
godown_Jagityal,shop_2704018,8.201
godown_Jagityal,shop_2704019,11.509
godown_Jagityal,shop_2704020,11.328
godown_Jagityal,shop_2704021,20.624
godown_Jagityal,shop_2704022,7.82
godown_Jagityal,shop_2704023,14.716
godown_Jagityal,shop_2704024,7.762
godown_Jagityal,shop_2704025,9.085
godown_Jagityal,shop_2704026,19.801
godown_Jagityal,shop_2704027,13.035
godown_Jagityal,shop_2704028,17.214
godown_Jagityal,shop_2704029,11.709
godown_Jagityal,shop_2704030,17.363
godown_Jagityal,shop_2704031,18.354
godown_Jagityal,shop_2704032,18.658
godown_Jagityal,shop_2704033,16.362
godown_Jagityal,shop_2704034,16.914
godown_Jagityal,shop_2705001,38.928
godown_Jagityal,shop_2705002,38.913
godown_Jagityal,shop_2705003,38.714
godown_Jagityal,shop_2705004,38.694
godown_Jagityal,shop_2705005,41.596
godown_Jagityal,shop_2705006,37.857
godown_Jagityal,shop_2705007,39.872
godown_Jagityal,shop_2705008,34.57
godown_Jagityal,shop_2705009,36.901
godown_Jagityal,shop_2705010,35.671
godown_Jagityal,shop_2705011,35.567
godown_Jagityal,shop_2705012,39.562
godown_Jagityal,shop_2705013,42.555
godown_Jagityal,shop_2705014,41.962
godown_Jagityal,shop_2705015,42.693
godown_Jagityal,shop_2705016,40.362
godown_Jagityal,shop_2705017,43.746
godown_Jagityal,shop_2705018,43.311
godown_Jagityal,shop_2705019,43.295
godown_Jagityal,shop_2705020,39.555
godown_Jagityal,shop_2705021,34.387
godown_Jagityal,shop_2705022,38.509
godown_Jagityal,shop_2705023,35.603
godown_Jagityal,shop_2705024,39.928
godown_Jagityal,shop_2705025,36.891
godown_Jagityal,shop_2706001,0.821
godown_Jagityal,shop_2706002,1.475
godown_Jagityal,shop_2706003,1.748
godown_Jagityal,shop_2706004,2.54
godown_Jagityal,shop_2706005,1.894
godown_Jagityal,shop_2706006,2.433
godown_Jagityal,shop_2706007,2.133
godown_Jagityal,shop_2706008,2.336
godown_Jagityal,shop_2706009,2.449
godown_Jagityal,shop_2706010,2.422
godown_Jagityal,shop_2706011,1.298
godown_Jagityal,shop_2706012,0.487
godown_Jagityal,shop_2706013,2.833
godown_Jagityal,shop_2706014,1.717
godown_Jagityal,shop_2706015,2.414
godown_Jagityal,shop_2706016,1.552
godown_Jagityal,shop_2706017,2.445
godown_Jagityal,shop_2706018,2.314
godown_Jagityal,shop_2706019,1.622
godown_Jagityal,shop_2706020,2.769
godown_Jagityal,shop_2706021,2.386
godown_Jagityal,shop_2706022,2.131
godown_Jagityal,shop_2706023,1.93
godown_Jagityal,shop_2706024,1.91
godown_Jagityal,shop_2706025,1.91
godown_Jagityal,shop_2706026,2.198
godown_Jagityal,shop_2706027,1.839
godown_Jagityal,shop_2706028,1.529
godown_Jagityal,shop_2706029,1.594
godown_Jagityal,shop_2706030,1.999
godown_Jagityal,shop_2706031,1.761
godown_Jagityal,shop_2706032,1
godown_Jagityal,shop_2706033,3.476
godown_Jagityal,shop_2706035,1.575
godown_Jagityal,shop_2706036,0.477
godown_Jagityal,shop_2706037,1.687
godown_Jagityal,shop_2706038,2.83
godown_Jagityal,shop_2706039,2.408
godown_Jagityal,shop_2706040,2.938
godown_Jagityal,shop_2706041,1.104
godown_Jagityal,shop_2706042,2.926
godown_Jagityal,shop_2706043,1.104
godown_Jagityal,shop_2706044,3.476
godown_Jagityal,shop_2706045,2.55
godown_Jagityal,shop_2706046,3.342
godown_Jagityal,shop_2706047,2.038
godown_Jagityal,shop_2706048,1.868
godown_Jagityal,shop_2706049,1.159
godown_Jagityal,shop_2706050,5.085
godown_Jagityal,shop_2706051,4.322
godown_Jagityal,shop_2706052,6.31
godown_Jagityal,shop_2706053,4.512
godown_Jagityal,shop_2706054,2.286
godown_Jagityal,shop_2706055,1.223
godown_Jagityal,shop_2706056,2.58
godown_Jagityal,shop_2706057,1.924
godown_Jagityal,shop_2708001,27.086
godown_Jagityal,shop_2708002,25.158
godown_Jagityal,shop_2708003,25.174
godown_Jagityal,shop_2708004,22.864
godown_Jagityal,shop_2708005,22.694
godown_Jagityal,shop_2708006,30.402
godown_Jagityal,shop_2708007,30.858
godown_Jagityal,shop_2708008,30.529
godown_Jagityal,shop_2708009,30.211
godown_Jagityal,shop_2708010,26.24
godown_Jagityal,shop_2708011,26.832
godown_Jagityal,shop_2708012,26.198
godown_Jagityal,shop_2708013,25.024
godown_Jagityal,shop_2708014,24.693
godown_Jagityal,shop_2708015,30.335
godown_Jagityal,shop_2708016,28.253
godown_Jagityal,shop_2708017,31.172
godown_Jagityal,shop_2708018,29.855
godown_Jagityal,shop_2708019,24.688
godown_Jagityal,shop_2708020,23.433
godown_Jagityal,shop_2708021,26.957
godown_Jagityal,shop_2708022,25.316
godown_Jagityal,shop_2708023,30.444
godown_Jagityal,shop_2708024,30.421
godown_Jagityal,shop_2708025,24.819
godown_Jagityal,shop_2708026,28.432
godown_Jagityal,shop_2708027,23.433
godown_Jagityal,shop_2708028,26.301
godown_Jagityal,shop_2709001,19.159
godown_Jagityal,shop_2709002,18.978
godown_Jagityal,shop_2709003,19.369
godown_Jagityal,shop_2709004,19.11
godown_Jagityal,shop_2709005,19.09
godown_Jagityal,shop_2709006,20.889
godown_Jagityal,shop_2709007,19.703
godown_Jagityal,shop_2709008,19.569
godown_Jagityal,shop_2709009,19.381
godown_Jagityal,shop_2709010,23.617
godown_Jagityal,shop_2709011,23.581
godown_Jagityal,shop_2709012,20.939
godown_Jagityal,shop_2709013,21.001
godown_Jagityal,shop_2709014,23.699
godown_Jagityal,shop_2709015,23.898
godown_Jagityal,shop_2709016,17.227
godown_Jagityal,shop_2709017,17.415
godown_Jagityal,shop_2709018,16.054
godown_Jagityal,shop_2709019,17.587
godown_Jagityal,shop_2709020,19.135
godown_Jagityal,shop_2709021,21.686
godown_Jagityal,shop_2709022,19.649
godown_Jagityal,shop_2709023,17.714
godown_Jagityal,shop_2709024,16.281
godown_Jagityal,shop_2709025,17.155
godown_Jagityal,shop_2709026,23.185
godown_Jagityal,shop_2709027,23.885
godown_Jagityal,shop_2709028,17.511
godown_Jagityal,shop_2709029,16.331
godown_Jagityal,shop_2709030,21.273
godown_Jagityal,shop_2710001,24.803
godown_Jagityal,shop_2710002,23.635
godown_Jagityal,shop_2710003,23.761
godown_Jagityal,shop_2710004,28.466
godown_Jagityal,shop_2710005,18.417
godown_Jagityal,shop_2710006,21.391
godown_Jagityal,shop_2710007,25.954
godown_Jagityal,shop_2710008,25.634
godown_Jagityal,shop_2710009,25.965
godown_Jagityal,shop_2710010,20.946
godown_Jagityal,shop_2710011,18.898
godown_Jagityal,shop_2710012,18.753
godown_Jagityal,shop_2710013,19.046
godown_Jagityal,shop_2710014,16.959
godown_Jagityal,shop_2710015,16.866
godown_Jagityal,shop_2710016,16.292
godown_Jagityal,shop_2710017,16.284
godown_Jagityal,shop_2710018,28.462
godown_Jagityal,shop_2710019,24.49
godown_Jagityal,shop_2710020,17.026
godown_Jagityal,shop_2710021,17.029
godown_Jagityal,shop_2710022,18.742
godown_Jagityal,shop_2710023,20.82
godown_Jagityal,shop_2710024,23.756
godown_Jagityal,shop_2710025,23.032
godown_Jagityal,shop_2710026,23.466
godown_Jagityal,shop_2710027,23.423
godown_Jagityal,shop_2710028,23.783
godown_Jagityal,shop_2710029,23.588
godown_Jagityal,shop_2710030,23.744
godown_Jagityal,shop_2710031,23.756
godown_Jagityal,shop_2710032,24.465
godown_Jagityal,shop_2710033,23.635
godown_Jagityal,shop_2710034,22.608
godown_Jagityal,shop_2710035,23.127
godown_Jagityal,shop_2710036,23.813
godown_Jagityal,shop_2710037,22.676
godown_Jagityal,shop_2710038,23.713
godown_Jagityal,shop_2710039,23.133
godown_Jagityal,shop_2710040,22.761
godown_Jagityal,shop_2710041,24.26
godown_Jagityal,shop_2710042,22.709
godown_Jagityal,shop_2710043,22.849
godown_Jagityal,shop_2710044,25.052
godown_Jagityal,shop_2710045,23.172
godown_Jagityal,shop_2710046,22.636
godown_Jagityal,shop_2710047,22.293
godown_Jagityal,shop_2710048,22.97
godown_Jagityal,shop_2710049,23.562
godown_Jagityal,shop_2710050,24.259
godown_Jagityal,shop_2710055,24.892
godown_Jagityal,shop_2710059,26.362
godown_Jagityal,shop_2711001,30.689
godown_Jagityal,shop_2711002,30.487
godown_Jagityal,shop_2711003,28.033
godown_Jagityal,shop_2711004,25.302
godown_Jagityal,shop_2711005,26.02
godown_Jagityal,shop_2711006,23.239
godown_Jagityal,shop_2711007,25.094
godown_Jagityal,shop_2711008,27.05
godown_Jagityal,shop_2711009,30.337
godown_Jagityal,shop_2711010,30.116
godown_Jagityal,shop_2711011,31.838
godown_Jagityal,shop_2711012,33.251
godown_Jagityal,shop_2711013,34.851
godown_Jagityal,shop_2711014,34.787
godown_Jagityal,shop_2711015,34.784
godown_Jagityal,shop_2711016,34.684
godown_Jagityal,shop_2711017,34.247
godown_Jagityal,shop_2711018,32.75
godown_Jagityal,shop_2711019,30.88
godown_Jagityal,shop_2711020,30.806
godown_Jagityal,shop_2711021,30.491
godown_Jagityal,shop_2711022,26.973
godown_Jagityal,shop_2711023,25.469
godown_Jagityal,shop_2711024,23.241
godown_Jagityal,shop_2711025,22.923
godown_Jagityal,shop_2711026,22.755
godown_Jagityal,shop_2711027,30.137
godown_Jagityal,shop_2711028,33.617
godown_Jagityal,shop_2711029,31.257
godown_Jagityal,shop_2711030,31.848
godown_Jagityal,shop_2711031,31.16
godown_Jagityal,shop_2711032,30.68
godown_Jagityal,shop_2711033,30.386
godown_Jagityal,shop_2711034,27.018
godown_Jagityal,shop_2711035,27.205
godown_Jagityal,shop_2711037,34.85
godown_Jagityal,shop_2712001,10.942
godown_Jagityal,shop_2712002,10.82
godown_Jagityal,shop_2712003,10.93
godown_Jagityal,shop_2712004,10.91
godown_Jagityal,shop_2712005,10.933
godown_Jagityal,shop_2712006,10.749
godown_Jagityal,shop_2712007,10.89
godown_Jagityal,shop_2712008,11.107
godown_Jagityal,shop_2712009,11.415
godown_Jagityal,shop_2712010,13.682
godown_Jagityal,shop_2712011,2.114
godown_Jagityal,shop_2712012,11.269
godown_Jagityal,shop_2712013,15.002
godown_Jagityal,shop_2712014,13.19
godown_Jagityal,shop_2712015,10.209
godown_Jagityal,shop_2712016,12.619
godown_Jagityal,shop_2712017,8.773
godown_Jagityal,shop_2712018,9.534
godown_Jagityal,shop_2712019,9.428
godown_Jagityal,shop_2712020,10.43
godown_Jagityal,shop_2712021,9.752
godown_Jagityal,shop_2712022,10.821
godown_Jagityal,shop_2712023,7.896
godown_Jagityal,shop_2712024,6.734
godown_Jagityal,shop_2712025,8.145
godown_Jagityal,shop_2712026,12.991
godown_Jagityal,shop_2712027,11.539
godown_Jagityal,shop_2713001,12.566
godown_Jagityal,shop_2713002,12.401
godown_Jagityal,shop_2713003,13.338
godown_Jagityal,shop_2713004,13.434
godown_Jagityal,shop_2713005,13.447
godown_Jagityal,shop_2713006,16.465
godown_Jagityal,shop_2713007,18.785
godown_Jagityal,shop_2713008,12.874
godown_Jagityal,shop_2713009,12.689
godown_Jagityal,shop_2713010,13.42
godown_Jagityal,shop_2713011,13.266
godown_Jagityal,shop_2713012,11.715
godown_Jagityal,shop_2713019,16.313
godown_Jagityal,shop_2713024,13.785
godown_Jagityal,shop_2713026,17.732
godown_Jagityal,shop_2713029,12.568
godown_Jagityal,shop_2713030,11.944
godown_Jagityal,shop_2713031,12.571
godown_Jagityal,shop_2714001,33.266
godown_Jagityal,shop_2714002,32.846
godown_Jagityal,shop_2714003,32.625
godown_Jagityal,shop_2714004,33.112
godown_Jagityal,shop_2714005,32.807
godown_Jagityal,shop_2714006,32.634
godown_Jagityal,shop_2714007,31.992
godown_Jagityal,shop_2714008,33.117
godown_Jagityal,shop_2714009,32.541
godown_Jagityal,shop_2714010,32.418
godown_Jagityal,shop_2714011,32.639
godown_Jagityal,shop_2714012,32.442
godown_Jagityal,shop_2714013,33.411
godown_Jagityal,shop_2714014,33.029
godown_Jagityal,shop_2714015,32.827
godown_Jagityal,shop_2714016,32.321
godown_Jagityal,shop_2714017,33.901
godown_Jagityal,shop_2714018,33.097
godown_Jagityal,shop_2714019,32.773
godown_Jagityal,shop_2714020,32.712
godown_Jagityal,shop_2714021,33.222
godown_Jagityal,shop_2714022,33.453
godown_Jagityal,shop_2714023,33.665
godown_Jagityal,shop_2714024,33.459
godown_Jagityal,shop_2714025,35.951
godown_Jagityal,shop_2714026,33.465
godown_Jagityal,shop_2714027,33.517
godown_Jagityal,shop_2714028,34.156
godown_Jagityal,shop_2714029,30.943
godown_Jagityal,shop_2714030,30.192
godown_Jagityal,shop_2714031,30.324
godown_Jagityal,shop_2714032,30.138
godown_Jagityal,shop_2714033,30.044
godown_Jagityal,shop_2714034,33.256
godown_Jagityal,shop_2714035,33.236
godown_Jagityal,shop_2714036,33.791
godown_Jagityal,shop_2714037,36.206
godown_Jagityal,shop_2714038,38.565
godown_Jagityal,shop_2714039,28.616
godown_Jagityal,shop_2714040,29.226
godown_Jagityal,shop_2714041,34.78
godown_Jagityal,shop_2714042,29.308
godown_Jagityal,shop_2714043,27.71
godown_Jagityal,shop_2714044,36.005
godown_Jagityal,shop_2714045,37.588
godown_Jagityal,shop_2714046,37.309
godown_Jagityal,shop_2714047,36.023
godown_Jagityal,shop_2714048,35.699
godown_Jagityal,shop_2714049,35.53
godown_Jagityal,shop_2714050,36.268
godown_Jagityal,shop_2714051,36.233
godown_Jagityal,shop_2715001,18.893
godown_Jagityal,shop_2715002,12.112
godown_Jagityal,shop_2715003,18.062
godown_Jagityal,shop_2715004,13.778
godown_Jagityal,shop_2715005,13.916
godown_Jagityal,shop_2715006,13.888
godown_Jagityal,shop_2715007,15.247
godown_Jagityal,shop_2715008,13.393
godown_Jagityal,shop_2715009,13.422
godown_Jagityal,shop_2715010,17.144
godown_Jagityal,shop_2715011,18.717
godown_Jagityal,shop_2715012,17.894
godown_Jagityal,shop_2715013,13.8
godown_Jagityal,shop_2715014,13.98
godown_Jagityal,shop_2715015,21.117
godown_Jagityal,shop_2715016,22.172
godown_Jagityal,shop_2715017,20.179
godown_Jagityal,shop_2715018,19.016
godown_Jagityal,shop_2715019,22.976
godown_Jagityal,shop_2715020,20.751
godown_Jagityal,shop_2715021,19.977
godown_Jagityal,shop_2715022,22.256
godown_Jagityal,shop_2715023,23.49
godown_Jagityal,shop_2715024,20.244
godown_Jagityal,shop_2715025,11.626
godown_Jagityal,shop_2715026,22.85
godown_Jagityal,shop_2715027,13.769
godown_Jagityal,shop_2715028,18.718
godown_Jagityal,shop_2715029,15.166
godown_Jagityal,shop_2715030,13.932
godown_Jagityal,shop_2716001,17.557
godown_Jagityal,shop_2716002,18.006
godown_Jagityal,shop_2716003,17.198
godown_Jagityal,shop_2716004,17.625
godown_Jagityal,shop_2716005,18.055
godown_Jagityal,shop_2716006,17.95
godown_Jagityal,shop_2716007,20.026
godown_Jagityal,shop_2716008,23.412
godown_Jagityal,shop_2716009,21.912
godown_Jagityal,shop_2716010,21.188
godown_Jagityal,shop_2716011,18.083
godown_Jagityal,shop_2716012,16.021
godown_Jagityal,shop_2716013,20.252
godown_Jagityal,shop_2716014,18.632
godown_Jagityal,shop_2716015,9.381
godown_Jagityal,shop_2716016,9.064
godown_Jagityal,shop_2716017,9.188
godown_Jagityal,shop_2716018,12.519
godown_Jagityal,shop_2716019,22.479
godown_Jagityal,shop_2716020,28.132
godown_Jagityal,shop_2716021,15.658
godown_Jagityal,shop_2716022,14.403
godown_Jagityal,shop_2716023,7.814
godown_Jagityal,shop_2716024,21.58
godown_Jagityal,shop_2716025,21.661
godown_Jagityal,shop_2716026,21.564
godown_Jagityal,shop_2716027,19.537
godown_Jagityal,shop_2716028,21.332
godown_Jagityal,shop_2716029,18.045
godown_Jagityal,shop_2716030,16.309
godown_Jagityal,shop_2716031,18.658
godown_Jagityal,shop_2716032,28.402
godown_Jagityal,shop_2716033,9.514
godown_Jagityal,shop_2716034,18.553
godown_Jagityal,shop_2716035,9.091
godown_Jagityal,shop_2716036,15.552
godown_Jagityal,shop_2716037,13.007
godown_Jagityal,shop_2716038,21.899
godown_Jagityal,shop_2716039,22.191
godown_Jagityal,shop_2716040,12.626
godown_Jagityal,shop_2717001,15.061
godown_Jagityal,shop_2717002,17.009
godown_Jagityal,shop_2717003,9.583
godown_Jagityal,shop_2717004,14.938
godown_Jagityal,shop_2717005,7.707
godown_Jagityal,shop_2717006,7.159
godown_Jagityal,shop_2717007,10.911
godown_Jagityal,shop_2717008,9.051
godown_Jagityal,shop_2717009,9.842
godown_Jagityal,shop_2717010,14.526
godown_Jagityal,shop_2717011,8.201
godown_Jagityal,shop_2717012,14.655
godown_Jagityal,shop_2717013,9.189
godown_Jagityal,shop_2717014,9.799
godown_Jagityal,shop_2717015,17.444
godown_Jagityal,shop_2718001,24.221
godown_Jagityal,shop_2718002,25.545
godown_Jagityal,shop_2718003,26.036
godown_Jagityal,shop_2718004,27.235
godown_Jagityal,shop_2718005,23.15
godown_Jagityal,shop_2718010,28.603
godown_Jagityal,shop_2718013,31.488
godown_Jagityal,shop_2718015,31.133
godown_Jagityal,shop_2718019,27.104
godown_Jagityal,shop_2718020,25.329
godown_Jagityal,shop_2718021,28.533
godown_Jagityal,shop_2718022,26.139
godown_Jagityal,shop_2718023,23.144
godown_Jagityal,shop_2718027,28.436
godown_Jagityal,shop_2718030,35.559
godown_Jagityal,shop_2718031,35.577
godown_Jagityal,shop_2718032,33.094
godown_Jagityal,shop_2718034,23.652
godown_Jagityal,shop_2718035,31.722
godown_Jagityal,shop_2719001,9.387
godown_Jagityal,shop_2719002,6.243
godown_Jagityal,shop_2719003,6.237
godown_Jagityal,shop_2719004,8.324
godown_Jagityal,shop_2719005,4.539
godown_Jagityal,shop_2719006,4.356
godown_Jagityal,shop_2719007,2.615
godown_Jagityal,shop_2719008,4.742
godown_Jagityal,shop_2719009,5.049
godown_Jagityal,shop_2719010,3.456
godown_Jagityal,shop_2719011,4.363
godown_Jagityal,shop_2719012,1.564
godown_Jagityal,shop_2719013,10.117
godown_Jagityal,shop_2719014,10.593
godown_Jagityal,shop_2719015,6.094
godown_Jagityal,shop_2719016,4.109
godown_Jagityal,shop_2719017,5.807
godown_Jagityal,shop_2719018,5.575
godown_Jagityal,shop_2719019,1.514
godown_Jagityal,shop_2719020,7.299
godown_Jagityal,shop_2719021,4.728
godown_Jagityal,shop_2719022,0.813
godown_Jagityal,shop_2719023,7.246
godown_Jagityal,shop_2719024,1.588
godown_Jagityal,shop_2719025,3.475
godown_Jagityal,shop_2719026,6.205
godown_Jagityal,shop_2719027,9.851
godown_Jagityal,shop_2719028,4.048
godown_Jagityal,shop_2719029,7.874
godown_Jagityal,shop_2719030,9.932
godown_Jagityal,shop_2719031,4.65
godown_Jagityal,shop_2720001,22.059
godown_Jagityal,shop_2720002,22.76
godown_Jagityal,shop_2720003,22.846
godown_Jagityal,shop_2720004,26.519
godown_Jagityal,shop_2720005,26.635
godown_Jagityal,shop_2720006,27.754
godown_Jagityal,shop_2720007,26.664
godown_Jagityal,shop_2720008,30.359
godown_Jagityal,shop_2720009,30.215
godown_Jagityal,shop_2720010,25.13
godown_Jagityal,shop_2720011,32.011
godown_Jagityal,shop_2720012,28.281
godown_Jagityal,shop_2720013,28.166
godown_Jagityal,shop_2720014,32.017
godown_Jagityal,shop_2720015,29.694
godown_Jagityal,shop_2720016,31.505
godown_Jagityal,shop_2721001,22.619
godown_Jagityal,shop_2721002,21.455
godown_Jagityal,shop_2721003,23.631
godown_Jagityal,shop_2721004,24.191
godown_Jagityal,shop_2721005,21.646
godown_Jagityal,shop_2721006,21.101
godown_Jagityal,shop_2721007,17.137
godown_Jagityal,shop_2721008,16.932
godown_Jagityal,shop_2721009,16.043
godown_Jagityal,shop_2721010,15.251
godown_Jagityal,shop_2721011,22.72
godown_Jagityal,shop_2721012,20.794
godown_Jagityal,shop_2721013,21.147
godown_Jagityal,shop_2721014,16.809
godown_Jagityal,shop_2721015,16.775
godown_Kamareddy,shop_2901001,50.744
godown_Kamareddy,shop_2901002,50.179
godown_Kamareddy,shop_2901003,50.203
godown_Kamareddy,shop_2901004,49.979
godown_Kamareddy,shop_2901005,50.608
godown_Kamareddy,shop_2901006,50.614
godown_Kamareddy,shop_2901007,38.941
godown_Kamareddy,shop_2901008,40.463
godown_Kamareddy,shop_2901009,49.969
godown_Kamareddy,shop_2901010,53.657
godown_Kamareddy,shop_2901011,50.41
godown_Kamareddy,shop_2901012,49.875
godown_Kamareddy,shop_2901013,47.874
godown_Kamareddy,shop_2901014,48.424
godown_Kamareddy,shop_2901015,49.765
godown_Kamareddy,shop_2901016,39.081
godown_Kamareddy,shop_2901017,49.093
godown_Kamareddy,shop_2901018,46.758
godown_Kamareddy,shop_2901019,46.468
godown_Kamareddy,shop_2901020,46.896
godown_Kamareddy,shop_2901021,50.152
godown_Kamareddy,shop_2901022,46.867
godown_Kamareddy,shop_2901023,48.038
godown_Kamareddy,shop_2901024,48.034
godown_Kamareddy,shop_2901025,43.219
godown_Kamareddy,shop_2901026,51.213
godown_Kamareddy,shop_2901027,51.222
godown_Kamareddy,shop_2901028,51.22
godown_Kamareddy,shop_2901029,46.972
godown_Kamareddy,shop_2901030,48.412
godown_Kamareddy,shop_2901031,51.424
godown_Kamareddy,shop_2902002,13.758
godown_Kamareddy,shop_2902003,13.34
godown_Kamareddy,shop_2902004,12.324
godown_Kamareddy,shop_2902005,17.178
godown_Kamareddy,shop_2902006,17.604
godown_Kamareddy,shop_2902007,19.813
godown_Kamareddy,shop_2902008,13.849
godown_Kamareddy,shop_2902009,20.479
godown_Kamareddy,shop_2902010,15.256
godown_Kamareddy,shop_2902011,14.614
godown_Kamareddy,shop_2902012,15.153
godown_Kamareddy,shop_2902013,15.827
godown_Kamareddy,shop_2902014,15.17
godown_Kamareddy,shop_2902015,15.345
godown_Kamareddy,shop_2902016,15.458
godown_Kamareddy,shop_2902017,14.671
godown_Kamareddy,shop_2902018,9.15
godown_Kamareddy,shop_2902019,18.894
godown_Kamareddy,shop_2902020,19.696
godown_Kamareddy,shop_2902021,15.774
godown_Kamareddy,shop_2902022,17.184
godown_Kamareddy,shop_2902023,9.236
godown_Kamareddy,shop_2902024,19.366
godown_Kamareddy,shop_2902025,19.649
godown_Kamareddy,shop_2902026,9.191
godown_Kamareddy,shop_2902027,12.635
godown_Kamareddy,shop_2902028,19.81
godown_Kamareddy,shop_2902029,19.713
godown_Kamareddy,shop_2902030,17.794
godown_Kamareddy,shop_2902031,20.183
godown_Kamareddy,shop_2902032,14.895
godown_Kamareddy,shop_2902033,21.064
godown_Kamareddy,shop_2902034,24.532
godown_Kamareddy,shop_2902035,24.741
godown_Kamareddy,shop_2902036,15.666
godown_Kamareddy,shop_2902037,17.077
godown_Kamareddy,shop_2902038,17.108
godown_Kamareddy,shop_2902039,13.532
godown_Kamareddy,shop_2902040,9.162
godown_Kamareddy,shop_2902041,19.791
godown_Kamareddy,shop_2902042,24.532
godown_Kamareddy,shop_2902043,19.456
godown_Kamareddy,shop_2902044,9.181
godown_Kamareddy,shop_2903002,22.704
godown_Kamareddy,shop_2903003,18.893
godown_Kamareddy,shop_2903004,23.952
godown_Kamareddy,shop_2903005,22.175
godown_Kamareddy,shop_2903006,25.296
godown_Kamareddy,shop_2903007,24.827
godown_Kamareddy,shop_2903008,21.364
godown_Kamareddy,shop_2903009,21.936
godown_Kamareddy,shop_2903010,18.394
godown_Kamareddy,shop_2903011,18.709
godown_Kamareddy,shop_2903012,16.503
godown_Kamareddy,shop_2903013,18.887
godown_Kamareddy,shop_2903014,21.669
godown_Kamareddy,shop_2903015,21.748
godown_Kamareddy,shop_2903016,21.571
godown_Kamareddy,shop_2903017,21.41
godown_Kamareddy,shop_2903018,21.549
godown_Kamareddy,shop_2903019,21.625
godown_Kamareddy,shop_2904003,71.48
godown_Kamareddy,shop_2904004,71.878
godown_Kamareddy,shop_2904005,71.478
godown_Kamareddy,shop_2904006,68.528
godown_Kamareddy,shop_2904007,64.373
godown_Kamareddy,shop_2904008,66.42
godown_Kamareddy,shop_2904009,57.557
godown_Kamareddy,shop_2904010,56.631
godown_Kamareddy,shop_2904011,58.979
godown_Kamareddy,shop_2904012,61.878
godown_Kamareddy,shop_2904013,61.477
godown_Kamareddy,shop_2904014,64.385
godown_Kamareddy,shop_2904015,63.4
godown_Kamareddy,shop_2904016,67.249
godown_Kamareddy,shop_2904017,68.157
godown_Kamareddy,shop_2904018,68.702
godown_Kamareddy,shop_2904019,69.041
godown_Kamareddy,shop_2904020,68.761
godown_Kamareddy,shop_2904022,63.99
godown_Kamareddy,shop_2904023,67.6
godown_Kamareddy,shop_2904024,68.161
godown_Kamareddy,shop_2904025,68.535
godown_Kamareddy,shop_2904026,69.04
godown_Kamareddy,shop_2904027,67.534
godown_Kamareddy,shop_2904028,65.304
godown_Kamareddy,shop_2905002,60.503
godown_Kamareddy,shop_2905003,60.51
godown_Kamareddy,shop_2905004,60.168
godown_Kamareddy,shop_2905005,63.062
godown_Kamareddy,shop_2905006,59.356
godown_Kamareddy,shop_2905007,59.15
godown_Kamareddy,shop_2905008,55.615
godown_Kamareddy,shop_2905009,56.84
godown_Kamareddy,shop_2905010,55.61
godown_Kamareddy,shop_2905011,57.183
godown_Kamareddy,shop_2905012,60.538
godown_Kamareddy,shop_2905013,58.189
godown_Kamareddy,shop_2905014,59.06
godown_Kamareddy,shop_2906002,10.993
godown_Kamareddy,shop_2906003,13.602
godown_Kamareddy,shop_2906004,4.897
godown_Kamareddy,shop_2906005,7.192
godown_Kamareddy,shop_2906006,7.091
godown_Kamareddy,shop_2906007,14.839
godown_Kamareddy,shop_2906008,14.896
godown_Kamareddy,shop_2906009,16.756
godown_Kamareddy,shop_2906010,16.444
godown_Kamareddy,shop_2906011,11.859
godown_Kamareddy,shop_2906012,11.879
godown_Kamareddy,shop_2906013,11.348
godown_Kamareddy,shop_2906014,11.827
godown_Kamareddy,shop_2906015,11.72
godown_Kamareddy,shop_2906016,11.328
godown_Kamareddy,shop_2906017,11.588
godown_Kamareddy,shop_2906018,11.683
godown_Kamareddy,shop_2906019,11.52
godown_Kamareddy,shop_2906020,13.625
godown_Kamareddy,shop_2907002,26.128
godown_Kamareddy,shop_2907003,26.087
godown_Kamareddy,shop_2907004,21.766
godown_Kamareddy,shop_2907005,29.034
godown_Kamareddy,shop_2907006,28.858
godown_Kamareddy,shop_2907007,28.02
godown_Kamareddy,shop_2907008,31.517
godown_Kamareddy,shop_2907009,27.739
godown_Kamareddy,shop_2907010,26.004
godown_Kamareddy,shop_2907011,23.559
godown_Kamareddy,shop_2907012,33
godown_Kamareddy,shop_2907013,34.699
godown_Kamareddy,shop_2907014,33.613
godown_Kamareddy,shop_2907015,30.843
godown_Kamareddy,shop_2907016,29.924
godown_Kamareddy,shop_2907017,36.033
godown_Kamareddy,shop_2907018,34.908
godown_Kamareddy,shop_2907019,36.681
godown_Kamareddy,shop_2907020,22.531
godown_Kamareddy,shop_2907021,23.706
godown_Kamareddy,shop_2907022,20.21
godown_Kamareddy,shop_2907023,24.89
godown_Kamareddy,shop_2907024,23.734
godown_Kamareddy,shop_2907025,26.042
godown_Kamareddy,shop_2907026,39.474
godown_Kamareddy,shop_2907027,26.111
godown_Kamareddy,shop_2907028,26.039
godown_Kamareddy,shop_2907029,37.995
godown_Kamareddy,shop_2907030,40.026
godown_Kamareddy,shop_2907031,36.64
godown_Kamareddy,shop_2908002,79.217
godown_Kamareddy,shop_2908003,79.212
godown_Kamareddy,shop_2908004,76.588
godown_Kamareddy,shop_2908005,80.201
godown_Kamareddy,shop_2908006,78.069
godown_Kamareddy,shop_2908007,76.121
godown_Kamareddy,shop_2908008,79.053
godown_Kamareddy,shop_2908009,82.743
godown_Kamareddy,shop_2908010,71.276
godown_Kamareddy,shop_2908011,72.342
godown_Kamareddy,shop_2908012,83.11
godown_Kamareddy,shop_2908013,73.863
godown_Kamareddy,shop_2908014,75.238
godown_Kamareddy,shop_2908015,68.883
godown_Kamareddy,shop_2908016,83.946
godown_Kamareddy,shop_2908017,77.092
godown_Kamareddy,shop_2908018,80.56
godown_Kamareddy,shop_2908019,82.979
godown_Kamareddy,shop_2908020,82.9
godown_Kamareddy,shop_2908021,84.536
godown_Kamareddy,shop_2908022,81.051
godown_Kamareddy,shop_2908023,85.798
godown_Kamareddy,shop_2908024,86.287
godown_Kamareddy,shop_2908025,85.805
godown_Kamareddy,shop_2909002,1.838
godown_Kamareddy,shop_2909003,1.686
godown_Kamareddy,shop_2909004,1.246
godown_Kamareddy,shop_2909005,1.317
godown_Kamareddy,shop_2909006,1.072
godown_Kamareddy,shop_2909007,0.896
godown_Kamareddy,shop_2909008,2.397
godown_Kamareddy,shop_2909009,1.095
godown_Kamareddy,shop_2909010,0.784
godown_Kamareddy,shop_2909011,1.244
godown_Kamareddy,shop_2909012,0.907
godown_Kamareddy,shop_2909013,1.994
godown_Kamareddy,shop_2909014,1.932
godown_Kamareddy,shop_2909015,1.547
godown_Kamareddy,shop_2909016,1.541
godown_Kamareddy,shop_2909017,1.814
godown_Kamareddy,shop_2909018,1.844
godown_Kamareddy,shop_2909019,0.871
godown_Kamareddy,shop_2909020,0.742
godown_Kamareddy,shop_2909021,2.353
godown_Kamareddy,shop_2909022,1.473
godown_Kamareddy,shop_2909023,1.988
godown_Kamareddy,shop_2909024,0.709
godown_Kamareddy,shop_2909025,0.827
godown_Kamareddy,shop_2909026,2.266
godown_Kamareddy,shop_2909027,2.026
godown_Kamareddy,shop_2909028,1.608
godown_Kamareddy,shop_2909029,2.5
godown_Kamareddy,shop_2909030,1.203
godown_Kamareddy,shop_2909031,2.079
godown_Kamareddy,shop_2909032,2.073
godown_Kamareddy,shop_2909033,1.241
godown_Kamareddy,shop_2909034,3.163
godown_Kamareddy,shop_2909035,1.879
godown_Kamareddy,shop_2909036,4.871
godown_Kamareddy,shop_2909037,4.935
godown_Kamareddy,shop_2909038,3.518
godown_Kamareddy,shop_2909039,3.512
godown_Kamareddy,shop_2909040,3.515
godown_Kamareddy,shop_2909041,2.907
godown_Kamareddy,shop_2909042,2.823
godown_Kamareddy,shop_2909043,7.244
godown_Kamareddy,shop_2909044,7.279
godown_Kamareddy,shop_2909045,5.333
godown_Kamareddy,shop_2909046,4.282
godown_Kamareddy,shop_2909047,4.296
godown_Kamareddy,shop_2909048,3.703
godown_Kamareddy,shop_2909049,2.6
godown_Kamareddy,shop_2909050,4.893
godown_Kamareddy,shop_2909051,3.696
godown_Kamareddy,shop_2909052,6.892
godown_Kamareddy,shop_2909053,2.056
godown_Kamareddy,shop_2909054,4.387
godown_Kamareddy,shop_2909055,5.736
godown_Kamareddy,shop_2909056,6.3
godown_Kamareddy,shop_2909057,2.379
godown_Kamareddy,shop_2909058,3.588
godown_Kamareddy,shop_2909059,5.723
godown_Kamareddy,shop_2909060,2.421
godown_Kamareddy,shop_2909061,3.526
godown_Kamareddy,shop_2909062,2.736
godown_Kamareddy,shop_2909063,3.165
godown_Kamareddy,shop_2910001,24.769
godown_Kamareddy,shop_2910002,24.64
godown_Kamareddy,shop_2910003,24.133
godown_Kamareddy,shop_2910004,24.629
godown_Kamareddy,shop_2910005,24.124
godown_Kamareddy,shop_2910006,23.053
godown_Kamareddy,shop_2910007,21.097
godown_Kamareddy,shop_2910008,20.606
godown_Kamareddy,shop_2910009,20.321
godown_Kamareddy,shop_2910010,23.972
godown_Kamareddy,shop_2910011,21.963
godown_Kamareddy,shop_2910012,25.063
godown_Kamareddy,shop_2910013,23.877
godown_Kamareddy,shop_2910014,28.171
godown_Kamareddy,shop_2910015,20.217
godown_Kamareddy,shop_2910016,26.631
godown_Kamareddy,shop_2910017,26.584
godown_Kamareddy,shop_2910018,26.819
godown_Kamareddy,shop_2910019,27.197
godown_Kamareddy,shop_2910020,25.057
godown_Kamareddy,shop_2910021,28.749
godown_Kamareddy,shop_2910022,29.035
godown_Kamareddy,shop_2910023,30.421
godown_Kamareddy,shop_2910024,26.279
godown_Kamareddy,shop_2910025,31.076
godown_Kamareddy,shop_2910026,31.064
godown_Kamareddy,shop_2910027,31.401
godown_Kamareddy,shop_2910028,32.403
godown_Kamareddy,shop_2911002,6.875
godown_Kamareddy,shop_2911003,7.541
godown_Kamareddy,shop_2911004,7.537
godown_Kamareddy,shop_2911005,7.137
godown_Kamareddy,shop_2911006,4.803
godown_Kamareddy,shop_2911007,23.088
godown_Kamareddy,shop_2911008,10.257
godown_Kamareddy,shop_2911009,12.084
godown_Kamareddy,shop_2911010,11.571
godown_Kamareddy,shop_2911011,13.07
godown_Kamareddy,shop_2911012,13.307
godown_Kamareddy,shop_2911013,9.197
godown_Kamareddy,shop_2911014,9.118
godown_Kamareddy,shop_2911015,9.581
godown_Kamareddy,shop_2911016,23.643
godown_Kamareddy,shop_2911017,22.346
godown_Kamareddy,shop_2911018,11.4
godown_Kamareddy,shop_2911019,18.278
godown_Kamareddy,shop_2911020,18.229
godown_Kamareddy,shop_2911021,10.175
godown_Kamareddy,shop_2911022,15.552
godown_Kamareddy,shop_2911023,14.299
godown_Kamareddy,shop_2911024,17.872
godown_Kamareddy,shop_2911025,17.638
godown_Kamareddy,shop_2911026,17.939
godown_Kamareddy,shop_2911027,12.647
godown_Kamareddy,shop_2911028,15.6
godown_Kamareddy,shop_2911029,17.037
godown_Kamareddy,shop_2911030,14.218
godown_Kamareddy,shop_2911031,15.822
godown_Kamareddy,shop_2912002,78.643
godown_Kamareddy,shop_2912003,76.694
godown_Kamareddy,shop_2912004,68.023
godown_Kamareddy,shop_2912005,71.705
godown_Kamareddy,shop_2912006,81.74
godown_Kamareddy,shop_2912007,79.303
godown_Kamareddy,shop_2912008,75.812
godown_Kamareddy,shop_2912009,71.862
godown_Kamareddy,shop_2912010,74.436
godown_Kamareddy,shop_2912011,69.812
godown_Kamareddy,shop_2912012,78.349
godown_Kamareddy,shop_2912013,76.452
godown_Kamareddy,shop_2912014,78.148
godown_Kamareddy,shop_2912015,74.645
godown_Kamareddy,shop_2912016,80.908
godown_Kamareddy,shop_2912017,74.466
godown_Kamareddy,shop_2912018,81.438
godown_Kamareddy,shop_2912019,70.848
godown_Kamareddy,shop_2912020,72.282
godown_Kamareddy,shop_2912021,73.661
godown_Kamareddy,shop_2912022,67.683
godown_Kamareddy,shop_2912023,71.503
godown_Kamareddy,shop_2912024,72.218
godown_Kamareddy,shop_2912025,66.829
godown_Kamareddy,shop_2912026,82.188
godown_Kamareddy,shop_2912027,79.165
godown_Kamareddy,shop_2912028,79.446
godown_Kamareddy,shop_2912029,79.445
godown_Kamareddy,shop_2912030,79.444
godown_Kamareddy,shop_2912031,69.678
godown_Kamareddy,shop_2912032,79.16
godown_Kamareddy,shop_2912033,68.178
godown_Kamareddy,shop_2912034,74.829
godown_Kamareddy,shop_2913002,33.258
godown_Kamareddy,shop_2913003,33.006
godown_Kamareddy,shop_2913004,32.841
godown_Kamareddy,shop_2913005,34.936
godown_Kamareddy,shop_2913006,33.214
godown_Kamareddy,shop_2913007,29.37
godown_Kamareddy,shop_2913008,31.226
godown_Kamareddy,shop_2913009,31.227
godown_Kamareddy,shop_2913010,28.749
godown_Kamareddy,shop_2913011,37.449
godown_Kamareddy,shop_2913012,36.991
godown_Kamareddy,shop_2913013,37.171
godown_Kamareddy,shop_2913014,35.871
godown_Kamareddy,shop_2913015,40.012
godown_Kamareddy,shop_2913016,39.979
godown_Kamareddy,shop_2913017,37.37
godown_Kamareddy,shop_2913018,35.579
godown_Kamareddy,shop_2913019,34.223
godown_Kamareddy,shop_2913020,34.328
godown_Kamareddy,shop_2913021,39.385
godown_Kamareddy,shop_2913022,35.876
godown_Kamareddy,shop_2913023,37.172
godown_Kamareddy,shop_2914002,55.566
godown_Kamareddy,shop_2914003,51.64
godown_Kamareddy,shop_2914004,49.927
godown_Kamareddy,shop_2914005,48.968
godown_Kamareddy,shop_2914006,48.383
godown_Kamareddy,shop_2914007,47.088
godown_Kamareddy,shop_2914008,52.684
godown_Kamareddy,shop_2914009,51.491
godown_Kamareddy,shop_2914010,49.6
godown_Kamareddy,shop_2914011,53.767
godown_Kamareddy,shop_2914012,54.983
godown_Kamareddy,shop_2914013,57.077
godown_Kamareddy,shop_2914014,51.637
godown_Kamareddy,shop_2914015,50.315
godown_Kamareddy,shop_2914016,49.61
godown_Kamareddy,shop_2915002,49.647
godown_Kamareddy,shop_2915003,40.897
godown_Kamareddy,shop_2915004,42.562
godown_Kamareddy,shop_2915005,47.351
godown_Kamareddy,shop_2915006,46.503
godown_Kamareddy,shop_2915007,42.254
godown_Kamareddy,shop_2915008,50.981
godown_Kamareddy,shop_2915009,48.313
godown_Kamareddy,shop_2915010,47.454
godown_Kamareddy,shop_2915011,51.953
godown_Kamareddy,shop_2915012,52.809
godown_Kamareddy,shop_2915013,47.433
godown_Kamareddy,shop_2915014,53.241
godown_Kamareddy,shop_2915015,43.941
godown_Kamareddy,shop_2915016,41.627
godown_Kamareddy,shop_2915017,43.645
godown_Kamareddy,shop_2915018,47.039
godown_Kamareddy,shop_2915019,44.609
godown_Kamareddy,shop_2915020,44.873
godown_Kamareddy,shop_2915021,47.699
godown_Kamareddy,shop_2915022,51.634
godown_Kamareddy,shop_2915023,50.111
godown_Kamareddy,shop_2915024,45.652
godown_Kamareddy,shop_2916002,68.013
godown_Kamareddy,shop_2916003,62.639
godown_Kamareddy,shop_2916004,64.489
godown_Kamareddy,shop_2916006,68.939
godown_Kamareddy,shop_2916007,67.58
godown_Kamareddy,shop_2916008,73.335
godown_Kamareddy,shop_2916009,73.843
godown_Kamareddy,shop_2916012,60.085
godown_Kamareddy,shop_2916013,62.86
godown_Kamareddy,shop_2916014,62.487
godown_Kamareddy,shop_2917002,56.503
godown_Kamareddy,shop_2917003,56.628
godown_Kamareddy,shop_2917004,56.635
godown_Kamareddy,shop_2917005,56.703
godown_Kamareddy,shop_2917006,59.199
godown_Kamareddy,shop_2917007,62.412
godown_Kamareddy,shop_2917008,63.116
godown_Kamareddy,shop_2917009,63.232
godown_Kamareddy,shop_2917010,60.92
godown_Kamareddy,shop_2917011,52.91
godown_Kamareddy,shop_2917012,53.009
godown_Kamareddy,shop_2917013,55.67
godown_Kamareddy,shop_2917014,54.551
godown_Kamareddy,shop_2917015,49.671
godown_Kamareddy,shop_2917016,55.587
godown_Kamareddy,shop_2917017,54.543
godown_Kamareddy,shop_2917018,54.935
godown_Kamareddy,shop_2917019,51.944
godown_Kamareddy,shop_2917020,52.893
godown_Kamareddy,shop_2917021,58.805
godown_Kamareddy,shop_2917022,58.663
godown_Kamareddy,shop_2917023,58.718
godown_Kamareddy,shop_2917024,60.91
godown_Kamareddy,shop_2917025,55.085
godown_Kamareddy,shop_2917026,53.668
godown_Kamareddy,shop_2917027,57.869
godown_Kamareddy,shop_2918002,9.87
godown_Kamareddy,shop_2918003,6.589
godown_Kamareddy,shop_2918004,6.59
godown_Kamareddy,shop_2918005,6.645
godown_Kamareddy,shop_2918006,11.047
godown_Kamareddy,shop_2918007,8.427
godown_Kamareddy,shop_2918008,7.339
godown_Kamareddy,shop_2918009,9.876
godown_Kamareddy,shop_2918010,12.258
godown_Kamareddy,shop_2918011,12.14
godown_Kamareddy,shop_2918012,9.984
godown_Kamareddy,shop_2918013,15.923
godown_Kamareddy,shop_2918014,16.08
godown_Kamareddy,shop_2918015,19.372
godown_Kamareddy,shop_2918016,18.836
godown_Kamareddy,shop_2918017,13.96
godown_Kamareddy,shop_2918018,19.364
godown_Kamareddy,shop_2918019,9.891
godown_Kamareddy,shop_2918020,6.588
godown_Kamareddy,shop_2919002,10.883
godown_Kamareddy,shop_2919003,10.943
godown_Kamareddy,shop_2919004,10.19
godown_Kamareddy,shop_2919005,10.682
godown_Kamareddy,shop_2919006,11.083
godown_Kamareddy,shop_2919007,8.305
godown_Kamareddy,shop_2919008,8.933
godown_Kamareddy,shop_2919009,8.404
godown_Kamareddy,shop_2919010,10.147
godown_Kamareddy,shop_2919011,10.145
godown_Kamareddy,shop_2919012,11.518
godown_Kamareddy,shop_2919013,7.021
godown_Kamareddy,shop_2919014,13.225
godown_Kamareddy,shop_2919015,10.729
godown_Kamareddy,shop_2919016,13.931
godown_Kamareddy,shop_2919017,15.074
godown_Kamareddy,shop_2919018,15.045
godown_Kamareddy,shop_2919019,13.138
godown_Kamareddy,shop_2919020,14.053
godown_Kamareddy,shop_2919021,14.052
godown_Kamareddy,shop_2919022,13.135
godown_Kamareddy,shop_2919023,13.525
godown_Kamareddy,shop_2919024,15.108
godown_Kamareddy,shop_2919025,8.675
godown_Kamareddy,shop_2920002,16.092
godown_Kamareddy,shop_2920003,14.588
godown_Kamareddy,shop_2920004,14.569
godown_Kamareddy,shop_2920005,19.23
godown_Kamareddy,shop_2920006,13.153
godown_Kamareddy,shop_2920007,13.166
godown_Kamareddy,shop_2920008,12.941
godown_Kamareddy,shop_2920009,7.998
godown_Kamareddy,shop_2920010,7.358
godown_Kamareddy,shop_2920011,7.405
godown_Kamareddy,shop_2920012,18.932
godown_Kamareddy,shop_2920013,19.648
godown_Kamareddy,shop_2920014,20.556
godown_Kamareddy,shop_2920015,11.468
godown_Kamareddy,shop_2920016,11.463
godown_Kamareddy,shop_2920017,13.042
godown_Kamareddy,shop_2920018,16.724
godown_Kamareddy,shop_2920019,8.904
godown_Kamareddy,shop_2920020,9.077
godown_Kamareddy,shop_2920021,17.755
godown_Kamareddy,shop_2920022,18.589
godown_Kamareddy,shop_2920023,14.587
godown_Kamareddy,shop_2920024,19.607
godown_Kamareddy,shop_2920025,21.827
godown_Kamareddy,shop_2920026,22.695
godown_Kamareddy,shop_2920027,25.511
godown_Kamareddy,shop_2920028,21.814
godown_Kamareddy,shop_2920029,13.352
godown_Kamareddy,shop_2921002,14.037
godown_Kamareddy,shop_2921003,8.621
godown_Kamareddy,shop_2921004,8.444
godown_Kamareddy,shop_2921005,12.267
godown_Kamareddy,shop_2921006,10.341
godown_Kamareddy,shop_2921007,10.916
godown_Kamareddy,shop_2921008,18.342
godown_Kamareddy,shop_2921009,6.594
godown_Kamareddy,shop_2921010,6.533
godown_Kamareddy,shop_2921011,14.476
godown_Kamareddy,shop_2921012,14.479
godown_Kamareddy,shop_2921013,8.313
godown_Kamareddy,shop_2921014,13.995
godown_Kamareddy,shop_2921015,13.996
godown_Kamareddy,shop_2921016,10.406
godown_Kamareddy,shop_2921017,10.337
godown_Kamareddy,shop_2921018,10.109
godown_Kamareddy,shop_2921019,14.402
godown_Kamareddy,shop_2921020,14.265
godown_Kamareddy,shop_2921021,8.912
godown_Kamareddy,shop_2921022,7.771
godown_Kamareddy,shop_2921023,15.041
godown_Kamareddy,shop_2921024,15.067
godown_Kamareddy,shop_2921025,11.705
godown_Kamareddy,shop_2921026,11.138
godown_Kamareddy,shop_2921027,12.312
godown_Kamareddy,shop_2922002,38.097
godown_Kamareddy,shop_2922003,38.089
godown_Kamareddy,shop_2922004,38.034
godown_Kamareddy,shop_2922005,38.177
godown_Kamareddy,shop_2922006,38.055
godown_Kamareddy,shop_2922007,38.203
godown_Kamareddy,shop_2922008,38.199
godown_Kamareddy,shop_2922009,38.205
godown_Kamareddy,shop_2922010,38.233
godown_Kamareddy,shop_2922011,40.474
godown_Kamareddy,shop_2922012,37.891
godown_Kamareddy,shop_2922013,38.409
godown_Kamareddy,shop_2922014,38.023
godown_Kamareddy,shop_2922015,35.795
godown_Kamareddy,shop_2922016,36.271
godown_Kamareddy,shop_2922017,38.555
godown_Kamareddy,shop_2922018,40.093
godown_Kamareddy,shop_2922019,38.066
godown_Kamareddy,shop_2922020,40.685
godown_Kamareddy,shop_2922021,35.324
godown_Kamareddy,shop_2922022,32.561
godown_Kamareddy,shop_2922023,36.355
godown_Kamareddy,shop_2922024,32.187
godown_Kamareddy,shop_2922025,40.769
godown_Kamareddy,shop_2922026,41.721
godown_Kamareddy,shop_2922027,33.753
godown_Kamareddy,shop_2922028,42.881
godown_Kamareddy,shop_2922029,36.786
godown_Kamareddy,shop_2922030,36.786
godown_Mahabubabad,shop_3101001,21.953
godown_Mahabubabad,shop_3101002,22.58
godown_Mahabubabad,shop_3101003,19.564
godown_Mahabubabad,shop_3101004,16.661
godown_Mahabubabad,shop_3101005,27.302
godown_Mahabubabad,shop_3101006,18.402
godown_Mahabubabad,shop_3101007,22.39
godown_Mahabubabad,shop_3101008,19.934
godown_Mahabubabad,shop_3101009,22.693
godown_Mahabubabad,shop_3101010,19.242
godown_Mahabubabad,shop_3101011,19.264
godown_Mahabubabad,shop_3101012,18.312
godown_Mahabubabad,shop_3101013,11.758
godown_Mahabubabad,shop_3101014,12.12
godown_Mahabubabad,shop_3101015,23.567
godown_Mahabubabad,shop_3101016,24.834
godown_Mahabubabad,shop_3101017,25.512
godown_Mahabubabad,shop_3101018,24.507
godown_Mahabubabad,shop_3101019,25.738
godown_Mahabubabad,shop_3101020,17.441
godown_Mahabubabad,shop_3101021,13.322
godown_Mahabubabad,shop_3101022,15.233
godown_Mahabubabad,shop_3101023,15.308
godown_Mahabubabad,shop_3101024,13.181
godown_Mahabubabad,shop_3101025,14.532
godown_Mahabubabad,shop_3101026,13.291
godown_Mahabubabad,shop_3101027,28.308
godown_Mahabubabad,shop_3101028,29.231
godown_Mahabubabad,shop_3101029,22.543
godown_Mahabubabad,shop_3101030,22.499
godown_Mahabubabad,shop_3101031,14.925
godown_Mahabubabad,shop_3101032,25.648
godown_Mahabubabad,shop_3101033,24.08
godown_Mahabubabad,shop_3101034,27.633
godown_Mahabubabad,shop_3101035,21.88
godown_Mahabubabad,shop_3101036,23.285
godown_Mahabubabad,shop_3101037,22.914
godown_Mahabubabad,shop_3101038,25.542
godown_Mahabubabad,shop_3101039,8958.165
godown_Mahabubabad,shop_3102001,35.179
godown_Mahabubabad,shop_3102002,44.962
godown_Mahabubabad,shop_3102003,44.488
godown_Mahabubabad,shop_3102004,43.505
godown_Mahabubabad,shop_3102005,38.804
godown_Mahabubabad,shop_3102006,41.286
godown_Mahabubabad,shop_3102007,35.353
godown_Mahabubabad,shop_3102008,26.14
godown_Mahabubabad,shop_3102009,29.419
godown_Mahabubabad,shop_3102010,51.17
godown_Mahabubabad,shop_3102011,39.865
godown_Mahabubabad,shop_3102012,36.187
godown_Mahabubabad,shop_3102013,46.521
godown_Mahabubabad,shop_3102014,39.754
godown_Mahabubabad,shop_3102015,35.4
godown_Mahabubabad,shop_3102016,45.67
godown_Mahabubabad,shop_3102017,32.474
godown_Mahabubabad,shop_3102018,43.842
godown_Mahabubabad,shop_3102019,32.569
godown_Mahabubabad,shop_3102020,37.337
godown_Mahabubabad,shop_3102021,42.359
godown_Mahabubabad,shop_3102022,45.264
godown_Mahabubabad,shop_3102023,44.81
godown_Mahabubabad,shop_3102024,40.797
godown_Mahabubabad,shop_3102025,40.438
godown_Mahabubabad,shop_3102026,40.462
godown_Mahabubabad,shop_3102027,43.851
godown_Mahabubabad,shop_3102028,33.794
godown_Mahabubabad,shop_3102029,33.868
godown_Mahabubabad,shop_3102030,35.352
godown_Mahabubabad,shop_3103001,16.333
godown_Mahabubabad,shop_3103002,15.984
godown_Mahabubabad,shop_3103003,20.781
godown_Mahabubabad,shop_3103004,16.068
godown_Mahabubabad,shop_3103005,11.529
godown_Mahabubabad,shop_3103006,11.02
godown_Mahabubabad,shop_3103007,11.338
godown_Mahabubabad,shop_3103009,10.605
godown_Mahabubabad,shop_3103010,6.984
godown_Mahabubabad,shop_3103011,14.988
godown_Mahabubabad,shop_3103012,21.492
godown_Mahabubabad,shop_3103013,14.413
godown_Mahabubabad,shop_3103014,9.555
godown_Mahabubabad,shop_3103015,9.978
godown_Mahabubabad,shop_3103016,8.419
godown_Mahabubabad,shop_3103017,18.263
godown_Mahabubabad,shop_3103018,11.495
godown_Mahabubabad,shop_3103019,16.431
godown_Mahabubabad,shop_3103020,11.503
godown_Mahabubabad,shop_3103021,14.793
godown_Mahabubabad,shop_3103022,9.951
godown_Mahabubabad,shop_3103023,16.25
godown_Mahabubabad,shop_3103024,10.917
godown_Mahabubabad,shop_3103025,11.34
godown_Mahabubabad,shop_3103026,6.527
godown_Mahabubabad,shop_3104001,17.02
godown_Mahabubabad,shop_3104002,13.614
godown_Mahabubabad,shop_3104003,19.734
godown_Mahabubabad,shop_3104004,19.484
godown_Mahabubabad,shop_3104005,22.174
godown_Mahabubabad,shop_3104006,18.065
godown_Mahabubabad,shop_3104008,25.246
godown_Mahabubabad,shop_3104009,25.521
godown_Mahabubabad,shop_3104010,19.76
godown_Mahabubabad,shop_3104011,19.724
godown_Mahabubabad,shop_3104012,19.71
godown_Mahabubabad,shop_3104013,15.861
godown_Mahabubabad,shop_3104015,13.568
godown_Mahabubabad,shop_3104016,24.129
godown_Mahabubabad,shop_3104017,14.785
godown_Mahabubabad,shop_3104018,15.805
godown_Mahabubabad,shop_3104019,24.898
godown_Mahabubabad,shop_3104020,14.841
godown_Mahabubabad,shop_3104021,23.858
godown_Mahabubabad,shop_3104022,23.08
godown_Mahabubabad,shop_3104023,24.012
godown_Mahabubabad,shop_3105001,8.989
godown_Mahabubabad,shop_3105002,4.925
godown_Mahabubabad,shop_3105003,1.577
godown_Mahabubabad,shop_3105004,4.498
godown_Mahabubabad,shop_3105005,3.323
godown_Mahabubabad,shop_3105006,3.988
godown_Mahabubabad,shop_3105007,4.324
godown_Mahabubabad,shop_3105008,4.175
godown_Mahabubabad,shop_3105009,8.854
godown_Mahabubabad,shop_3105010,4.718
godown_Mahabubabad,shop_3105011,4.649
godown_Mahabubabad,shop_3105012,12.513
godown_Mahabubabad,shop_3105013,9.189
godown_Mahabubabad,shop_3105014,8.648
godown_Mahabubabad,shop_3105015,8.616
godown_Mahabubabad,shop_3105016,7.655
godown_Mahabubabad,shop_3105017,0.745
godown_Mahabubabad,shop_3105018,9.279
godown_Mahabubabad,shop_3105019,6.837
godown_Mahabubabad,shop_3105020,0.969
godown_Mahabubabad,shop_3105021,7.708
godown_Mahabubabad,shop_3105022,8.445
godown_Mahabubabad,shop_3105023,6.708
godown_Mahabubabad,shop_3105024,10.033
godown_Mahabubabad,shop_3105025,0.788
godown_Mahabubabad,shop_3105026,5.991
godown_Mahabubabad,shop_3105027,6.065
godown_Mahabubabad,shop_3105028,5.465
godown_Mahabubabad,shop_3105029,4.584
godown_Mahabubabad,shop_3105030,5.526
godown_Mahabubabad,shop_3105031,8.532
godown_Mahabubabad,shop_3105032,8.77
godown_Mahabubabad,shop_3105033,8.417
godown_Mahabubabad,shop_3105034,3.98
godown_Mahabubabad,shop_3105035,4.087
godown_Mahabubabad,shop_3105036,16.858
godown_Mahabubabad,shop_3105037,13.715
godown_Mahabubabad,shop_3105038,5.396
godown_Mahabubabad,shop_3105039,5.362
godown_Mahabubabad,shop_3105040,1.834
godown_Mahabubabad,shop_3105041,0.747
godown_Mahabubabad,shop_3105042,0.697
godown_Mahabubabad,shop_3105043,0.492
godown_Mahabubabad,shop_3105044,0.747
godown_Mahabubabad,shop_3105045,12.583
godown_Mahabubabad,shop_3105046,1.378
godown_Mahabubabad,shop_3105047,0.42
godown_Mahabubabad,shop_3105048,0.838
godown_Mahabubabad,shop_3105049,0.726
godown_Mahabubabad,shop_3105050,0.618
godown_Mahabubabad,shop_3105051,0.596
godown_Mahabubabad,shop_3105052,0.84
godown_Mahabubabad,shop_3105053,0.965
godown_Mahabubabad,shop_3105054,1.827
godown_Mahabubabad,shop_3105055,0.972
godown_Mahabubabad,shop_3105056,0.908
godown_Mahabubabad,shop_3105057,1.961
godown_Mahabubabad,shop_3105058,2.816
godown_Mahabubabad,shop_3105059,1.078
godown_Mahabubabad,shop_3105060,1.045
godown_Mahabubabad,shop_3105061,1.136
godown_Mahabubabad,shop_3105062,0.427
godown_Mahabubabad,shop_3105063,0.937
godown_Mahabubabad,shop_3106001,11.236
godown_Mahabubabad,shop_3106002,11.441
godown_Mahabubabad,shop_3106003,10.033
godown_Mahabubabad,shop_3106004,12.613
godown_Mahabubabad,shop_3106005,14.944
godown_Mahabubabad,shop_3106006,14.811
godown_Mahabubabad,shop_3106007,14.432
godown_Mahabubabad,shop_3106008,14.504
godown_Mahabubabad,shop_3106009,11.358
godown_Mahabubabad,shop_3106010,8.293
godown_Mahabubabad,shop_3106011,8.19
godown_Mahabubabad,shop_3106012,6.688
godown_Mahabubabad,shop_3106013,8.428
godown_Mahabubabad,shop_3106014,7.262
godown_Mahabubabad,shop_3106015,7.267
godown_Mahabubabad,shop_3106016,7.618
godown_Mahabubabad,shop_3106017,8.179
godown_Mahabubabad,shop_3106018,8.176
godown_Mahabubabad,shop_3106019,7.92
godown_Mahabubabad,shop_3106020,6.865
godown_Mahabubabad,shop_3106021,11.047
godown_Mahabubabad,shop_3106022,10.968
godown_Mahabubabad,shop_3106023,11.039
godown_Mahabubabad,shop_3106024,12.324
godown_Mahabubabad,shop_3106025,11.613
godown_Mahabubabad,shop_3106026,10.203
godown_Mahabubabad,shop_3106027,12.551
godown_Mahabubabad,shop_3106028,13.175
godown_Mahabubabad,shop_3106029,10.285
godown_Mahabubabad,shop_3106030,16.059
godown_Mahabubabad,shop_3106031,14.899
godown_Mahabubabad,shop_3106032,18.98
godown_Mahabubabad,shop_3106033,18.873
godown_Mahabubabad,shop_3106034,21.064
godown_Mahabubabad,shop_3106035,20.808
godown_Mahabubabad,shop_3106036,21.016
godown_Mahabubabad,shop_3106037,16.805
godown_Mahabubabad,shop_3106038,16.936
godown_Mahabubabad,shop_3106039,15.582
godown_Mahabubabad,shop_3106040,12.664
godown_Mahabubabad,shop_3106041,12.621
godown_Mahabubabad,shop_3106042,15.139
godown_Mahabubabad,shop_3106043,15.266
godown_Mahabubabad,shop_3106044,15.745
godown_Mahabubabad,shop_3106045,10.026
godown_Mahabubabad,shop_3106046,12.152
godown_Mahabubabad,shop_3106047,15.871
godown_Mahabubabad,shop_3106048,8.53
godown_Mahabubabad,shop_3106049,8.738
godown_Mahabubabad,shop_3106050,6.071
godown_Mahabubabad,shop_3106051,11.139
godown_Mahabubabad,shop_3106052,12.581
godown_Mahabubabad,shop_3106053,17.259
godown_Mahabubabad,shop_3106054,12.33
godown_Mahabubabad,shop_3107002,20.482
godown_Mahabubabad,shop_3107003,20.481
godown_Mahabubabad,shop_3107004,17.919
godown_Mahabubabad,shop_3107005,19.223
godown_Mahabubabad,shop_3107006,17.421
godown_Mahabubabad,shop_3107007,15.016
godown_Mahabubabad,shop_3107008,14.367
godown_Mahabubabad,shop_3107009,14.541
godown_Mahabubabad,shop_3107010,14.434
godown_Mahabubabad,shop_3107011,15.061
godown_Mahabubabad,shop_3107012,14.721
godown_Mahabubabad,shop_3107013,15.411
godown_Mahabubabad,shop_3107014,16.543
godown_Mahabubabad,shop_3107015,16.737
godown_Mahabubabad,shop_3107016,14.423
godown_Mahabubabad,shop_3107017,18.865
godown_Mahabubabad,shop_3107018,22.457
godown_Mahabubabad,shop_3107019,22.254
godown_Mahabubabad,shop_3107020,22.414
godown_Mahabubabad,shop_3107021,22.191
godown_Mahabubabad,shop_3107022,22.55
godown_Mahabubabad,shop_3107023,18.14
godown_Mahabubabad,shop_3107024,18.082
godown_Mahabubabad,shop_3107025,13.764
godown_Mahabubabad,shop_3107026,13.482
godown_Mahabubabad,shop_3107027,13.644
godown_Mahabubabad,shop_3107028,13.16
godown_Mahabubabad,shop_3107029,9.188
godown_Mahabubabad,shop_3107030,9.028
godown_Mahabubabad,shop_3107031,10.395
godown_Mahabubabad,shop_3107032,8.644
godown_Mahabubabad,shop_3107033,8.464
godown_Mahabubabad,shop_3107034,8.086
godown_Mahabubabad,shop_3107035,5.919
godown_Mahabubabad,shop_3107036,18.346
godown_Mahabubabad,shop_3107037,16.569
godown_Mahabubabad,shop_3107038,9.059
godown_Mahabubabad,shop_3107039,25.017
godown_Mahabubabad,shop_3107040,11.513
godown_Mahabubabad,shop_3107041,18.681
godown_Mahabubabad,shop_3107042,13.543
godown_Mahabubabad,shop_3107043,14.589
godown_Mahabubabad,shop_3107044,15.539
godown_Mahabubabad,shop_3108001,19.525
godown_Mahabubabad,shop_3108002,19.632
godown_Mahabubabad,shop_3108003,16.899
godown_Mahabubabad,shop_3108004,17.865
godown_Mahabubabad,shop_3108005,18.028
godown_Mahabubabad,shop_3108006,23.758
godown_Mahabubabad,shop_3108007,23.456
godown_Mahabubabad,shop_3108008,23.775
godown_Mahabubabad,shop_3108009,24.247
godown_Mahabubabad,shop_3108010,23.511
godown_Mahabubabad,shop_3108011,24.112
godown_Mahabubabad,shop_3108012,23.11
godown_Mahabubabad,shop_3108013,23.521
godown_Mahabubabad,shop_3108014,23.974
godown_Mahabubabad,shop_3108015,23.085
godown_Mahabubabad,shop_3108016,21.22
godown_Mahabubabad,shop_3108017,23.742
godown_Mahabubabad,shop_3108018,23.665
godown_Mahabubabad,shop_3108019,21.091
godown_Mahabubabad,shop_3108020,23.746
godown_Mahabubabad,shop_3108021,20.834
godown_Mahabubabad,shop_3108022,20.679
godown_Mahabubabad,shop_3108023,20.889
godown_Mahabubabad,shop_3108024,24.13
godown_Mahabubabad,shop_3108025,25.267
godown_Mahabubabad,shop_3108026,24.824
godown_Mahabubabad,shop_3108027,23.945
godown_Mahabubabad,shop_3108028,27.817
godown_Mahabubabad,shop_3108029,27.846
godown_Mahabubabad,shop_3108030,25.679
godown_Mahabubabad,shop_3108031,26.399
godown_Mahabubabad,shop_3108032,26.391
godown_Mahabubabad,shop_3108033,25.502
godown_Mahabubabad,shop_3108034,25.464
godown_Mahabubabad,shop_3108035,25.152
godown_Mahabubabad,shop_3108036,27.042
godown_Mahabubabad,shop_3108037,20.243
godown_Mahabubabad,shop_3108038,19.443
godown_Mahabubabad,shop_3108039,21.945
godown_Mahabubabad,shop_3108040,21.01
godown_Mahabubabad,shop_3108041,22.613
godown_Mahabubabad,shop_3108042,23.927
godown_Mahabubabad,shop_3108043,23.559
godown_Mahabubabad,shop_3108044,26.569
godown_Mahabubabad,shop_3108045,26.967
godown_Mahabubabad,shop_3108046,24.931
godown_Mahabubabad,shop_3109001,59.035
godown_Mahabubabad,shop_3109002,47.224
godown_Mahabubabad,shop_3109003,42.563
godown_Mahabubabad,shop_3109004,41.431
godown_Mahabubabad,shop_3109005,43.325
godown_Mahabubabad,shop_3109006,39.66
godown_Mahabubabad,shop_3109007,37.887
godown_Mahabubabad,shop_3109008,32.784
godown_Mahabubabad,shop_3109009,27.698
godown_Mahabubabad,shop_3109010,29.992
godown_Mahabubabad,shop_3109011,39.534
godown_Mahabubabad,shop_3109012,85.539
godown_Mahabubabad,shop_3109013,40.281
godown_Mahabubabad,shop_3109014,49.9
godown_Mahabubabad,shop_3109015,55.525
godown_Mahabubabad,shop_3109016,30.777
godown_Mahabubabad,shop_3109017,33.621
godown_Mahabubabad,shop_3110001,16.856
godown_Mahabubabad,shop_3110002,16.169
godown_Mahabubabad,shop_3110003,18.425
godown_Mahabubabad,shop_3110004,15.942
godown_Mahabubabad,shop_3110005,16.044
godown_Mahabubabad,shop_3110006,16.021
godown_Mahabubabad,shop_3110007,17.913
godown_Mahabubabad,shop_3110008,14.543
godown_Mahabubabad,shop_3110009,18.364
godown_Mahabubabad,shop_3110010,18.854
godown_Mahabubabad,shop_3110011,16.471
godown_Mahabubabad,shop_3110012,13.813
godown_Mahabubabad,shop_3110013,16.128
godown_Mahabubabad,shop_3110014,16.266
godown_Mahabubabad,shop_3111001,29.481
godown_Mahabubabad,shop_3111002,29.669
godown_Mahabubabad,shop_3111003,34.065
godown_Mahabubabad,shop_3111004,34.209
godown_Mahabubabad,shop_3111005,31.161
godown_Mahabubabad,shop_3111006,32.508
godown_Mahabubabad,shop_3111007,32.655
godown_Mahabubabad,shop_3111008,34.06
godown_Mahabubabad,shop_3111009,36.311
godown_Mahabubabad,shop_3111010,36.26
godown_Mahabubabad,shop_3111011,36.294
godown_Mahabubabad,shop_3111012,36.522
godown_Mahabubabad,shop_3111013,36.402
godown_Mahabubabad,shop_3111014,36.391
godown_Mahabubabad,shop_3111015,35.021
godown_Mahabubabad,shop_3111016,33.75
godown_Mahabubabad,shop_3111017,30.497
godown_Mahabubabad,shop_3111018,30.504
godown_Mahabubabad,shop_3111019,32.016
godown_Mahabubabad,shop_3111020,27.351
godown_Mahabubabad,shop_3111021,30.565
godown_Mahabubabad,shop_3111022,32.214
godown_Mahabubabad,shop_3111023,32.191
godown_Mahabubabad,shop_3111024,27.837
godown_Mahabubabad,shop_3112001,21.7
godown_Mahabubabad,shop_3112002,21.967
godown_Mahabubabad,shop_3112003,21.058
godown_Mahabubabad,shop_3112004,26.976
godown_Mahabubabad,shop_3112005,25.184
godown_Mahabubabad,shop_3112006,27.729
godown_Mahabubabad,shop_3112007,26.82
godown_Mahabubabad,shop_3112008,29.55
godown_Mahabubabad,shop_3112009,28.897
godown_Mahabubabad,shop_3112010,29.204
godown_Mahabubabad,shop_3112011,31.249
godown_Mahabubabad,shop_3112012,31.326
godown_Mahabubabad,shop_3112013,32.364
godown_Mahabubabad,shop_3112014,29.476
godown_Mahabubabad,shop_3112015,35.319
godown_Mahabubabad,shop_3112016,35.322
godown_Mahabubabad,shop_3112017,32.786
godown_Mahabubabad,shop_3112018,31.632
godown_Mahabubabad,shop_3112019,31.704
godown_Mahabubabad,shop_3112020,29.453
godown_Mahabubabad,shop_3112021,26.495
godown_Mahabubabad,shop_3112022,25.979
godown_Mahabubabad,shop_3112023,26.574
godown_Mahabubabad,shop_3112024,28.106
godown_Mahabubabad,shop_3112025,28.112
godown_Mahabubabad,shop_3112026,27.89
godown_Mahabubabad,shop_3112027,20.842
godown_Mahabubabad,shop_3112028,21.19
godown_Mahabubabad,shop_3112029,18.959
godown_Mahabubabad,shop_3112030,19.346
godown_Mahabubabad,shop_3112031,16.726
godown_Mahabubabad,shop_3112032,18.52
godown_Mahabubabad,shop_3112033,21.475
godown_Mahabubabad,shop_3112034,19.942
godown_Mahabubabad,shop_3112035,21.891
godown_Mahabubabad,shop_3112036,22.313
godown_Mahabubabad,shop_3112037,25.814
godown_Mahabubabad,shop_3112038,24.101
godown_Mahabubabad,shop_3112039,26.025
godown_Mahabubabad,shop_3112040,28.229
godown_Mahabubabad,shop_3112041,25.921
godown_Mahabubabad,shop_3112042,21.783
godown_Mahabubabad,shop_3112043,32.511
godown_Mahabubabad,shop_3112044,33.508
godown_Mahabubabad,shop_3112045,26.443
godown_Mahabubabad,shop_3112046,28.079
godown_Mahabubabad,shop_3112047,24.06
godown_Mahabubabad,shop_3112048,26.336
godown_Mahabubabad,shop_3112049,23.006
godown_Mahabubabad,shop_3112050,28.9
godown_Mahabubabad,shop_3113001,23.089
godown_Mahabubabad,shop_3113002,23.206
godown_Mahabubabad,shop_3113003,22.951
godown_Mahabubabad,shop_3113004,26.686
godown_Mahabubabad,shop_3113005,26.794
godown_Mahabubabad,shop_3113006,24.323
godown_Mahabubabad,shop_3113007,24.308
godown_Mahabubabad,shop_3113008,21.002
godown_Mahabubabad,shop_3113009,20.351
godown_Mahabubabad,shop_3113010,19.572
godown_Mahabubabad,shop_3113011,20.379
godown_Mahabubabad,shop_3113012,18.969
godown_Mahabubabad,shop_3113013,18.126
godown_Mahabubabad,shop_3113014,22.431
godown_Mahabubabad,shop_3113015,24.31
godown_Mahabubabad,shop_3113016,25.611
godown_Mahabubabad,shop_3113017,26.127
godown_Mahabubabad,shop_3113018,25.501
godown_Mahabubabad,shop_3113019,24.601
godown_Mahabubabad,shop_3113020,24.224
godown_Mahabubabad,shop_3113021,36.098
godown_Mahabubabad,shop_3113022,20.581
godown_Mahabubabad,shop_3114001,11.753
godown_Mahabubabad,shop_3114002,11.78
godown_Mahabubabad,shop_3114003,17.224
godown_Mahabubabad,shop_3114004,17.264
godown_Mahabubabad,shop_3114005,17.075
godown_Mahabubabad,shop_3114006,16.341
godown_Mahabubabad,shop_3114007,28.309
godown_Mahabubabad,shop_3114008,29.468
godown_Mahabubabad,shop_3114009,29.377
godown_Mahabubabad,shop_3114010,26.233
godown_Mahabubabad,shop_3114011,26.482
godown_Mahabubabad,shop_3114012,26.118
godown_Mahabubabad,shop_3114013,27.38
godown_Mahabubabad,shop_3114014,20.448
godown_Mahabubabad,shop_3114015,21.582
godown_Mahabubabad,shop_3114016,13.781
godown_Mahabubabad,shop_3114017,13.735
godown_Mahabubabad,shop_3114018,21.617
godown_Mahabubabad,shop_3114019,27.87
godown_Mahabubabad,shop_3114020,26.045
godown_Mahabubabad,shop_3114021,23.597
godown_Mahabubabad,shop_3114022,23.926
godown_Mahabubabad,shop_3114023,19.685
godown_Mahabubabad,shop_3114024,19.784
godown_Mahabubabad,shop_3114025,23.737
godown_Mahabubabad,shop_3114026,23.63
godown_Mahabubabad,shop_3114027,18.778
godown_Mahabubabad,shop_3114028,18.766
godown_Mahabubabad,shop_3114029,18.868
godown_Mahabubabad,shop_3114030,29.549
godown_Mahabubabad,shop_3114031,29.464
godown_Mahabubabad,shop_3114032,28.863
godown_Mahabubabad,shop_3114033,20.898
godown_Mahabubabad,shop_3114034,13.901
godown_Mahabubabad,shop_3114035,13.9
godown_Mahabubabad,shop_3114036,23.346
godown_Mahabubabad,shop_3114037,22.91
godown_Mahabubabad,shop_3114038,23.755
godown_Mahabubabad,shop_3114039,20.31
godown_Mahabubabad,shop_3114040,25.113
godown_Mahabubabad,shop_3114041,17.264
godown_Mahabubabad,shop_3114042,23.125
godown_Mahabubabad,shop_3114043,27.064
godown_Mahabubabad,shop_3114044,28.577
godown_Mahabubabad,shop_3114045,20.243
godown_Mahabubabad,shop_3115001,45.581
godown_Mahabubabad,shop_3115002,46.867
godown_Mahabubabad,shop_3115003,44.385
godown_Mahabubabad,shop_3115004,49.707
godown_Mahabubabad,shop_3115005,50.953
godown_Mahabubabad,shop_3115006,44.58
godown_Mahabubabad,shop_3115007,44.136
godown_Mahabubabad,shop_3115008,47.801
godown_Mahabubabad,shop_3115009,48.916
godown_Mahabubabad,shop_3115010,44.468
godown_Mahabubabad,shop_3115011,47.465
godown_Mahabubabad,shop_3115012,44.579
godown_Mahabubabad,shop_3115013,42.097
godown_Mahabubabad,shop_3115014,42.219
godown_Mahabubabad,shop_3115015,42
godown_Mahabubabad,shop_3115016,42.122
godown_Mahabubabad,shop_3115017,42.814
godown_Mahabubabad,shop_3115018,42.045
godown_Mahabubabad,shop_3115019,49.03
godown_Mahabubabad,shop_3116001,36.518
godown_Mahabubabad,shop_3116002,35.945
godown_Mahabubabad,shop_3116003,36.007
godown_Mahabubabad,shop_3116004,36.517
godown_Mahabubabad,shop_3116005,35.359
godown_Mahabubabad,shop_3116006,36.274
godown_Mahabubabad,shop_3116007,41.81
godown_Mahabubabad,shop_3116008,41.799
godown_Mahabubabad,shop_3116009,41.18
godown_Mahabubabad,shop_3116010,38.967
godown_Mahabubabad,shop_3116011,36.273
godown_Mahabubabad,shop_3116012,37.757
godown_Mahabubabad,shop_3116013,33.221
godown_Mahabubabad,shop_3116014,33.556
godown_Mahabubabad,shop_3116015,31.654
godown_Mahabubabad,shop_3116016,39.31
godown_Mahabubabad,shop_3116017,36.701
godown_Mahabubabad,shop_3116018,35.955
godown_Mahabubabad,shop_3116019,35.162
godown_Mahabubabad,shop_3116020,31.43
godown_Mahabubabad,shop_3116021,32.986
godown_Mahabubabad,shop_3116022,32.036
godown_Mahabubabad,shop_3116023,32.071
godown_Mahabubabad,shop_3116024,34.778
godown_Mahabubabad,shop_3116025,34.685
godown_Mahabubabad,shop_3116026,39.199
godown_Mahabubabad,shop_3116027,39.098
godown_Mahabubabad,shop_3116028,39.152
godown_Mahabubabad,shop_3116029,34.383
godown_Mahabubabad,shop_3116030,34.387
godown_Mahabubabad,shop_3116031,31.847
godown_Mahabubabad,shop_3116032,31.628
godown_Mahabubabad,shop_3116033,32.675
godown_Mahabubabad,shop_3116034,32.667
godown_Mahabubabad,shop_3116035,31.434
godown_Mahabubabad,shop_3116036,31.445
godown_Mahabubabad,shop_3116037,34.591
godown_Mahabubabad,shop_3116038,35.171
godown_Mahabubabad,shop_3116039,39.616
godown_Mahabubabad,shop_3116040,29.334
godown_Mahabubabad,shop_3116041,32.276
godown_Mahabubabad,shop_3116042,36.357
godown_Mahabubabad,shop_3116043,39.606
godown_Nirmal,shop_3501001,29.059
godown_Nirmal,shop_3501002,29.834
godown_Nirmal,shop_3501003,29.841
godown_Nirmal,shop_3501004,32.396
godown_Nirmal,shop_3501005,32.182
godown_Nirmal,shop_3501006,36.021
godown_Nirmal,shop_3501007,36.44
godown_Nirmal,shop_3501008,46.357
godown_Nirmal,shop_3501009,36.151
godown_Nirmal,shop_3501010,36.944
godown_Nirmal,shop_3501011,36.437
godown_Nirmal,shop_3501012,39.348
godown_Nirmal,shop_3501013,40.152
godown_Nirmal,shop_3501014,41.698
godown_Nirmal,shop_3501015,46.191
godown_Nirmal,shop_3501016,45.879
godown_Nirmal,shop_3501017,43.838
godown_Nirmal,shop_3501018,45.606
godown_Nirmal,shop_3501019,43.157
godown_Nirmal,shop_3501020,47.016
godown_Nirmal,shop_3501021,46.35
godown_Nirmal,shop_3501022,41.652
godown_Nirmal,shop_3501023,37.414
godown_Nirmal,shop_3501024,39.232
godown_Nirmal,shop_3501025,43.302
godown_Nirmal,shop_3501026,39.285
godown_Nirmal,shop_3501027,35.883
godown_Nirmal,shop_3501028,37.054
godown_Nirmal,shop_3501029,40.768
godown_Nirmal,shop_3501030,41.086
godown_Nirmal,shop_3501031,40.926
godown_Nirmal,shop_3501032,40.761
godown_Nirmal,shop_3501033,41.146
godown_Nirmal,shop_3501034,40.935
godown_Nirmal,shop_3501035,40.828
godown_Nirmal,shop_3501036,40.356
godown_Nirmal,shop_3501037,40.639
godown_Nirmal,shop_3501038,39.555
godown_Nirmal,shop_3501039,40
godown_Nirmal,shop_3501040,40.39
godown_Nirmal,shop_3501041,40.702
godown_Nirmal,shop_3501042,40.507
godown_Nirmal,shop_3501043,40.805
godown_Nirmal,shop_3501044,40.68
godown_Nirmal,shop_3501045,40.778
godown_Nirmal,shop_3501046,40.542
godown_Nirmal,shop_3501047,39.231
godown_Nirmal,shop_3501048,38.699
godown_Nirmal,shop_3503001,12.997
godown_Nirmal,shop_3503002,13.052
godown_Nirmal,shop_3503003,13.087
godown_Nirmal,shop_3503004,16.767
godown_Nirmal,shop_3503005,16.465
godown_Nirmal,shop_3503006,17.334
godown_Nirmal,shop_3503007,13.163
godown_Nirmal,shop_3503008,7.261
godown_Nirmal,shop_3503009,7.112
godown_Nirmal,shop_3503010,7.361
godown_Nirmal,shop_3503011,7.05
godown_Nirmal,shop_3503012,10.422
godown_Nirmal,shop_3503013,9.464
godown_Nirmal,shop_3503014,10.053
godown_Nirmal,shop_3503015,10.65
godown_Nirmal,shop_3504001,48.441
godown_Nirmal,shop_3504002,49.657
godown_Nirmal,shop_3504003,39.672
godown_Nirmal,shop_3504004,46.523
godown_Nirmal,shop_3504005,56.761
godown_Nirmal,shop_3504007,55.413
godown_Nirmal,shop_3504008,41.688
godown_Nirmal,shop_3504009,39.762
godown_Nirmal,shop_3504010,41.646
godown_Nirmal,shop_3504011,42.829
godown_Nirmal,shop_3504012,38.972
godown_Nirmal,shop_3504013,45.302
godown_Nirmal,shop_3504014,39.183
godown_Nirmal,shop_3504015,45.079
godown_Nirmal,shop_3504016,50.97
godown_Nirmal,shop_3504017,42.636
godown_Nirmal,shop_3504018,46.316
godown_Nirmal,shop_3504019,45.3
godown_Nirmal,shop_3504020,42.167
godown_Nirmal,shop_3504021,44.515
godown_Nirmal,shop_3504022,49.347
godown_Nirmal,shop_3504023,48.754
godown_Nirmal,shop_3504024,40.063
godown_Nirmal,shop_3504025,39.808
godown_Nirmal,shop_3504026,38.978
godown_Nirmal,shop_3504027,39.178
godown_Nirmal,shop_3505001,32.206
godown_Nirmal,shop_3505002,32.962
godown_Nirmal,shop_3505004,32.655
godown_Nirmal,shop_3505005,32.369
godown_Nirmal,shop_3505006,32.155
godown_Nirmal,shop_3505007,31.878
godown_Nirmal,shop_3505008,32.117
godown_Nirmal,shop_3505009,31.291
godown_Nirmal,shop_3505010,31.709
godown_Nirmal,shop_3505011,32.155
godown_Nirmal,shop_3505012,32.175
godown_Nirmal,shop_3505013,31.515
godown_Nirmal,shop_3505014,33.867
godown_Nirmal,shop_3505015,33.746
godown_Nirmal,shop_3505016,34.127
godown_Nirmal,shop_3505017,35.415
godown_Nirmal,shop_3505018,35.341
godown_Nirmal,shop_3505019,36.378
godown_Nirmal,shop_3505020,38.349
godown_Nirmal,shop_3505021,37.594
godown_Nirmal,shop_3505022,37.042
godown_Nirmal,shop_3505023,33.721
godown_Nirmal,shop_3505024,31.949
godown_Nirmal,shop_3505025,25.541
godown_Nirmal,shop_3505026,23.265
godown_Nirmal,shop_3505027,31.152
godown_Nirmal,shop_3505028,31.078
godown_Nirmal,shop_3505029,32.028
godown_Nirmal,shop_3505030,32.031
godown_Nirmal,shop_3505031,31.457
godown_Nirmal,shop_3505032,35.302
godown_Nirmal,shop_3505033,33.719
godown_Nirmal,shop_3505034,25.345
godown_Nirmal,shop_3505036,32.928
godown_Nirmal,shop_3505037,25.197
godown_Nirmal,shop_3506001,46.133
godown_Nirmal,shop_3506002,49.842
godown_Nirmal,shop_3506003,46.094
godown_Nirmal,shop_3506004,51.316
godown_Nirmal,shop_3506005,52.512
godown_Nirmal,shop_3506006,47.891
godown_Nirmal,shop_3506007,49.273
godown_Nirmal,shop_3506008,49.843
godown_Nirmal,shop_3506009,37.954
godown_Nirmal,shop_3506010,39.088
godown_Nirmal,shop_3506011,47.457
godown_Nirmal,shop_3506012,46.343
godown_Nirmal,shop_3506013,46.289
godown_Nirmal,shop_3506014,36.711
godown_Nirmal,shop_3506015,40.936
godown_Nirmal,shop_3506016,42.778
godown_Nirmal,shop_3506017,50.089
godown_Nirmal,shop_3506018,43.958
godown_Nirmal,shop_3506019,44.56
godown_Nirmal,shop_3506020,49.995
godown_Nirmal,shop_3506021,40.794
godown_Nirmal,shop_3506022,52.699
godown_Nirmal,shop_3506023,49.33
godown_Nirmal,shop_3506024,44.921
godown_Nirmal,shop_3506025,52.018
godown_Nirmal,shop_3506026,48.015
godown_Nirmal,shop_3506027,49.326
godown_Nirmal,shop_3507001,27.275
godown_Nirmal,shop_3507002,27.287
godown_Nirmal,shop_3507003,30.774
godown_Nirmal,shop_3507004,30.597
godown_Nirmal,shop_3507005,28.382
godown_Nirmal,shop_3507006,25.762
godown_Nirmal,shop_3507007,33.412
godown_Nirmal,shop_3507008,32.848
godown_Nirmal,shop_3507009,29.277
godown_Nirmal,shop_3507010,26.95
godown_Nirmal,shop_3507011,27.245
godown_Nirmal,shop_3508001,15.247
godown_Nirmal,shop_3508002,15.359
godown_Nirmal,shop_3508003,17.205
godown_Nirmal,shop_3508004,16.67
godown_Nirmal,shop_3508005,18.455
godown_Nirmal,shop_3508006,12.279
godown_Nirmal,shop_3508007,10.087
godown_Nirmal,shop_3508008,20.565
godown_Nirmal,shop_3508009,13.221
godown_Nirmal,shop_3508010,12.132
godown_Nirmal,shop_3508011,9.204
godown_Nirmal,shop_3508012,12.415
godown_Nirmal,shop_3508013,9.433
godown_Nirmal,shop_3508014,11.24
godown_Nirmal,shop_3508015,17.41
godown_Nirmal,shop_3508016,15.135
godown_Nirmal,shop_3508017,9.812
godown_Nirmal,shop_3508018,17.412
godown_Nirmal,shop_3508019,14.101
godown_Nirmal,shop_3508020,16.312
godown_Nirmal,shop_3509001,28.874
godown_Nirmal,shop_3509002,28.881
godown_Nirmal,shop_3509003,27.929
godown_Nirmal,shop_3509004,28.186
godown_Nirmal,shop_3509005,25.892
godown_Nirmal,shop_3509006,25.345
godown_Nirmal,shop_3509007,24.486
godown_Nirmal,shop_3509008,25.105
godown_Nirmal,shop_3509009,25.167
godown_Nirmal,shop_3509010,23.467
godown_Nirmal,shop_3509011,27.158
godown_Nirmal,shop_3509012,28.842
godown_Nirmal,shop_3509013,31.535
godown_Nirmal,shop_3509014,30.184
godown_Nirmal,shop_3509015,34.199
godown_Nirmal,shop_3509016,31.682
godown_Nirmal,shop_3509017,31.945
godown_Nirmal,shop_3509018,33.12
godown_Nirmal,shop_3509019,32.951
godown_Nirmal,shop_3509020,36.528
godown_Nirmal,shop_3509021,37.025
godown_Nirmal,shop_3510001,18.3
godown_Nirmal,shop_3510002,18.196
godown_Nirmal,shop_3510003,18.305
godown_Nirmal,shop_3510004,19.347
godown_Nirmal,shop_3510005,16.803
godown_Nirmal,shop_3510006,16.783
godown_Nirmal,shop_3510007,15.09
godown_Nirmal,shop_3510008,20.867
godown_Nirmal,shop_3510009,21.355
godown_Nirmal,shop_3510010,24.022
godown_Nirmal,shop_3510011,23.028
godown_Nirmal,shop_3510012,23.136
godown_Nirmal,shop_3510013,23.137
godown_Nirmal,shop_3510014,25.264
godown_Nirmal,shop_3510015,23.431
godown_Nirmal,shop_3510016,15.026
godown_Nirmal,shop_3510017,13.349
godown_Nirmal,shop_3510018,17.683
godown_Nirmal,shop_3510019,9.291
godown_Nirmal,shop_3510020,9.644
godown_Nirmal,shop_3510021,7.906
godown_Nirmal,shop_3510022,12.247
godown_Nirmal,shop_3510023,21.531
godown_Nirmal,shop_3510024,17.248
godown_Nirmal,shop_3510025,17.661
godown_Nirmal,shop_3511001,48.285
godown_Nirmal,shop_3511002,46.772
godown_Nirmal,shop_3511003,48.103
godown_Nirmal,shop_3511004,48.231
godown_Nirmal,shop_3511005,48.073
godown_Nirmal,shop_3511006,48.478
godown_Nirmal,shop_3511007,44.752
godown_Nirmal,shop_3511008,38.459
godown_Nirmal,shop_3511009,44.224
godown_Nirmal,shop_3511010,39.591
godown_Nirmal,shop_3511011,42.585
godown_Nirmal,shop_3511012,40.288
godown_Nirmal,shop_3511013,40.902
godown_Nirmal,shop_3511014,45.993
godown_Nirmal,shop_3511015,37.434
godown_Nirmal,shop_3513001,1.936
godown_Nirmal,shop_3513002,1.033
godown_Nirmal,shop_3513003,0.636
godown_Nirmal,shop_3513004,1.052
godown_Nirmal,shop_3513005,0.592
godown_Nirmal,shop_3513006,0.693
godown_Nirmal,shop_3513007,0.303
godown_Nirmal,shop_3513008,0.29
godown_Nirmal,shop_3513009,0.117
godown_Nirmal,shop_3513010,0.235
godown_Nirmal,shop_3513011,0.402
godown_Nirmal,shop_3513012,0.759
godown_Nirmal,shop_3513013,0.71
godown_Nirmal,shop_3513014,0.697
godown_Nirmal,shop_3513015,0.787
godown_Nirmal,shop_3513016,0.919
godown_Nirmal,shop_3513017,0.946
godown_Nirmal,shop_3513018,0.589
godown_Nirmal,shop_3513019,1.137
godown_Nirmal,shop_3513020,0.607
godown_Nirmal,shop_3513021,1.295
godown_Nirmal,shop_3513022,3.711
godown_Nirmal,shop_3513023,1.957
godown_Nirmal,shop_3513024,2.801
godown_Nirmal,shop_3513025,2.093
godown_Nirmal,shop_3513026,2.523
godown_Nirmal,shop_3513027,2.12
godown_Nirmal,shop_3513028,1.498
godown_Nirmal,shop_3513029,0.342
godown_Nirmal,shop_3513030,1.976
godown_Nirmal,shop_3513031,0.681
godown_Nirmal,shop_3513032,1.097
godown_Nirmal,shop_3513033,1.179
godown_Nirmal,shop_3513034,0.315
godown_Nirmal,shop_3513035,1.885
godown_Nirmal,shop_3513036,2.938
godown_Nirmal,shop_3514001,5.815
godown_Nirmal,shop_3514002,8.155
godown_Nirmal,shop_3514003,6.724
godown_Nirmal,shop_3514004,6.613
godown_Nirmal,shop_3514005,8.831
godown_Nirmal,shop_3514006,9.844
godown_Nirmal,shop_3514007,12.57
godown_Nirmal,shop_3514008,12.832
godown_Nirmal,shop_3514009,13.188
godown_Nirmal,shop_3514010,12.807
godown_Nirmal,shop_3514011,16.717
godown_Nirmal,shop_3514012,15.86
godown_Nirmal,shop_3514013,21.382
godown_Nirmal,shop_3514014,23.661
godown_Nirmal,shop_3514015,21.337
godown_Nirmal,shop_3514016,24.334
godown_Nirmal,shop_3514017,19.153
godown_Nirmal,shop_3514018,18.878
godown_Nirmal,shop_3514019,13.854
godown_Nirmal,shop_3514020,16.648
godown_Nirmal,shop_3514021,18.469
godown_Nirmal,shop_3514022,18.816
godown_Nirmal,shop_3514023,15.853
godown_Nirmal,shop_3514024,12.852
godown_Nirmal,shop_3514025,15.843
godown_Nirmal,shop_3514026,10.346
godown_Nirmal,shop_3514027,9.991
godown_Nirmal,shop_3514028,5.762
godown_Nirmal,shop_3514029,13.962
godown_Nirmal,shop_3514030,12.449
godown_Nirmal,shop_3514031,16.736
godown_Nirmal,shop_3514032,26.415
godown_Nirmal,shop_3514033,12.811
godown_Nirmal,shop_3516001,54.553
godown_Nirmal,shop_3516002,52.081
godown_Nirmal,shop_3516003,52.189
godown_Nirmal,shop_3516004,58.244
godown_Nirmal,shop_3516005,56.453
godown_Nirmal,shop_3516006,61.117
godown_Nirmal,shop_3516007,60.828
godown_Nirmal,shop_3516008,52.305
godown_Nirmal,shop_3516009,50.334
godown_Nirmal,shop_3516010,51.184
godown_Nirmal,shop_3516011,50.988
godown_Nirmal,shop_3516012,58.193
godown_Nirmal,shop_3516013,56.147
godown_Nirmal,shop_3516014,51.93
godown_Nirmal,shop_3516015,53.144
godown_Nirmal,shop_3516016,55.058
godown_Nirmal,shop_3516017,56.904
godown_Nirmal,shop_3516018,49.961
godown_Nirmal,shop_3516019,51.031
godown_Nirmal,shop_3517002,3.716
godown_Nirmal,shop_3517003,4.881
godown_Nirmal,shop_3517004,5.414
godown_Nirmal,shop_3517005,7.504
godown_Nirmal,shop_3517006,6.588
godown_Nirmal,shop_3517007,5.602
godown_Nirmal,shop_3517008,4.809
godown_Nirmal,shop_3517009,6.588
godown_Nirmal,shop_3517010,6.938
godown_Nirmal,shop_3517011,4.624
godown_Nirmal,shop_3517012,3.945
godown_Nirmal,shop_3517013,4.254
godown_Nirmal,shop_3517014,3.695
godown_Nirmal,shop_3517015,2.856
godown_Nirmal,shop_3517016,2.071
godown_Nirmal,shop_3517017,3.339
godown_Nirmal,shop_3517018,2.605
godown_Nirmal,shop_3517019,8.318
godown_Nirmal,shop_3517020,5.803
godown_Nirmal,shop_3518001,10.811
godown_Nirmal,shop_3518002,10.759
godown_Nirmal,shop_3518003,10.619
godown_Nirmal,shop_3518004,10.781
godown_Nirmal,shop_3518005,12.329
godown_Nirmal,shop_3518006,13.693
godown_Nirmal,shop_3518007,10.587
godown_Nirmal,shop_3518008,7.637
godown_Nirmal,shop_3518009,8.695
godown_Nirmal,shop_3518010,8.897
godown_Nirmal,shop_3518011,6.033
godown_Nirmal,shop_3518012,7.623
godown_Nirmal,shop_3518013,9.115
godown_Nirmal,shop_3518014,8.858
godown_Nirmal,shop_3518015,10.462
godown_Nirmal,shop_3518016,4.912
godown_Nirmal,shop_3518017,12.142
godown_Nirmal,shop_3519001,19.962
godown_Nirmal,shop_3519002,19.657
godown_Nirmal,shop_3519003,19.978
godown_Nirmal,shop_3519004,17.746
godown_Nirmal,shop_3519005,17.481
godown_Nirmal,shop_3519006,17.722
godown_Nirmal,shop_3519007,17.218
godown_Nirmal,shop_3519008,21.653
godown_Nirmal,shop_3519009,21.888
godown_Nirmal,shop_3519010,20.253
godown_Nirmal,shop_3519011,25.955
godown_Nirmal,shop_3519012,24.139
godown_Nirmal,shop_3519013,22.327
godown_Nirmal,shop_3519014,24.069
godown_Nirmal,shop_3519015,25.559
godown_Nirmal,shop_3520001,48.24
godown_Nirmal,shop_3520002,48.26
godown_Nirmal,shop_3520003,43.068
godown_Nirmal,shop_3520004,46.723
godown_Nirmal,shop_3520005,48.115
godown_Nirmal,shop_3520006,50.474
godown_Nirmal,shop_3521001,54.423
godown_Nirmal,shop_3521002,60.015
godown_Nirmal,shop_3521003,58.329
godown_Nirmal,shop_3521004,60.457
godown_Nirmal,shop_3521005,60.976
godown_Nirmal,shop_3521006,53.381
godown_Nirmal,shop_3521007,51.425
godown_Nirmal,shop_3521008,57.063
godown_Nirmal,shop_3521009,56.775
godown_Nirmal,shop_3521010,54.183
godown_Nirmal,shop_3521011,54.067
godown_Nirmal,shop_3522001,30.452
godown_Nirmal,shop_3522002,32.042
godown_Nirmal,shop_3522003,36.077
godown_Nirmal,shop_3522004,31.953
godown_Nirmal,shop_3522005,30.342
godown_Nirmal,shop_3522006,21.631
godown_Nirmal,shop_3522007,29.622
godown_Nirmal,shop_3522008,32.054
godown_Nirmal,shop_3522009,21.257
godown_Nirmal,shop_3522010,41.065
godown_Nirmal,shop_3522011,33.762
godown_Nirmal,shop_3522012,35.709
godown_Nirmal,shop_3522013,30.37
godown_Peddapalli,shop_3601001,18.296
godown_Peddapalli,shop_3601002,22.814
godown_Peddapalli,shop_3601003,24.314
godown_Peddapalli,shop_3601004,26.333
godown_Peddapalli,shop_3601005,24.169
godown_Peddapalli,shop_3601006,25.184
godown_Peddapalli,shop_3601007,20.995
godown_Peddapalli,shop_3601008,21.135
godown_Peddapalli,shop_3601009,20.418
godown_Peddapalli,shop_3601010,21.89
godown_Peddapalli,shop_3601011,22.682
godown_Peddapalli,shop_3601012,18.004
godown_Peddapalli,shop_3601013,21.268
godown_Peddapalli,shop_3602001,23.815
godown_Peddapalli,shop_3602002,23.807
godown_Peddapalli,shop_3602003,23.761
godown_Peddapalli,shop_3602004,21.374
godown_Peddapalli,shop_3602005,12.497
godown_Peddapalli,shop_3602006,16.154
godown_Peddapalli,shop_3602007,17.386
godown_Peddapalli,shop_3602008,20.645
godown_Peddapalli,shop_3602009,21.224
godown_Peddapalli,shop_3602010,15.313
godown_Peddapalli,shop_3602011,15.794
godown_Peddapalli,shop_3602012,15.975
godown_Peddapalli,shop_3602013,13.304
godown_Peddapalli,shop_3602014,18.224
godown_Peddapalli,shop_3602015,22.879
godown_Peddapalli,shop_3602016,19.471
godown_Peddapalli,shop_3602017,21.334
godown_Peddapalli,shop_3602018,15.185
godown_Peddapalli,shop_3602019,18.431
godown_Peddapalli,shop_3602020,25.568
godown_Peddapalli,shop_3602021,27.249
godown_Peddapalli,shop_3602022,19.605
godown_Peddapalli,shop_3602023,23.591
godown_Peddapalli,shop_3602024,25.145
godown_Peddapalli,shop_3602025,21.046
godown_Peddapalli,shop_3602026,12.339
godown_Peddapalli,shop_3602027,22.44
godown_Peddapalli,shop_3602028,12.88
godown_Peddapalli,shop_3602029,15.104
godown_Peddapalli,shop_3602030,25.926
godown_Peddapalli,shop_3602031,18.938
godown_Peddapalli,shop_3603001,13.077
godown_Peddapalli,shop_3603002,12.426
godown_Peddapalli,shop_3603003,12.439
godown_Peddapalli,shop_3603004,12.429
godown_Peddapalli,shop_3603005,13.998
godown_Peddapalli,shop_3603006,12.333
godown_Peddapalli,shop_3603007,15.544
godown_Peddapalli,shop_3603008,12.856
godown_Peddapalli,shop_3603009,11.602
godown_Peddapalli,shop_3603010,8.951
godown_Peddapalli,shop_3603011,10.126
godown_Peddapalli,shop_3603012,9.889
godown_Peddapalli,shop_3603013,7.991
godown_Peddapalli,shop_3603014,5.234
godown_Peddapalli,shop_3603015,15.194
godown_Peddapalli,shop_3603016,15.47
godown_Peddapalli,shop_3604001,12.867
godown_Peddapalli,shop_3604002,12.47
godown_Peddapalli,shop_3604003,16.112
godown_Peddapalli,shop_3604004,15.926
godown_Peddapalli,shop_3604005,16.009
godown_Peddapalli,shop_3604006,14.997
godown_Peddapalli,shop_3604007,15.049
godown_Peddapalli,shop_3604008,14.465
godown_Peddapalli,shop_3604009,14.576
godown_Peddapalli,shop_3604010,8.867
godown_Peddapalli,shop_3604011,7.079
godown_Peddapalli,shop_3604012,8.279
godown_Peddapalli,shop_3604013,8.242
godown_Peddapalli,shop_3604014,12.002
godown_Peddapalli,shop_3604015,13.549
godown_Peddapalli,shop_3604016,8.886
godown_Peddapalli,shop_3604017,11.911
godown_Peddapalli,shop_3604018,12.917
godown_Peddapalli,shop_3604019,15.135
godown_Peddapalli,shop_3605001,15.632
godown_Peddapalli,shop_3605002,15.779
godown_Peddapalli,shop_3605003,15.985
godown_Peddapalli,shop_3605004,14.335
godown_Peddapalli,shop_3605005,12.025
godown_Peddapalli,shop_3605006,13.474
godown_Peddapalli,shop_3605007,18.249
godown_Peddapalli,shop_3605009,17.188
godown_Peddapalli,shop_3605010,14.308
godown_Peddapalli,shop_3605011,18.328
godown_Peddapalli,shop_3605012,17.935
godown_Peddapalli,shop_3605013,15.371
godown_Peddapalli,shop_3605014,11.596
godown_Peddapalli,shop_3605015,15.512
godown_Peddapalli,shop_3605016,15.594
godown_Peddapalli,shop_3605017,14.338
godown_Peddapalli,shop_3606001,27.298
godown_Peddapalli,shop_3606002,27.506
godown_Peddapalli,shop_3606003,26.974
godown_Peddapalli,shop_3606004,31.223
godown_Peddapalli,shop_3606005,29.213
godown_Peddapalli,shop_3606006,33.482
godown_Peddapalli,shop_3606007,37.814
godown_Peddapalli,shop_3606008,26.14
godown_Peddapalli,shop_3606009,28.767
godown_Peddapalli,shop_3606010,33.702
godown_Peddapalli,shop_3606011,35.561
godown_Peddapalli,shop_3606012,47.317
godown_Peddapalli,shop_3606013,47.197
godown_Peddapalli,shop_3606014,45.302
godown_Peddapalli,shop_3606015,25.007
godown_Peddapalli,shop_3606016,27.797
godown_Peddapalli,shop_3606017,32.265
godown_Peddapalli,shop_3606018,31.899
godown_Peddapalli,shop_3606019,32.154
godown_Peddapalli,shop_3606020,31.608
godown_Peddapalli,shop_3606021,31.616
godown_Peddapalli,shop_3606022,32.37
godown_Peddapalli,shop_3606023,31.557
godown_Peddapalli,shop_3606024,31.429
godown_Peddapalli,shop_3606025,31.977
godown_Peddapalli,shop_3606026,30.552
godown_Peddapalli,shop_3606027,33.708
godown_Peddapalli,shop_3606028,43.053
godown_Peddapalli,shop_3606029,28.432
godown_Peddapalli,shop_3606030,33.811
godown_Peddapalli,shop_3606031,28.805
godown_Peddapalli,shop_3606032,25.596
godown_Peddapalli,shop_3606033,46.322
godown_Peddapalli,shop_3606034,31.565
godown_Peddapalli,shop_3606035,30.163
godown_Peddapalli,shop_3606036,41.912
godown_Peddapalli,shop_3606037,33.702
godown_Peddapalli,shop_3606038,30.658
godown_Peddapalli,shop_3606039,40.907
godown_Peddapalli,shop_3606040,27.492
godown_Peddapalli,shop_3606041,47.424
godown_Peddapalli,shop_3606042,29.384
godown_Peddapalli,shop_3607001,28.684
godown_Peddapalli,shop_3607002,29.092
godown_Peddapalli,shop_3607003,25.968
godown_Peddapalli,shop_3607004,31.992
godown_Peddapalli,shop_3607005,31.98
godown_Peddapalli,shop_3607006,28.28
godown_Peddapalli,shop_3607008,22.706
godown_Peddapalli,shop_3607009,22.34
godown_Peddapalli,shop_3607010,30.96
godown_Peddapalli,shop_3607011,35.534
godown_Peddapalli,shop_3607012,26.518
godown_Peddapalli,shop_3607013,34.878
godown_Peddapalli,shop_3607014,33.725
godown_Peddapalli,shop_3607015,31.972
godown_Peddapalli,shop_3607016,25.484
godown_Peddapalli,shop_3608001,18.649
godown_Peddapalli,shop_3608002,18.649
godown_Peddapalli,shop_3608003,18.131
godown_Peddapalli,shop_3608005,22.529
godown_Peddapalli,shop_3608006,17.825
godown_Peddapalli,shop_3608007,17.767
godown_Peddapalli,shop_3608008,15.568
godown_Peddapalli,shop_3608009,11.664
godown_Peddapalli,shop_3608010,11.681
godown_Peddapalli,shop_3608011,8.879
godown_Peddapalli,shop_3608012,16.684
godown_Peddapalli,shop_3608013,25.683
godown_Peddapalli,shop_3608014,23.188
godown_Peddapalli,shop_3608015,26.618
godown_Peddapalli,shop_3608016,20.785
godown_Peddapalli,shop_3608017,20.299
godown_Peddapalli,shop_3608018,25.325
godown_Peddapalli,shop_3608019,24.782
godown_Peddapalli,shop_3608020,18.488
godown_Peddapalli,shop_3608021,22.466
godown_Peddapalli,shop_3608022,11.549
godown_Peddapalli,shop_3608023,14.52
godown_Peddapalli,shop_3608024,22.139
godown_Peddapalli,shop_3609001,20.803
godown_Peddapalli,shop_3609003,20.148
godown_Peddapalli,shop_3609004,16.203
godown_Peddapalli,shop_3609005,15.145
godown_Peddapalli,shop_3609006,14.829
godown_Peddapalli,shop_3609007,13.889
godown_Peddapalli,shop_3609008,12.02
godown_Peddapalli,shop_3609009,13.355
godown_Peddapalli,shop_3609010,13.282
godown_Peddapalli,shop_3609011,12.615
godown_Peddapalli,shop_3609012,14.119
godown_Peddapalli,shop_3609013,12.391
godown_Peddapalli,shop_3609014,12.285
godown_Peddapalli,shop_3609015,12.482
godown_Peddapalli,shop_3609016,13.63
godown_Peddapalli,shop_3609017,11.972
godown_Peddapalli,shop_3609018,22.301
godown_Peddapalli,shop_3609019,21.378
godown_Peddapalli,shop_3609020,21.882
godown_Peddapalli,shop_3609021,20.692
godown_Peddapalli,shop_3610001,2.166
godown_Peddapalli,shop_3610002,1.844
godown_Peddapalli,shop_3610003,1.369
godown_Peddapalli,shop_3610004,1.541
godown_Peddapalli,shop_3610005,1.846
godown_Peddapalli,shop_3610006,1.551
godown_Peddapalli,shop_3610007,2.581
godown_Peddapalli,shop_3610008,1.765
godown_Peddapalli,shop_3610009,1.404
godown_Peddapalli,shop_3610010,1.556
godown_Peddapalli,shop_3610011,2.108
godown_Peddapalli,shop_3610012,1.736
godown_Peddapalli,shop_3610013,2.343
godown_Peddapalli,shop_3610014,2.188
godown_Peddapalli,shop_3610015,1.938
godown_Peddapalli,shop_3610016,1.942
godown_Peddapalli,shop_3610017,1.758
godown_Peddapalli,shop_3610018,1.552
godown_Peddapalli,shop_3610019,1.935
godown_Peddapalli,shop_3610020,2.556
godown_Peddapalli,shop_3610021,5.847
godown_Peddapalli,shop_3610022,3.678
godown_Peddapalli,shop_3610023,5.521
godown_Peddapalli,shop_3610024,6.235
godown_Peddapalli,shop_3610025,11.279
godown_Peddapalli,shop_3610026,11.132
godown_Peddapalli,shop_3610027,10.048
godown_Peddapalli,shop_3610028,2.322
godown_Peddapalli,shop_3610029,2.673
godown_Peddapalli,shop_3610030,2.603
godown_Peddapalli,shop_3610031,1.109
godown_Peddapalli,shop_3610032,8.29
godown_Peddapalli,shop_3610033,7.334
godown_Peddapalli,shop_3610034,5.82
godown_Peddapalli,shop_3610035,5.818
godown_Peddapalli,shop_3610036,8.896
godown_Peddapalli,shop_3610037,7.773
godown_Peddapalli,shop_3610038,5.405
godown_Peddapalli,shop_3610039,3.923
godown_Peddapalli,shop_3610040,3.497
godown_Peddapalli,shop_3610041,8.777
godown_Peddapalli,shop_3610042,6.188
godown_Peddapalli,shop_3610043,5.211
godown_Peddapalli,shop_3610044,6.696
godown_Peddapalli,shop_3610045,11.696
godown_Peddapalli,shop_3610046,9.042
godown_Peddapalli,shop_3610047,4.466
godown_Peddapalli,shop_3610048,9.946
godown_Peddapalli,shop_3610049,6.137
godown_Peddapalli,shop_3610050,9.217
godown_Peddapalli,shop_3610051,9.288
godown_Peddapalli,shop_3610052,3.002
godown_Peddapalli,shop_3610053,5.518
godown_Peddapalli,shop_3610054,5.068
godown_Peddapalli,shop_3610055,11.393
godown_Peddapalli,shop_3610056,9.056
godown_Peddapalli,shop_3610057,9.085
godown_Peddapalli,shop_3611001,20.754
godown_Peddapalli,shop_3611002,23.224
godown_Peddapalli,shop_3611003,25.461
godown_Peddapalli,shop_3611004,25.83
godown_Peddapalli,shop_3611005,25.808
godown_Peddapalli,shop_3611006,25.806
godown_Peddapalli,shop_3611007,20.962
godown_Peddapalli,shop_3611008,21.187
godown_Peddapalli,shop_3611009,21.055
godown_Peddapalli,shop_3611010,19.75
godown_Peddapalli,shop_3611011,17.584
godown_Peddapalli,shop_3611012,16.873
godown_Peddapalli,shop_3611013,20.733
godown_Peddapalli,shop_3611014,20.155
godown_Peddapalli,shop_3611015,20.157
godown_Peddapalli,shop_3611016,26.317
godown_Peddapalli,shop_3611017,21.808
godown_Peddapalli,shop_3611018,22.099
godown_Peddapalli,shop_3611019,25.491
godown_Peddapalli,shop_3611020,23.53
godown_Peddapalli,shop_3612001,24.014
godown_Peddapalli,shop_3612002,20.079
godown_Peddapalli,shop_3612003,21.319
godown_Peddapalli,shop_3612004,20.784
godown_Peddapalli,shop_3612005,21.269
godown_Peddapalli,shop_3612006,21.274
godown_Peddapalli,shop_3612007,21.269
godown_Peddapalli,shop_3612008,23.676
godown_Peddapalli,shop_3612009,23.142
godown_Peddapalli,shop_3612010,22.881
godown_Peddapalli,shop_3612011,22.572
godown_Peddapalli,shop_3612012,22.708
godown_Peddapalli,shop_3612013,22.555
godown_Peddapalli,shop_3612014,25.375
godown_Peddapalli,shop_3612015,22.458
godown_Peddapalli,shop_3612016,22.021
godown_Peddapalli,shop_3612017,21.947
godown_Peddapalli,shop_3612018,21.952
godown_Peddapalli,shop_3612019,22.399
godown_Peddapalli,shop_3612020,22.739
godown_Peddapalli,shop_3612021,22.991
godown_Peddapalli,shop_3612022,23.854
godown_Peddapalli,shop_3612023,22.945
godown_Peddapalli,shop_3612024,22.793
godown_Peddapalli,shop_3612025,22.636
godown_Peddapalli,shop_3612026,22.154
godown_Peddapalli,shop_3612027,22.166
godown_Peddapalli,shop_3612028,21.979
godown_Peddapalli,shop_3612029,22.232
godown_Peddapalli,shop_3612030,22.164
godown_Peddapalli,shop_3612031,21.949
godown_Peddapalli,shop_3612032,21.749
godown_Peddapalli,shop_3612033,22.583
godown_Peddapalli,shop_3612034,22.063
godown_Peddapalli,shop_3612035,22.139
godown_Peddapalli,shop_3612036,22.461
godown_Peddapalli,shop_3612037,24.284
godown_Peddapalli,shop_3612038,22.025
godown_Peddapalli,shop_3612039,22.575
godown_Peddapalli,shop_3612040,22.552
godown_Peddapalli,shop_3612041,22.28
godown_Peddapalli,shop_3612042,20.436
godown_Peddapalli,shop_3612043,19.931
godown_Peddapalli,shop_3612044,20.433
godown_Peddapalli,shop_3612045,20.023
godown_Peddapalli,shop_3612046,22.493
godown_Peddapalli,shop_3612047,21.424
godown_Peddapalli,shop_3612048,22.049
godown_Peddapalli,shop_3612049,23.121
godown_Peddapalli,shop_3612050,21.223
godown_Peddapalli,shop_3612051,22.676
godown_Peddapalli,shop_3612052,21.54
godown_Peddapalli,shop_3612053,21.377
godown_Peddapalli,shop_3612054,21.819
godown_Peddapalli,shop_3612055,20.806
godown_Peddapalli,shop_3612056,22.171
godown_Peddapalli,shop_3612057,22.005
godown_Peddapalli,shop_3612058,23.791
godown_Peddapalli,shop_3612059,19.235
godown_Peddapalli,shop_3612060,18.48
godown_Peddapalli,shop_3612061,22.708
godown_Peddapalli,shop_3612062,20.394
godown_Peddapalli,shop_3612063,19.623
godown_Peddapalli,shop_3612064,22.975
godown_Peddapalli,shop_3612065,24.549
godown_Peddapalli,shop_3612066,23.448
godown_Peddapalli,shop_3612067,23.307
godown_Peddapalli,shop_3612068,21.781
godown_Peddapalli,shop_3612069,21.995
godown_Peddapalli,shop_3612070,22.157
godown_Peddapalli,shop_3612071,19.851
godown_Peddapalli,shop_3612073,21.163
godown_Peddapalli,shop_3612074,18.478
godown_Peddapalli,shop_3612077,22.113
godown_Peddapalli,shop_3613001,21.232
godown_Peddapalli,shop_3613002,21.029
godown_Peddapalli,shop_3613003,20.904
godown_Peddapalli,shop_3613004,24.015
godown_Peddapalli,shop_3613005,25.359
godown_Peddapalli,shop_3613006,27.25
godown_Peddapalli,shop_3613007,27.514
godown_Peddapalli,shop_3613008,25.227
godown_Peddapalli,shop_3613009,24.651
godown_Peddapalli,shop_3613010,20.756
godown_Peddapalli,shop_3613011,19.525
godown_Peddapalli,shop_3613012,17.446
godown_Peddapalli,shop_3613013,14.435
godown_Peddapalli,shop_3613014,15.04
godown_Peddapalli,shop_3613015,12.315
godown_Peddapalli,shop_3613016,12.824
godown_Peddapalli,shop_3613017,14.624
godown_Peddapalli,shop_3613018,13.414
godown_Peddapalli,shop_3613019,12.962
godown_Peddapalli,shop_3613020,15.518
godown_Peddapalli,shop_3613021,15.928
godown_Peddapalli,shop_3613022,16.299
godown_Peddapalli,shop_3613023,22.884
godown_Peddapalli,shop_3613024,17.941
godown_Peddapalli,shop_3614001,9.665
godown_Peddapalli,shop_3614002,9.486
godown_Peddapalli,shop_3614003,9.253
godown_Peddapalli,shop_3614004,9.671
godown_Peddapalli,shop_3614005,9.483
godown_Peddapalli,shop_3614006,9.493
godown_Peddapalli,shop_3614008,7.126
godown_Peddapalli,shop_3614009,10.105
godown_Peddapalli,shop_3614010,10.093
godown_Peddapalli,shop_3614011,17.403
godown_Peddapalli,shop_3614012,15.726
godown_Peddapalli,shop_3614013,20.171
godown_Peddapalli,shop_3614014,18.896
godown_Peddapalli,shop_3614015,17.819
godown_Peddapalli,shop_3614016,17.811
godown_Peddapalli,shop_3614017,19.944
godown_Peddapalli,shop_3614018,7.875
godown_Peddapalli,shop_3614019,7.61
godown_Peddapalli,shop_3614020,5.025
godown_Peddapalli,shop_3614021,13.826
godown_Peddapalli,shop_3614022,9.823
godown_Peddapalli,shop_3614023,10.86
godown_Peddapalli,shop_3614025,12.967
godown_Peddapalli,shop_3614026,16.143
godown_Peddapalli,shop_3614027,13.169
godown_Peddapalli,shop_3614028,15.039
godown_Peddapalli,shop_3614029,12.577
godown_Peddapalli,shop_3614030,14.177
godown_Peddapalli,shop_3614031,4.1
godown_Peddapalli,shop_3614032,5.537
godown_Peddapalli,shop_3614033,6.439
godown_Peddapalli,shop_3614034,7.122
godown_Peddapalli,shop_3614035,17.4
godown_Peddapalli,shop_3614036,10.118
godown_Peddapalli,shop_3614037,14.724
godown_Peddapalli,shop_3614038,21.363
godown_Peddapalli,shop_3614039,13.005
godown_Peddapalli,shop_3614040,10.691
godown_Peddapalli,shop_3614041,14.169
godown_Peddapalli,shop_3614042,9.31
godown_Peddapalli,shop_3614043,3.241
godown_Peddapalli,shop_3614044,9.668
godown_Peddapalli,shop_3614045,10.117
godown_Sangareddy,shop_3702002,23.553
godown_Sangareddy,shop_3702003,24.76
godown_Sangareddy,shop_3702004,26.829
godown_Sangareddy,shop_3702005,23.83
godown_Sangareddy,shop_3702006,24.828
godown_Sangareddy,shop_3702007,27.524
godown_Sangareddy,shop_3702008,27.443
godown_Sangareddy,shop_3702009,27.647
godown_Sangareddy,shop_3702010,25.471
godown_Sangareddy,shop_3702011,25.298
godown_Sangareddy,shop_3702012,26.301
godown_Sangareddy,shop_3702013,25.06
godown_Sangareddy,shop_3703001,27.697
godown_Sangareddy,shop_3703002,18.135
godown_Sangareddy,shop_3703003,22.292
godown_Sangareddy,shop_3703004,21.655
godown_Sangareddy,shop_3703005,26.514
godown_Sangareddy,shop_3703006,25.185
godown_Sangareddy,shop_3703007,29.755
godown_Sangareddy,shop_3703008,23.992
godown_Sangareddy,shop_3703009,24.053
godown_Sangareddy,shop_3703010,28.278
godown_Sangareddy,shop_3703011,31.546
godown_Sangareddy,shop_3703012,23.43
godown_Sangareddy,shop_3703013,17.686
godown_Sangareddy,shop_3703014,27.747
godown_Sangareddy,shop_3703015,32.25
godown_Sangareddy,shop_3703016,27.891
godown_Sangareddy,shop_3703017,24.171
godown_Sangareddy,shop_3703018,29.316
godown_Sangareddy,shop_3703019,25.047
godown_Sangareddy,shop_3703020,22.45
godown_Sangareddy,shop_3703021,24.336
godown_Sangareddy,shop_3703022,21.908
godown_Sangareddy,shop_3703023,24.029
godown_Sangareddy,shop_3703024,24.679
godown_Sangareddy,shop_3703025,26.544
godown_Sangareddy,shop_3703026,18.407
godown_Sangareddy,shop_3703027,24.441
godown_Sangareddy,shop_3703028,20.582
godown_Sangareddy,shop_3703029,18.903
godown_Sangareddy,shop_3703030,29.448
godown_Sangareddy,shop_3703031,30.225
godown_Sangareddy,shop_3703032,30.226
godown_Sangareddy,shop_3703033,24.41
godown_Sangareddy,shop_3703034,24.214
godown_Sangareddy,shop_3703035,24.427
godown_Sangareddy,shop_3704002,31.877
godown_Sangareddy,shop_3704003,31.329
godown_Sangareddy,shop_3704004,29.747
godown_Sangareddy,shop_3704005,33.784
godown_Sangareddy,shop_3704006,36.359
godown_Sangareddy,shop_3704007,36.835
godown_Sangareddy,shop_3704008,37.738
godown_Sangareddy,shop_3704009,39.155
godown_Sangareddy,shop_3704010,31.325
godown_Sangareddy,shop_3704011,31.078
godown_Sangareddy,shop_3704012,31.309
godown_Sangareddy,shop_3704013,31.054
godown_Sangareddy,shop_3704014,30.996
godown_Sangareddy,shop_3704015,31.193
godown_Sangareddy,shop_3704016,31.086
godown_Sangareddy,shop_3704017,30.26
godown_Sangareddy,shop_3704018,28.833
godown_Sangareddy,shop_3704019,31.042
godown_Sangareddy,shop_3704020,31.587
godown_Sangareddy,shop_3704021,31.439
godown_Sangareddy,shop_3705001,22.606
godown_Sangareddy,shop_3705002,20.84
godown_Sangareddy,shop_3705003,20.069
godown_Sangareddy,shop_3705004,22.683
godown_Sangareddy,shop_3705005,20.705
godown_Sangareddy,shop_3705006,19.355
godown_Sangareddy,shop_3705007,20.586
godown_Sangareddy,shop_3705008,19.055
godown_Sangareddy,shop_3705009,17.465
godown_Sangareddy,shop_3705010,12.23
godown_Sangareddy,shop_3705011,10.979
godown_Sangareddy,shop_3705012,10.309
godown_Sangareddy,shop_3705013,11.086
godown_Sangareddy,shop_3705014,15.375
godown_Sangareddy,shop_3705015,16.759
godown_Sangareddy,shop_3705016,15.384
godown_Sangareddy,shop_3705017,15.701
godown_Sangareddy,shop_3705018,16.375
godown_Sangareddy,shop_3705019,16.339
godown_Sangareddy,shop_3705020,15.2
godown_Sangareddy,shop_3705021,14.033
godown_Sangareddy,shop_3705022,16.648
godown_Sangareddy,shop_3705023,17.146
godown_Sangareddy,shop_3705024,13.34
godown_Sangareddy,shop_3705025,19.093
godown_Sangareddy,shop_3705026,22.876
godown_Sangareddy,shop_3705027,23.916
godown_Sangareddy,shop_3705028,16.751
godown_Sangareddy,shop_3705029,16.97
godown_Sangareddy,shop_3705030,18.526
godown_Sangareddy,shop_3705031,10.951
godown_Sangareddy,shop_3705032,14.197
godown_Sangareddy,shop_3705033,17.284
godown_Sangareddy,shop_3705034,17.022
godown_Sangareddy,shop_3705035,17.815
godown_Sangareddy,shop_3705036,21.511
godown_Sangareddy,shop_3705037,19.06
godown_Sangareddy,shop_3705038,24.918
godown_Sangareddy,shop_3706001,45.529
godown_Sangareddy,shop_3706002,43.568
godown_Sangareddy,shop_3706003,45.431
godown_Sangareddy,shop_3706004,46.701
godown_Sangareddy,shop_3706005,46.402
godown_Sangareddy,shop_3706006,47.45
godown_Sangareddy,shop_3706007,47.267
godown_Sangareddy,shop_3706008,49.984
godown_Sangareddy,shop_3706009,34.388
godown_Sangareddy,shop_3706010,36.087
godown_Sangareddy,shop_3706011,37.725
godown_Sangareddy,shop_3706012,41.431
godown_Sangareddy,shop_3706013,41.4
godown_Sangareddy,shop_3706014,43.936
godown_Sangareddy,shop_3706015,49.243
godown_Sangareddy,shop_3706016,42.563
godown_Sangareddy,shop_3706017,42.558
godown_Sangareddy,shop_3706018,43.787
godown_Sangareddy,shop_3706019,36.707
godown_Sangareddy,shop_3706020,40.581
godown_Sangareddy,shop_3706021,36.037
godown_Sangareddy,shop_3706022,39.261
godown_Sangareddy,shop_3706023,37.385
godown_Sangareddy,shop_3706024,38.07
godown_Sangareddy,shop_3706025,37.623
godown_Sangareddy,shop_3706026,35.997
godown_Sangareddy,shop_3706027,42.535
godown_Sangareddy,shop_3706028,49.861
godown_Sangareddy,shop_3706029,34.049
godown_Sangareddy,shop_3707001,23.253
godown_Sangareddy,shop_3707002,23.447
godown_Sangareddy,shop_3707003,25.729
godown_Sangareddy,shop_3707004,23.874
godown_Sangareddy,shop_3707005,24.706
godown_Sangareddy,shop_3707006,17.382
godown_Sangareddy,shop_3707007,20.229
godown_Sangareddy,shop_3707008,28.954
godown_Sangareddy,shop_3707009,31.554
godown_Sangareddy,shop_3707010,29.275
godown_Sangareddy,shop_3707012,28.352
godown_Sangareddy,shop_3707013,24.458
godown_Sangareddy,shop_3707014,26.477
godown_Sangareddy,shop_3707015,21.36
godown_Sangareddy,shop_3707016,29.419
godown_Sangareddy,shop_3707017,29.253
godown_Sangareddy,shop_3707018,28.608
godown_Sangareddy,shop_3707019,24.461
godown_Sangareddy,shop_3707020,20.963
godown_Sangareddy,shop_3707021,29.105
godown_Sangareddy,shop_3707022,29.458
godown_Sangareddy,shop_3707023,29.176
godown_Sangareddy,shop_3707024,28.896
godown_Sangareddy,shop_3707025,29.026
godown_Sangareddy,shop_3707026,28.266
godown_Sangareddy,shop_3707027,28.863
godown_Sangareddy,shop_3707028,28.208
godown_Sangareddy,shop_3707029,29.288
godown_Sangareddy,shop_3708003,68.934
godown_Sangareddy,shop_3708004,69.126
godown_Sangareddy,shop_3708008,63.87
godown_Sangareddy,shop_3708009,62.811
godown_Sangareddy,shop_3708010,70.802
godown_Sangareddy,shop_3708011,71.264
godown_Sangareddy,shop_3708013,66.979
godown_Sangareddy,shop_3708015,66.694
godown_Sangareddy,shop_3708016,67.748
godown_Sangareddy,shop_3708019,69.975
godown_Sangareddy,shop_3708021,68.035
godown_Sangareddy,shop_3708024,66.586
godown_Sangareddy,shop_3708025,65.285
godown_Sangareddy,shop_3708026,66.712
godown_Sangareddy,shop_3708029,65.071
godown_Sangareddy,shop_3709002,11.412
godown_Sangareddy,shop_3709003,13.432
godown_Sangareddy,shop_3709004,15.003
godown_Sangareddy,shop_3709005,11.669
godown_Sangareddy,shop_3709006,8.514
godown_Sangareddy,shop_3709007,5.619
godown_Sangareddy,shop_3709008,7.475
godown_Sangareddy,shop_3709009,6.307
godown_Sangareddy,shop_3709010,4.518
godown_Sangareddy,shop_3709011,4.79
godown_Sangareddy,shop_3709012,4.966
godown_Sangareddy,shop_3709013,3.565
godown_Sangareddy,shop_3709014,7.45
godown_Sangareddy,shop_3709015,8.846
godown_Sangareddy,shop_3709016,7.385
godown_Sangareddy,shop_3709017,12.114
godown_Sangareddy,shop_3709018,12.471
godown_Sangareddy,shop_3709019,7.81
godown_Sangareddy,shop_3709020,7.781
godown_Sangareddy,shop_3709021,7.493
godown_Sangareddy,shop_3709022,2.065
godown_Sangareddy,shop_3709023,10.713
godown_Sangareddy,shop_3709024,13.633
godown_Sangareddy,shop_3709026,12.574
godown_Sangareddy,shop_3710001,83.568
godown_Sangareddy,shop_3710002,82.671
godown_Sangareddy,shop_3710003,86.076
godown_Sangareddy,shop_3710004,81.468
godown_Sangareddy,shop_3710005,81.279
godown_Sangareddy,shop_3710006,80.649
godown_Sangareddy,shop_3710007,78.02
godown_Sangareddy,shop_3710008,75.911
godown_Sangareddy,shop_3710009,76.917
godown_Sangareddy,shop_3710010,77.322
godown_Sangareddy,shop_3710011,72.918
godown_Sangareddy,shop_3710012,86.257
godown_Sangareddy,shop_3710013,85.816
godown_Sangareddy,shop_3710014,80.464
godown_Sangareddy,shop_3710015,80.932
godown_Sangareddy,shop_3710016,78.487
godown_Sangareddy,shop_3710017,77.136
godown_Sangareddy,shop_3710018,79.636
godown_Sangareddy,shop_3710019,77.994
godown_Sangareddy,shop_3710020,77.151
godown_Sangareddy,shop_3710021,79.023
godown_Sangareddy,shop_3710022,76.735
godown_Sangareddy,shop_3710023,77.684
godown_Sangareddy,shop_3710024,81.165
godown_Sangareddy,shop_3710025,87.231
godown_Sangareddy,shop_3710026,84.098
godown_Sangareddy,shop_3710027,76.817
godown_Sangareddy,shop_3710028,79.553
godown_Sangareddy,shop_3710029,90.575
godown_Sangareddy,shop_3711001,39.119
godown_Sangareddy,shop_3711002,38.594
godown_Sangareddy,shop_3711003,39.362
godown_Sangareddy,shop_3711004,39.045
godown_Sangareddy,shop_3711005,39.659
godown_Sangareddy,shop_3711006,39.259
godown_Sangareddy,shop_3711007,38.925
godown_Sangareddy,shop_3711008,39.373
godown_Sangareddy,shop_3711009,38.599
godown_Sangareddy,shop_3711010,37.188
godown_Sangareddy,shop_3711011,37.175
godown_Sangareddy,shop_3711012,45.569
godown_Sangareddy,shop_3711013,46.835
godown_Sangareddy,shop_3711014,45.641
godown_Sangareddy,shop_3711015,43.046
godown_Sangareddy,shop_3711016,45.921
godown_Sangareddy,shop_3711017,42.462
godown_Sangareddy,shop_3711018,43.598
godown_Sangareddy,shop_3711019,41.981
godown_Sangareddy,shop_3711020,41.828
godown_Sangareddy,shop_3711021,48.492
godown_Sangareddy,shop_3711022,34.666
godown_Sangareddy,shop_3711023,40.876
godown_Sangareddy,shop_3711024,38.913
godown_Sangareddy,shop_3711025,39.977
godown_Sangareddy,shop_3711026,39.997
godown_Sangareddy,shop_3711027,41.31
godown_Sangareddy,shop_3711028,35.192
godown_Sangareddy,shop_3711029,33.994
godown_Sangareddy,shop_3711030,33.633
godown_Sangareddy,shop_3711031,41.741
godown_Sangareddy,shop_3711032,40.98
godown_Sangareddy,shop_3711033,35.093
godown_Sangareddy,shop_3711034,45.188
godown_Sangareddy,shop_3711035,51.587
godown_Sangareddy,shop_3712001,7.018
godown_Sangareddy,shop_3712002,12.923
godown_Sangareddy,shop_3712003,15.97
godown_Sangareddy,shop_3712004,15.195
godown_Sangareddy,shop_3712005,13.051
godown_Sangareddy,shop_3712006,15.282
godown_Sangareddy,shop_3712007,16.56
godown_Sangareddy,shop_3712008,12.778
godown_Sangareddy,shop_3712009,10.47
godown_Sangareddy,shop_3712010,14.587
godown_Sangareddy,shop_3712011,17.547
godown_Sangareddy,shop_3712012,12.673
godown_Sangareddy,shop_3712013,10.74
godown_Sangareddy,shop_3712014,7.656
godown_Sangareddy,shop_3712015,8.214
godown_Sangareddy,shop_3712016,4.845
godown_Sangareddy,shop_3712017,5.343
godown_Sangareddy,shop_3712018,6.016
godown_Sangareddy,shop_3712019,10.99
godown_Sangareddy,shop_3712020,15.348
godown_Sangareddy,shop_3712021,10.095
godown_Sangareddy,shop_3712022,9.597
godown_Sangareddy,shop_3712023,13.026
godown_Sangareddy,shop_3712024,15.395
godown_Sangareddy,shop_3712025,10.647
godown_Sangareddy,shop_3712026,6.94
godown_Sangareddy,shop_3712027,9.784
godown_Sangareddy,shop_3712028,15.139
godown_Sangareddy,shop_3713001,42.034
godown_Sangareddy,shop_3713002,41.97
godown_Sangareddy,shop_3713003,44.591
godown_Sangareddy,shop_3713004,47.364
godown_Sangareddy,shop_3713005,49.347
godown_Sangareddy,shop_3713006,50.559
godown_Sangareddy,shop_3713007,51.544
godown_Sangareddy,shop_3713008,49.775
godown_Sangareddy,shop_3713009,52.316
godown_Sangareddy,shop_3713010,52.742
godown_Sangareddy,shop_3713011,52.945
godown_Sangareddy,shop_3713012,53.916
godown_Sangareddy,shop_3713013,55.356
godown_Sangareddy,shop_3713014,54.728
godown_Sangareddy,shop_3713015,56.24
godown_Sangareddy,shop_3713016,57.586
godown_Sangareddy,shop_3713017,58.577
godown_Sangareddy,shop_3713018,57.1
godown_Sangareddy,shop_3713019,59.017
godown_Sangareddy,shop_3713020,57.471
godown_Sangareddy,shop_3713022,59.934
godown_Sangareddy,shop_3713023,52.683
godown_Sangareddy,shop_3714002,61.895
godown_Sangareddy,shop_3714003,62.015
godown_Sangareddy,shop_3714004,60.332
godown_Sangareddy,shop_3714005,65.896
godown_Sangareddy,shop_3714006,60.544
godown_Sangareddy,shop_3714007,57.313
godown_Sangareddy,shop_3714008,62.057
godown_Sangareddy,shop_3714009,65.55
godown_Sangareddy,shop_3714010,65.442
godown_Sangareddy,shop_3714011,64.871
godown_Sangareddy,shop_3714012,65.143
godown_Sangareddy,shop_3714013,66.101
godown_Sangareddy,shop_3714014,67.473
godown_Sangareddy,shop_3714015,61.511
godown_Sangareddy,shop_3714016,59.51
godown_Sangareddy,shop_3714017,45.535
godown_Sangareddy,shop_3714018,56.156
godown_Sangareddy,shop_3714019,54.773
godown_Sangareddy,shop_3714020,54.395
godown_Sangareddy,shop_3714021,59.952
godown_Sangareddy,shop_3714022,62.976
godown_Sangareddy,shop_3715001,127.768
godown_Sangareddy,shop_3715002,23.86
godown_Sangareddy,shop_3715003,26.898
godown_Sangareddy,shop_3715004,26.866
godown_Sangareddy,shop_3715005,28.045
godown_Sangareddy,shop_3715006,28.847
godown_Sangareddy,shop_3715007,13.897
godown_Sangareddy,shop_3715008,29.313
godown_Sangareddy,shop_3715009,26.579
godown_Sangareddy,shop_3715010,32.498
godown_Sangareddy,shop_3715011,32.68
godown_Sangareddy,shop_3715012,30.582
godown_Sangareddy,shop_3715013,30.673
godown_Sangareddy,shop_3715014,31.437
godown_Sangareddy,shop_3715015,31.678
godown_Sangareddy,shop_3715016,33.29
godown_Sangareddy,shop_3715017,31.987
godown_Sangareddy,shop_3715018,28.234
godown_Sangareddy,shop_3715019,30.117
godown_Sangareddy,shop_3715020,29.54
godown_Sangareddy,shop_3715021,29.623
godown_Sangareddy,shop_3715022,27.174
godown_Sangareddy,shop_3715023,25.738
godown_Sangareddy,shop_3715024,23.593
godown_Sangareddy,shop_3715025,24.194
godown_Sangareddy,shop_3715026,24.966
godown_Sangareddy,shop_3715027,24.928
godown_Sangareddy,shop_3715028,26.399
godown_Sangareddy,shop_3715029,25.327
godown_Sangareddy,shop_3715030,21.744
godown_Sangareddy,shop_3715031,22.581
godown_Sangareddy,shop_3715032,27.8
godown_Sangareddy,shop_3716002,73.726
godown_Sangareddy,shop_3716003,74.289
godown_Sangareddy,shop_3716004,71.139
godown_Sangareddy,shop_3716005,75.38
godown_Sangareddy,shop_3716006,70.295
godown_Sangareddy,shop_3716007,70.347
godown_Sangareddy,shop_3716008,65.773
godown_Sangareddy,shop_3716009,63.097
godown_Sangareddy,shop_3716010,66.111
godown_Sangareddy,shop_3716011,68.051
godown_Sangareddy,shop_3716012,71.381
godown_Sangareddy,shop_3716013,68.864
godown_Sangareddy,shop_3716014,65.223
godown_Sangareddy,shop_3716015,64.425
godown_Sangareddy,shop_3716016,62.147
godown_Sangareddy,shop_3716017,61.457
godown_Sangareddy,shop_3716018,60.194
godown_Sangareddy,shop_3716019,59.681
godown_Sangareddy,shop_3716020,64.885
godown_Sangareddy,shop_3716021,71.102
godown_Sangareddy,shop_3716022,73.157
godown_Sangareddy,shop_3717001,57.004
godown_Sangareddy,shop_3717002,60.365
godown_Sangareddy,shop_3717003,62.238
godown_Sangareddy,shop_3717004,64.112
godown_Sangareddy,shop_3717005,65.729
godown_Sangareddy,shop_3717006,67.177
godown_Sangareddy,shop_3717007,66.164
godown_Sangareddy,shop_3717008,59.158
godown_Sangareddy,shop_3717009,61.584
godown_Sangareddy,shop_3717010,61.935
godown_Sangareddy,shop_3717011,62.586
godown_Sangareddy,shop_3717012,54.45
godown_Sangareddy,shop_3717013,53.921
godown_Sangareddy,shop_3717014,52.325
godown_Sangareddy,shop_3717015,51.854
godown_Sangareddy,shop_3717016,52.548
godown_Sangareddy,shop_3717017,56.006
godown_Sangareddy,shop_3717018,54.907
godown_Sangareddy,shop_3717019,56.975
godown_Sangareddy,shop_3717020,54.405
godown_Sangareddy,shop_3717021,54.083
godown_Sangareddy,shop_3717022,53.47
godown_Sangareddy,shop_3717023,55.556
godown_Sangareddy,shop_3717024,56.073
godown_Sangareddy,shop_3717025,60.456
godown_Sangareddy,shop_3717027,58.231
godown_Sangareddy,shop_3717028,57.017
godown_Sangareddy,shop_3717029,57.375
godown_Sangareddy,shop_3717030,56.922
godown_Sangareddy,shop_3717031,56.497
godown_Sangareddy,shop_3717032,56.786
godown_Sangareddy,shop_3717033,49.824
godown_Sangareddy,shop_3717036,66.07
godown_Sangareddy,shop_3717037,62.635
godown_Sangareddy,shop_3717038,62.536
godown_Sangareddy,shop_3717039,54.874
godown_Sangareddy,shop_3717040,50.984
godown_Sangareddy,shop_3717041,56.067
godown_Sangareddy,shop_3717042,58.403
godown_Sangareddy,shop_3717043,54.972
godown_Sangareddy,shop_3717044,60.609
godown_Sangareddy,shop_3717046,56.7
godown_Sangareddy,shop_3717047,56.855
godown_Sangareddy,shop_3717050,61.09
godown_Sangareddy,shop_3717051,57.112
godown_Sangareddy,shop_3717052,56.837
godown_Sangareddy,shop_3717053,57.444
godown_Sangareddy,shop_3717054,61.007
godown_Sangareddy,shop_3717055,51.739
godown_Sangareddy,shop_3717056,56.911
godown_Sangareddy,shop_3717057,66.068
godown_Sangareddy,shop_3718001,55.107
godown_Sangareddy,shop_3718002,54.742
godown_Sangareddy,shop_3718003,56.316
godown_Sangareddy,shop_3718004,55.996
godown_Sangareddy,shop_3718005,59.974
godown_Sangareddy,shop_3718006,58.345
godown_Sangareddy,shop_3718007,59.954
godown_Sangareddy,shop_3718008,61.802
godown_Sangareddy,shop_3718009,59.912
godown_Sangareddy,shop_3718010,57.939
godown_Sangareddy,shop_3718011,59.614
godown_Sangareddy,shop_3718012,52.95
godown_Sangareddy,shop_3718013,52.701
godown_Sangareddy,shop_3718014,49.392
godown_Sangareddy,shop_3718015,48.944
godown_Sangareddy,shop_3718016,47.328
godown_Sangareddy,shop_3718017,58.177
godown_Sangareddy,shop_3718018,54.947
godown_Sangareddy,shop_3718019,54.239
godown_Sangareddy,shop_3718020,56.36
godown_Sangareddy,shop_3718021,54.19
godown_Sangareddy,shop_3718022,53.608
godown_Sangareddy,shop_3718023,57.666
godown_Sangareddy,shop_3718024,59.991
godown_Sangareddy,shop_3718025,52.052
godown_Sangareddy,shop_3718026,53.583
godown_Sangareddy,shop_3718027,55.688
godown_Sangareddy,shop_3718028,51.66
godown_Sangareddy,shop_3718029,58.479
godown_Sangareddy,shop_3718030,59.667
godown_Sangareddy,shop_3718031,56.756
godown_Sangareddy,shop_3718032,55.778
godown_Sangareddy,shop_3718033,51.693
godown_Sangareddy,shop_3718034,54.966
godown_Sangareddy,shop_3718035,51.604
godown_Sangareddy,shop_3718036,55.992
godown_Sangareddy,shop_3719001,19.546
godown_Sangareddy,shop_3719002,21.012
godown_Sangareddy,shop_3719003,19.825
godown_Sangareddy,shop_3719004,17.455
godown_Sangareddy,shop_3719005,17.232
godown_Sangareddy,shop_3719006,18.615
godown_Sangareddy,shop_3719007,15.182
godown_Sangareddy,shop_3719008,14.866
godown_Sangareddy,shop_3719009,14.516
godown_Sangareddy,shop_3719010,14.525
godown_Sangareddy,shop_3719011,15.745
godown_Sangareddy,shop_3719012,14.674
godown_Sangareddy,shop_3719013,10.671
godown_Sangareddy,shop_3719014,10.794
godown_Sangareddy,shop_3719015,10.937
godown_Sangareddy,shop_3719016,13.203
godown_Sangareddy,shop_3719017,12.958
godown_Sangareddy,shop_3719018,16.152
godown_Sangareddy,shop_3719019,16.242
godown_Sangareddy,shop_3719020,21.747
godown_Sangareddy,shop_3719021,17.389
godown_Sangareddy,shop_3719022,17.483
godown_Sangareddy,shop_3719023,15.905
godown_Sangareddy,shop_3719024,18.72
godown_Sangareddy,shop_3719025,17.381
godown_Sangareddy,shop_3719026,19.983
godown_Sangareddy,shop_3719027,21.683
godown_Sangareddy,shop_3719028,20.942
godown_Sangareddy,shop_3719029,17.555
godown_Sangareddy,shop_3719030,16.495
godown_Sangareddy,shop_3719031,16.843
godown_Sangareddy,shop_3719032,21.771
godown_Sangareddy,shop_3719033,21.279
godown_Sangareddy,shop_3719034,21.185
godown_Sangareddy,shop_3719035,21.073
godown_Sangareddy,shop_3719036,21.393
godown_Sangareddy,shop_3719037,21.372
godown_Sangareddy,shop_3719038,21.28
godown_Sangareddy,shop_3719039,21.875
godown_Sangareddy,shop_3719040,21.963
godown_Sangareddy,shop_3719041,20.872
godown_Sangareddy,shop_3719042,21.222
godown_Sangareddy,shop_3719043,22.379
godown_Sangareddy,shop_3719044,21.348
godown_Sangareddy,shop_3719045,22.328
godown_Sangareddy,shop_3719046,21.428
godown_Sangareddy,shop_3719047,21.073
godown_Sangareddy,shop_3720001,25.631
godown_Sangareddy,shop_3720002,24.844
godown_Sangareddy,shop_3720004,10.916
godown_Sangareddy,shop_3720007,18.898
godown_Sangareddy,shop_3720008,18.756
godown_Sangareddy,shop_3720009,20.111
godown_Sangareddy,shop_3720010,20.099
godown_Sangareddy,shop_3720011,18.54
godown_Sangareddy,shop_3720012,19.33
godown_Sangareddy,shop_3720013,16.52
godown_Sangareddy,shop_3720014,17.244
godown_Sangareddy,shop_3720015,14.436
godown_Sangareddy,shop_3720016,14.462
godown_Sangareddy,shop_3720017,12.206
godown_Sangareddy,shop_3720019,8.739
godown_Sangareddy,shop_3720020,8.707
godown_Sangareddy,shop_3720021,16.107
godown_Sangareddy,shop_3720023,0.841
godown_Sangareddy,shop_3720025,0.858
godown_Sangareddy,shop_3720026,21.269
godown_Sangareddy,shop_3720027,22.323
godown_Sangareddy,shop_3721001,33.874
godown_Sangareddy,shop_3721002,32.752
godown_Sangareddy,shop_3721003,34.864
godown_Sangareddy,shop_3721004,37.765
godown_Sangareddy,shop_3721005,35.748
godown_Sangareddy,shop_3721006,37.468
godown_Sangareddy,shop_3721007,37.598
godown_Sangareddy,shop_3721008,36.772
godown_Sangareddy,shop_3721009,36.414
godown_Sangareddy,shop_3721010,38.425
godown_Sangareddy,shop_3721011,40.267
godown_Sangareddy,shop_3721012,41.946
godown_Sangareddy,shop_3721013,40.758
godown_Sangareddy,shop_3721014,41.242
godown_Sangareddy,shop_3721015,47.655
godown_Sangareddy,shop_3721016,49.11
godown_Sangareddy,shop_3721017,43.585
godown_Sangareddy,shop_3721018,46.35
godown_Sangareddy,shop_3721019,46.749
godown_Sangareddy,shop_3721020,44.556
godown_Sangareddy,shop_3721021,44.07
godown_Sangareddy,shop_3721022,43.475
godown_Sangareddy,shop_3721023,44.278
godown_Sangareddy,shop_3721024,44.175
godown_Sangareddy,shop_3721025,42.585
godown_Sangareddy,shop_3721026,50.082
godown_Sangareddy,shop_3721027,48.288
godown_Sangareddy,shop_3721028,48.491
godown_Sangareddy,shop_3721029,48.299
godown_Sangareddy,shop_3721030,37.898
godown_Sangareddy,shop_3721031,42.235
godown_Sangareddy,shop_3722001,23.912
godown_Sangareddy,shop_3722002,26.168
godown_Sangareddy,shop_3722003,22.763
godown_Sangareddy,shop_3722004,28.414
godown_Sangareddy,shop_3722005,26.907
godown_Sangareddy,shop_3722006,27.175
godown_Sangareddy,shop_3722007,22.988
godown_Sangareddy,shop_3722008,23.307
godown_Sangareddy,shop_3722009,27.274
godown_Sangareddy,shop_3722010,22.679
godown_Sangareddy,shop_3722011,24.751
godown_Sangareddy,shop_3722012,24.456
godown_Sangareddy,shop_3722013,24.692
godown_Sangareddy,shop_3722014,24.714
godown_Sangareddy,shop_3722015,24.706
godown_Sangareddy,shop_3722016,24.747
godown_Sangareddy,shop_3722017,24.387
godown_Sangareddy,shop_3722018,27.131
godown_Sangareddy,shop_3722019,24.762
godown_Sangareddy,shop_3722020,24.653
godown_Sangareddy,shop_3722021,27.84
godown_Sangareddy,shop_3722022,26.941
godown_Sangareddy,shop_3722023,25.111
godown_Sangareddy,shop_3722024,25.106
godown_Sangareddy,shop_3722025,25.108
godown_Sangareddy,shop_3722026,27.138
godown_Sangareddy,shop_3722027,27.134
godown_Sangareddy,shop_3722028,27.109
godown_Sangareddy,shop_3722029,27.128
godown_Sangareddy,shop_3722030,24.57
godown_Sangareddy,shop_3722031,25.738
godown_Sangareddy,shop_3722032,24.749
godown_Sangareddy,shop_3722033,24.399
godown_Sangareddy,shop_3722034,24.587
godown_Sangareddy,shop_3722035,27.183
godown_Sangareddy,shop_3722036,24.562
godown_Sangareddy,shop_3722037,24.352
godown_Sangareddy,shop_3722038,24.962
godown_Sangareddy,shop_3723001,10.963
godown_Sangareddy,shop_3723002,13.288
godown_Sangareddy,shop_3723003,15.885
godown_Sangareddy,shop_3723004,13.593
godown_Sangareddy,shop_3723005,13.908
godown_Sangareddy,shop_3723006,15.015
godown_Sangareddy,shop_3723007,9.321
godown_Sangareddy,shop_3723008,8.268
godown_Sangareddy,shop_3723009,13.093
godown_Sangareddy,shop_3723010,16.033
godown_Sangareddy,shop_3723011,14.291
godown_Sangareddy,shop_3723012,9.759
godown_Sangareddy,shop_3723013,14.157
godown_Sangareddy,shop_3723014,18.901
godown_Sangareddy,shop_3723015,18.92
godown_Sangareddy,shop_3723016,19.413
godown_Sangareddy,shop_3723017,17.51
godown_Sangareddy,shop_3723018,17.451
godown_Sangareddy,shop_3723019,19.575
godown_Sangareddy,shop_3723020,20.915
godown_Sangareddy,shop_3723021,17.767
godown_Sangareddy,shop_3723022,21.136
godown_Sangareddy,shop_3723023,19.721
godown_Sangareddy,shop_3723024,22.096
godown_Sangareddy,shop_3723025,22.013
godown_Sangareddy,shop_3723026,21.563
godown_Sangareddy,shop_3723027,20.869
godown_Sangareddy,shop_3723028,5.417
godown_Sangareddy,shop_3723029,11
godown_Sangareddy,shop_3723030,8.678
godown_Sangareddy,shop_3723031,17.757
godown_Sangareddy,shop_3723032,13.046
godown_Sangareddy,shop_3723033,11.046
godown_Sangareddy,shop_3723034,13.995
godown_Sangareddy,shop_3723035,13.565
godown_Sangareddy,shop_3723036,14.288
godown_Sangareddy,shop_3723037,13.981
godown_Sangareddy,shop_3723038,13.853
godown_Sangareddy,shop_3723039,14.115
godown_Sangareddy,shop_3723040,14.148
godown_Sangareddy,shop_3723041,14.109
godown_Sangareddy,shop_3723042,14.161
godown_Sangareddy,shop_3723044,13.894
godown_Sangareddy,shop_3723045,13.889
godown_Sangareddy,shop_3723046,13.662
godown_Sangareddy,shop_3723047,14.559
godown_Sangareddy,shop_3723048,14.015
godown_Sangareddy,shop_3723049,16.518
godown_Sangareddy,shop_3723050,13.893
godown_Sangareddy,shop_3724001,2.755
godown_Sangareddy,shop_3724002,4.052
godown_Sangareddy,shop_3724003,5.147
godown_Sangareddy,shop_3724004,5.141
godown_Sangareddy,shop_3724005,6.324
godown_Sangareddy,shop_3724006,7.347
godown_Sangareddy,shop_3724007,7.994
godown_Sangareddy,shop_3724008,8.02
godown_Sangareddy,shop_3724009,3.197
godown_Sangareddy,shop_3724010,2.512
godown_Sangareddy,shop_3724011,5.3
godown_Sangareddy,shop_3724012,2.782
godown_Sangareddy,shop_3724013,4.133
godown_Sangareddy,shop_3724014,1.858
godown_Sangareddy,shop_3724015,2.74
godown_Sangareddy,shop_3724016,3.791
godown_Sangareddy,shop_3724017,2.938
godown_Sangareddy,shop_3724018,5.141
godown_Sangareddy,shop_3724019,8.016
godown_Sangareddy,shop_3724020,1.389
godown_Sangareddy,shop_3724021,1.242
godown_Sangareddy,shop_3724022,1.384
godown_Sangareddy,shop_3724023,1.372
godown_Sangareddy,shop_3724024,1.165
godown_Sangareddy,shop_3724025,0.862
godown_Sangareddy,shop_3724026,1.102
godown_Sangareddy,shop_3724027,0.304
godown_Sangareddy,shop_3724028,0.433
godown_Sangareddy,shop_3724029,0.655
godown_Sangareddy,shop_3724030,0.663
godown_Sangareddy,shop_3724031,1.342
godown_Sangareddy,shop_3724032,0.899
godown_Sangareddy,shop_3724033,1.564
godown_Sangareddy,shop_3724034,1.264
godown_Sangareddy,shop_3724035,0.841
godown_Sangareddy,shop_3724036,1.153
godown_Sangareddy,shop_3724037,1.682
godown_Sangareddy,shop_3724038,0.868
godown_Sangareddy,shop_3724039,1.205
godown_Sangareddy,shop_3724040,0.745
godown_Sangareddy,shop_3724041,0.922
godown_Sangareddy,shop_3724042,0.758
godown_Sangareddy,shop_3724043,1.67
godown_Sangareddy,shop_3724044,1.255
godown_Sangareddy,shop_3724045,0.338
godown_Sangareddy,shop_3724046,1.491
godown_Sangareddy,shop_3724047,1.516
godown_Sangareddy,shop_3724048,0.666
godown_Sangareddy,shop_3724049,1.242
godown_Sangareddy,shop_3724050,0.84
godown_Sangareddy,shop_3725002,72.563
godown_Sangareddy,shop_3725003,72.623
godown_Sangareddy,shop_3725004,71.054
godown_Sangareddy,shop_3725006,70.261
godown_Sangareddy,shop_3725007,68.39
godown_Sangareddy,shop_3725008,66.322
godown_Sangareddy,shop_3725009,66.479
godown_Sangareddy,shop_3725010,72.658
godown_Sangareddy,shop_3725011,72.961
godown_Sangareddy,shop_3725012,73.137
godown_Sangareddy,shop_3725013,71.432
godown_Sangareddy,shop_3725014,71.873
godown_Sangareddy,shop_3725015,70.066
godown_Sangareddy,shop_3725016,68.195
godown_Sangareddy,shop_3725017,68.449
godown_Sangareddy,shop_3725018,67.695
godown_Sangareddy,shop_3725019,71.475
godown_Sangareddy,shop_3725020,70.687
godown_Sangareddy,shop_3725021,65.689
godown_Sangareddy,shop_3725022,74.008
godown_Sangareddy,shop_3725023,70.785
godown_Sangareddy,shop_3725024,66.166
godown_Sangareddy,shop_3725025,67.771
godown_Sangareddy,shop_3726002,37.257
godown_Sangareddy,shop_3726003,36.508
godown_Sangareddy,shop_3726004,39.218
godown_Sangareddy,shop_3726005,40.344
godown_Sangareddy,shop_3726006,32.589
godown_Sangareddy,shop_3726007,33.661
godown_Sangareddy,shop_3726008,34.331
godown_Sangareddy,shop_3726009,32.116
godown_Sangareddy,shop_3726010,30.914
godown_Sangareddy,shop_3726011,30.903
godown_Sangareddy,shop_3726012,30.978
godown_Sangareddy,shop_3726013,39.633
godown_Sangareddy,shop_3726014,38.917
godown_Sangareddy,shop_3726015,38.664
godown_Sangareddy,shop_3726016,37.13
godown_Sangareddy,shop_3726017,34.311
godown_Sangareddy,shop_3726018,33.871
godown_Sangareddy,shop_3726019,30.158
godown_Sangareddy,shop_3726020,30.179
godown_Sangareddy,shop_3726021,29.123
godown_Sangareddy,shop_3726022,41.135
godown_Sangareddy,shop_3727002,64.239
godown_Sangareddy,shop_3727003,49.91
godown_Sangareddy,shop_3727004,51.234
godown_Sangareddy,shop_3727005,52.562
godown_Sangareddy,shop_3727006,54.791
godown_Sangareddy,shop_3727007,55.615
godown_Sangareddy,shop_3727008,57.814
godown_Sangareddy,shop_3727009,49.838
godown_Sangareddy,shop_3727010,47.703
godown_Sangareddy,shop_3727011,49.666
godown_Sangareddy,shop_3727012,53.141
godown_Sangareddy,shop_3727013,52.428
godown_Sangareddy,shop_3727014,52.551
godown_Sangareddy,shop_3727015,50.915
godown_Sangareddy,shop_3727016,50.319
godown_Sangareddy,shop_3727017,44.534
godown_Sangareddy,shop_3727018,46.218
godown_Sangareddy,shop_3727019,46.01
godown_Sangareddy,shop_3727020,56.659
godown_Sangareddy,shop_3727021,54.93
godown_Sangareddy,shop_3727022,58.591
godown_Sangareddy,shop_3727023,60.369
godown_Sangareddy,shop_3727024,46.208
godown_Sangareddy,shop_3727025,56.679
godown_Sangareddy,shop_3727026,53.286
godown_Sangareddy,shop_3727027,42.181
godown_Sangareddy,shop_3727028,50.881
godown_Sangareddy,shop_3727029,50.875
godown_Sangareddy,shop_3727030,50.87
godown_Sangareddy,shop_3727031,50.688
godown_Sangareddy,shop_3727032,50.66
godown_Sangareddy,shop_3727033,50.689
godown_Sangareddy,shop_3727034,50.979
godown_Sangareddy,shop_3727035,50.657
godown_Sangareddy,shop_3727036,50.814
godown_Sangareddy,shop_3727037,50.971
godown_Sangareddy,shop_3727038,51.199
godown_Sangareddy,shop_3727039,51.064
godown_Sangareddy,shop_3727040,50.961
godown_Sangareddy,shop_3727041,50.9
godown_Sangareddy,shop_3727042,51.387
godown_Sangareddy,shop_3727043,51.391
godown_Sangareddy,shop_3727044,50.539
godown_Sangareddy,shop_3727045,50.379
godown_Sangareddy,shop_3727046,50.007
godown_Sangareddy,shop_3727047,50.004
godown_Sangareddy,shop_3727048,51.294
godown_Sangareddy,shop_3727049,51.388
godown_Sangareddy,shop_3727050,50.123
godown_Sangareddy,shop_3727051,49.892
godown_Sangareddy,shop_3727052,48.69
godown_Sangareddy,shop_3727053,50.736
godown_Sangareddy,shop_3727054,53.417
godown_Sangareddy,shop_3727055,49.825
godown_Sangareddy,shop_3727056,49.626
godown_Sangareddy,shop_3727057,60.358
godown_Sangareddy,shop_3728001,8.005
godown_Sangareddy,shop_3728002,6.624
godown_Sangareddy,shop_3728003,8.696
godown_Sangareddy,shop_3728004,6.543
godown_Sangareddy,shop_3728005,9.552
godown_Sangareddy,shop_3728006,10.239
godown_Sangareddy,shop_3728007,14.854
godown_Sangareddy,shop_3728008,21.648
godown_Sangareddy,shop_3728009,11.539
godown_Sangareddy,shop_3728010,11.517
godown_Sangareddy,shop_3728011,11.613
godown_Sangareddy,shop_3728012,6.688
godown_Sangareddy,shop_3728013,12.699
godown_Sangareddy,shop_3728014,12.395
godown_Sangareddy,shop_3728015,15.269
godown_Sangareddy,shop_3728016,14.55
godown_Sangareddy,shop_3728017,7.878
godown_Sangareddy,shop_3729001,57.23
godown_Sangareddy,shop_3729002,57.234
godown_Sangareddy,shop_3729003,57.237
godown_Sangareddy,shop_3729004,58.848
godown_Sangareddy,shop_3729005,57.731
godown_Sangareddy,shop_3729006,57.043
godown_Sangareddy,shop_3729007,61.184
godown_Sangareddy,shop_3729008,61.184
godown_Sangareddy,shop_3729009,62.389
godown_Sangareddy,shop_3729010,60.304
godown_Sangareddy,shop_3729011,59.845
godown_Sangareddy,shop_3729012,58.243
godown_Sangareddy,shop_3729013,57.681
godown_Sangareddy,shop_3729014,62.324
godown_Sangareddy,shop_3729015,62.379
godown_Sangareddy,shop_3729016,60.581
godown_Sangareddy,shop_3729018,56.234
godown_Siddipet,shop_3802002,15.188
godown_Siddipet,shop_3802003,15.399
godown_Siddipet,shop_3802011,15.007
godown_Siddipet,shop_3802012,11.714
godown_Siddipet,shop_3802013,11.624
godown_Siddipet,shop_3802014,11.31
godown_Siddipet,shop_3802015,12.291
godown_Siddipet,shop_3802016,8.459
godown_Siddipet,shop_3802017,8.297
godown_Siddipet,shop_3802018,7.32
godown_Siddipet,shop_3802019,9.997
godown_Siddipet,shop_3802020,9.801
godown_Siddipet,shop_3802021,8.618
godown_Siddipet,shop_3802022,15.572
godown_Siddipet,shop_3802023,5.997
godown_Siddipet,shop_3802024,5.95
godown_Siddipet,shop_3802025,8.056
godown_Siddipet,shop_3802026,8.004
godown_Siddipet,shop_3802027,8.639
godown_Siddipet,shop_3802028,10.049
godown_Siddipet,shop_3802029,10.493
godown_Siddipet,shop_3802030,10.21
godown_Siddipet,shop_3803002,5.859
godown_Siddipet,shop_3803003,6.252
godown_Siddipet,shop_3803004,3.706
godown_Siddipet,shop_3803005,3.434
godown_Siddipet,shop_3803006,4.727
godown_Siddipet,shop_3803007,6.35
godown_Siddipet,shop_3803008,6.274
godown_Siddipet,shop_3803009,4.128
godown_Siddipet,shop_3803010,3.843
godown_Siddipet,shop_3803011,5.748
godown_Siddipet,shop_3803012,3.523
godown_Siddipet,shop_3803013,3.411
godown_Siddipet,shop_3803014,3.27
godown_Siddipet,shop_3803015,4.33
godown_Siddipet,shop_3803016,4.354
godown_Siddipet,shop_3803017,6.183
godown_Siddipet,shop_3803018,7.055
godown_Siddipet,shop_3803019,7.033
godown_Siddipet,shop_3803020,0.972
godown_Siddipet,shop_3803021,1.021
godown_Siddipet,shop_3803022,0.676
godown_Siddipet,shop_3803023,1.345
godown_Siddipet,shop_3803024,0.612
godown_Siddipet,shop_3803025,0.904
godown_Siddipet,shop_3803026,0.775
godown_Siddipet,shop_3803027,0.841
godown_Siddipet,shop_3803028,0.884
godown_Siddipet,shop_3803029,0.668
godown_Siddipet,shop_3803030,0.711
godown_Siddipet,shop_3803031,0.769
godown_Siddipet,shop_3803032,1.29
godown_Siddipet,shop_3803033,1.088
godown_Siddipet,shop_3803034,0.368
godown_Siddipet,shop_3803035,0.512
godown_Siddipet,shop_3803036,0.591
godown_Siddipet,shop_3803037,0.578
godown_Siddipet,shop_3803038,0.96
godown_Siddipet,shop_3803039,1.343
godown_Siddipet,shop_3803040,0.881
godown_Siddipet,shop_3803041,0.79
godown_Siddipet,shop_3803042,1.293
godown_Siddipet,shop_3803043,0.905
godown_Siddipet,shop_3803044,0.983
godown_Siddipet,shop_3803045,2.113
godown_Siddipet,shop_3803046,0.328
godown_Siddipet,shop_3803047,1.246
godown_Siddipet,shop_3803048,1.651
godown_Siddipet,shop_3803049,0.667
godown_Siddipet,shop_3803050,3.872
godown_Siddipet,shop_3803051,4.356
godown_Siddipet,shop_3803052,3.161
godown_Siddipet,shop_3803053,2.276
godown_Siddipet,shop_3803054,3.544
godown_Siddipet,shop_3803055,2.417
godown_Siddipet,shop_3803056,2.153
godown_Siddipet,shop_3803057,0.255
godown_Siddipet,shop_3803058,0.677
godown_Siddipet,shop_3803059,2.5
godown_Siddipet,shop_3803060,3.073
godown_Siddipet,shop_3803061,2.253
godown_Siddipet,shop_3803062,8.549
godown_Siddipet,shop_3803063,8839.691
godown_Siddipet,shop_3803064,3.322
godown_Siddipet,shop_3803065,3.918
godown_Siddipet,shop_3803066,2.559
godown_Siddipet,shop_3804002,38.814
godown_Siddipet,shop_3804003,30.081
godown_Siddipet,shop_3804004,30.394
godown_Siddipet,shop_3804005,38.595
godown_Siddipet,shop_3804006,38.777
godown_Siddipet,shop_3804007,39.575
godown_Siddipet,shop_3804008,30.723
godown_Siddipet,shop_3804009,37.483
godown_Siddipet,shop_3804010,42.855
godown_Siddipet,shop_3804011,31.17
godown_Siddipet,shop_3804012,34.35
godown_Siddipet,shop_3804013,35.45
godown_Siddipet,shop_3804014,27.888
godown_Siddipet,shop_3804015,41.536
godown_Siddipet,shop_3804016,35.412
godown_Siddipet,shop_3804017,32.162
godown_Siddipet,shop_3804018,43.45
godown_Siddipet,shop_3804019,37.462
godown_Siddipet,shop_3804020,38.974
godown_Siddipet,shop_3804021,31.196
godown_Siddipet,shop_3804022,42.811
godown_Siddipet,shop_3804023,34.237
godown_Siddipet,shop_3804024,41.591
godown_Siddipet,shop_3804025,41.753
godown_Siddipet,shop_3805001,24.868
godown_Siddipet,shop_3805002,24.238
godown_Siddipet,shop_3805003,24.869
godown_Siddipet,shop_3805004,29.871
godown_Siddipet,shop_3805005,26.294
godown_Siddipet,shop_3805006,27.398
godown_Siddipet,shop_3805007,27.237
godown_Siddipet,shop_3805008,22.052
godown_Siddipet,shop_3805009,22.583
godown_Siddipet,shop_3805010,20.532
godown_Siddipet,shop_3805011,25.39
godown_Siddipet,shop_3805012,29.7
godown_Siddipet,shop_3805013,30.619
godown_Siddipet,shop_3805014,32.65
godown_Siddipet,shop_3805015,25.351
godown_Siddipet,shop_3805016,27.568
godown_Siddipet,shop_3805017,30.077
godown_Siddipet,shop_3805018,30.282
godown_Siddipet,shop_3805019,30.089
godown_Siddipet,shop_3805020,33.415
godown_Siddipet,shop_3805021,30.621
godown_Siddipet,shop_3805022,21.571
godown_Siddipet,shop_3805023,21.861
godown_Siddipet,shop_3806001,14.962
godown_Siddipet,shop_3806002,16.589
godown_Siddipet,shop_3806003,21.368
godown_Siddipet,shop_3806004,19.048
godown_Siddipet,shop_3806005,15.935
godown_Siddipet,shop_3806006,20.638
godown_Siddipet,shop_3806007,23.204
godown_Siddipet,shop_3806008,23.432
godown_Siddipet,shop_3806009,23.174
godown_Siddipet,shop_3806010,22.996
godown_Siddipet,shop_3806011,23.188
godown_Siddipet,shop_3806012,23.425
godown_Siddipet,shop_3806013,22.869
godown_Siddipet,shop_3806014,23.163
godown_Siddipet,shop_3806015,23.195
godown_Siddipet,shop_3806016,23.164
godown_Siddipet,shop_3806017,19.991
godown_Siddipet,shop_3806018,27.602
godown_Siddipet,shop_3806019,27.376
godown_Siddipet,shop_3806020,29.493
godown_Siddipet,shop_3806021,29.813
godown_Siddipet,shop_3806022,27.7
godown_Siddipet,shop_3806023,27.699
godown_Siddipet,shop_3806024,23.299
godown_Siddipet,shop_3806025,23.311
godown_Siddipet,shop_3806026,25.51
godown_Siddipet,shop_3806027,26.393
godown_Siddipet,shop_3806028,27.479
godown_Siddipet,shop_3806029,24.663
godown_Siddipet,shop_3806030,23.271
godown_Siddipet,shop_3806031,23.271
godown_Siddipet,shop_3806032,23.126
godown_Siddipet,shop_3806033,24.995
godown_Siddipet,shop_3806034,19.376
godown_Siddipet,shop_3806035,17.883
godown_Siddipet,shop_3807001,8.669
godown_Siddipet,shop_3807002,8.628
godown_Siddipet,shop_3807003,8.522
godown_Siddipet,shop_3807004,10.882
godown_Siddipet,shop_3807005,6.908
godown_Siddipet,shop_3807006,11.013
godown_Siddipet,shop_3807007,13.271
godown_Siddipet,shop_3807008,7.277
godown_Siddipet,shop_3807009,7.205
godown_Siddipet,shop_3807010,10.616
godown_Siddipet,shop_3807011,7.883
godown_Siddipet,shop_3807012,7.878
godown_Siddipet,shop_3807014,14.583
godown_Siddipet,shop_3807015,14.671
godown_Siddipet,shop_3807016,11.265
godown_Siddipet,shop_3807017,8.228
godown_Siddipet,shop_3807018,13.567
godown_Siddipet,shop_3807019,13.691
godown_Siddipet,shop_3807020,10.281
godown_Siddipet,shop_3807021,18.642
godown_Siddipet,shop_3807022,18.278
godown_Siddipet,shop_3807023,15.053
godown_Siddipet,shop_3807024,15.462
godown_Siddipet,shop_3807025,17.517
godown_Siddipet,shop_3807026,17.209
godown_Siddipet,shop_3807027,19.783
godown_Siddipet,shop_3807028,15.466
godown_Siddipet,shop_3807029,8.529
godown_Siddipet,shop_3807030,11.01
godown_Siddipet,shop_3807031,15.621
godown_Siddipet,shop_3807032,12.405
godown_Siddipet,shop_3807033,15.319
godown_Siddipet,shop_3807034,10.278
godown_Siddipet,shop_3807035,6.668
godown_Siddipet,shop_3807036,12.264
godown_Siddipet,shop_3808001,39.711
godown_Siddipet,shop_3808002,36.155
godown_Siddipet,shop_3808003,36.663
godown_Siddipet,shop_3808004,34.704
godown_Siddipet,shop_3808005,32.114
godown_Siddipet,shop_3808006,30.701
godown_Siddipet,shop_3808007,32.975
godown_Siddipet,shop_3808008,32.033
godown_Siddipet,shop_3808009,32.034
godown_Siddipet,shop_3808010,33.372
godown_Siddipet,shop_3808011,32.018
godown_Siddipet,shop_3808012,28.259
godown_Siddipet,shop_3808013,27.905
godown_Siddipet,shop_3808014,26.044
godown_Siddipet,shop_3808015,25.432
godown_Siddipet,shop_3808016,25.776
godown_Siddipet,shop_3808017,30.72
godown_Siddipet,shop_3808018,36.227
godown_Siddipet,shop_3808019,26.464
godown_Siddipet,shop_3808020,29.249
godown_Siddipet,shop_3808021,37.835
godown_Siddipet,shop_3808022,30.697
godown_Siddipet,shop_3808023,36.798
godown_Siddipet,shop_3808024,39.445
godown_Siddipet,shop_3808026,30.813
godown_Siddipet,shop_3808027,32.246
godown_Siddipet,shop_3808028,31.855
godown_Siddipet,shop_3808029,32.268
godown_Siddipet,shop_3808030,30.851
godown_Siddipet,shop_3809001,11.874
godown_Siddipet,shop_3809002,14.058
godown_Siddipet,shop_3809003,13.529
godown_Siddipet,shop_3809004,13.871
godown_Siddipet,shop_3809005,16.111
godown_Siddipet,shop_3809006,16.177
godown_Siddipet,shop_3809007,17.914
godown_Siddipet,shop_3809008,18.109
godown_Siddipet,shop_3809009,20.014
godown_Siddipet,shop_3809010,20.017
godown_Siddipet,shop_3809011,22.186
godown_Siddipet,shop_3809012,21.006
godown_Siddipet,shop_3809013,26.062
godown_Siddipet,shop_3809014,26.155
godown_Siddipet,shop_3809015,26.583
godown_Siddipet,shop_3809016,27.302
godown_Siddipet,shop_3809017,25.436
godown_Siddipet,shop_3809018,29.143
godown_Siddipet,shop_3809019,31.014
godown_Siddipet,shop_3809020,28.25
godown_Siddipet,shop_3809021,28.731
godown_Siddipet,shop_3809022,28.06
godown_Siddipet,shop_3809023,30
godown_Siddipet,shop_3809024,24.751
godown_Siddipet,shop_3809025,24.765
godown_Siddipet,shop_3809026,22.984
godown_Siddipet,shop_3809027,22.988
godown_Siddipet,shop_3809028,23.071
godown_Siddipet,shop_3809029,23.283
godown_Siddipet,shop_3809030,23.245
godown_Siddipet,shop_3809039,19.465
godown_Siddipet,shop_3809040,20.606
godown_Siddipet,shop_3809041,21.123
godown_Siddipet,shop_3809042,20.853
godown_Siddipet,shop_3809043,20.923
godown_Siddipet,shop_3809044,20.93
godown_Siddipet,shop_3809045,20.928
godown_Siddipet,shop_3809046,20.924
godown_Siddipet,shop_3809049,17.808
godown_Siddipet,shop_3809050,17.927
godown_Siddipet,shop_3809051,17.624
godown_Siddipet,shop_3809052,26.593
godown_Siddipet,shop_3810001,27.936
godown_Siddipet,shop_3810002,25.454
godown_Siddipet,shop_3810003,24.836
godown_Siddipet,shop_3810004,26.178
godown_Siddipet,shop_3810005,21.914
godown_Siddipet,shop_3810006,23.769
godown_Siddipet,shop_3810007,23.609
godown_Siddipet,shop_3810008,32.815
godown_Siddipet,shop_3810009,33.045
godown_Siddipet,shop_3810010,32.996
godown_Siddipet,shop_3810011,30.633
godown_Siddipet,shop_3810012,34.244
godown_Siddipet,shop_3810013,33.493
godown_Siddipet,shop_3810014,33.428
godown_Siddipet,shop_3810015,39.323
godown_Siddipet,shop_3810016,39.876
godown_Siddipet,shop_3810017,34.767
godown_Siddipet,shop_3810018,25.46
godown_Siddipet,shop_3810019,28.024
godown_Siddipet,shop_3810020,27.452
godown_Siddipet,shop_3810021,26.144
godown_Siddipet,shop_3810022,27.871
godown_Siddipet,shop_3810023,29.325
godown_Siddipet,shop_3810024,33.091
godown_Siddipet,shop_3810025,34.043
godown_Siddipet,shop_3810026,32.743
godown_Siddipet,shop_3810027,31.071
godown_Siddipet,shop_3810028,34.587
godown_Siddipet,shop_3810029,36.759
godown_Siddipet,shop_3810030,30.634
godown_Siddipet,shop_3810031,32.54
godown_Siddipet,shop_3810032,27.092
godown_Siddipet,shop_3810033,34.036
godown_Siddipet,shop_3810034,26.359
godown_Siddipet,shop_3810035,33.097
godown_Siddipet,shop_3810036,32.979
godown_Siddipet,shop_3810037,32.919
godown_Siddipet,shop_3810038,32.71
godown_Siddipet,shop_3810039,33.075
godown_Siddipet,shop_3810040,33.669
godown_Siddipet,shop_3810041,33.206
godown_Siddipet,shop_3810042,32.935
godown_Siddipet,shop_3810043,33.205
godown_Siddipet,shop_3810044,33.196
godown_Siddipet,shop_3810045,27.926
godown_Siddipet,shop_3810046,27.113
godown_Siddipet,shop_3810047,35.166
godown_Siddipet,shop_3810048,21.624
godown_Siddipet,shop_3810049,36.627
godown_Siddipet,shop_3810050,36.518
godown_Siddipet,shop_3810051,37.511
godown_Siddipet,shop_3810052,37.453
godown_Siddipet,shop_3810053,37.278
godown_Siddipet,shop_3810054,37.411
godown_Siddipet,shop_3810055,37.029
godown_Siddipet,shop_3810056,37.642
godown_Siddipet,shop_3810057,36.99
godown_Siddipet,shop_3810058,36.138
godown_Siddipet,shop_3810059,36.84
godown_Siddipet,shop_3811001,38.065
godown_Siddipet,shop_3811002,37.72
godown_Siddipet,shop_3811003,38.097
godown_Siddipet,shop_3811004,37.84
godown_Siddipet,shop_3811005,37.669
godown_Siddipet,shop_3811006,38.257
godown_Siddipet,shop_3811007,38.219
godown_Siddipet,shop_3811008,37.645
godown_Siddipet,shop_3811009,39.098
godown_Siddipet,shop_3811010,40.433
godown_Siddipet,shop_3811011,41.477
godown_Siddipet,shop_3811012,41.719
godown_Siddipet,shop_3811013,34.643
godown_Siddipet,shop_3811014,34.646
godown_Siddipet,shop_3811015,33.723
godown_Siddipet,shop_3811016,31.343
godown_Siddipet,shop_3811017,45.36
godown_Siddipet,shop_3811018,34.068
godown_Siddipet,shop_3811019,42.789
godown_Siddipet,shop_3811020,40.234
godown_Siddipet,shop_3811021,38.553
godown_Siddipet,shop_3811022,43.345
godown_Siddipet,shop_3811023,33.517
godown_Siddipet,shop_3811024,35.729
godown_Siddipet,shop_3812001,32.437
godown_Siddipet,shop_3812002,32.364
godown_Siddipet,shop_3812003,32.293
godown_Siddipet,shop_3812004,43.174
godown_Siddipet,shop_3812005,40.298
godown_Siddipet,shop_3812006,36.469
godown_Siddipet,shop_3812007,37.219
godown_Siddipet,shop_3812008,37.132
godown_Siddipet,shop_3812009,37.11
godown_Siddipet,shop_3812010,37.463
godown_Siddipet,shop_3812011,38.077
godown_Siddipet,shop_3812012,38.081
godown_Siddipet,shop_3812013,35.361
godown_Siddipet,shop_3812014,33.11
godown_Siddipet,shop_3812015,33.064
godown_Siddipet,shop_3812016,31.867
godown_Siddipet,shop_3812017,31.796
godown_Siddipet,shop_3812018,33.009
godown_Siddipet,shop_3812019,30.788
godown_Siddipet,shop_3812020,28.878
godown_Siddipet,shop_3812021,28.46
godown_Siddipet,shop_3812022,25.545
godown_Siddipet,shop_3812026,29.324
godown_Siddipet,shop_3812027,37.221
godown_Siddipet,shop_3812028,35.263
godown_Siddipet,shop_3812029,30.736
godown_Siddipet,shop_3813001,26.812
godown_Siddipet,shop_3813002,28.448
godown_Siddipet,shop_3813003,30.698
godown_Siddipet,shop_3813004,32.002
godown_Siddipet,shop_3813005,32.408
godown_Siddipet,shop_3813006,29.345
godown_Siddipet,shop_3813007,27.111
godown_Siddipet,shop_3813008,23.537
godown_Siddipet,shop_3813009,19.318
godown_Siddipet,shop_3813010,20.512
godown_Siddipet,shop_3813011,20.419
godown_Siddipet,shop_3813012,25.427
godown_Siddipet,shop_3813013,30.206
godown_Siddipet,shop_3813014,31.93
godown_Siddipet,shop_3813015,29.201
godown_Siddipet,shop_3813016,32.253
godown_Siddipet,shop_3813017,30.416
godown_Siddipet,shop_3813018,28.587
godown_Siddipet,shop_3813019,25.206
godown_Siddipet,shop_3813020,21.987
godown_Siddipet,shop_3813021,26.653
godown_Siddipet,shop_3813022,27.12
godown_Siddipet,shop_3813023,23.424
godown_Siddipet,shop_3813024,20.833
godown_Siddipet,shop_3813025,31.105
godown_Siddipet,shop_3813026,23.409
godown_Siddipet,shop_3813027,22.655
godown_Siddipet,shop_3813028,27.735
godown_Siddipet,shop_3814002,15.744
godown_Siddipet,shop_3814003,17.977
godown_Siddipet,shop_3814004,18.745
godown_Siddipet,shop_3814005,18.746
godown_Siddipet,shop_3814006,18.497
godown_Siddipet,shop_3814007,21.702
godown_Siddipet,shop_3814008,21.69
godown_Siddipet,shop_3814009,22.23
godown_Siddipet,shop_3814010,24.938
godown_Siddipet,shop_3814011,24.419
godown_Siddipet,shop_3814012,22.107
godown_Siddipet,shop_3815010,12.837
godown_Siddipet,shop_3815011,9.987
godown_Siddipet,shop_3815012,11.283
godown_Siddipet,shop_3815013,11.052
godown_Siddipet,shop_3815014,13.529
godown_Siddipet,shop_3815015,8.456
godown_Siddipet,shop_3815016,11.534
godown_Siddipet,shop_3815017,11.341
godown_Siddipet,shop_3815018,11.427
godown_Siddipet,shop_3815019,13.821
godown_Siddipet,shop_3815020,8.56
godown_Siddipet,shop_3815021,8.643
godown_Siddipet,shop_3815022,8.493
godown_Siddipet,shop_3815026,18.198
godown_Siddipet,shop_3815027,12.087
godown_Siddipet,shop_3815028,13.821
godown_Siddipet,shop_3815029,13.778
godown_Siddipet,shop_3815030,14.16
godown_Siddipet,shop_3815031,13.456
godown_Siddipet,shop_3815032,9.988
godown_Siddipet,shop_3815033,11.205
godown_Siddipet,shop_3816004,27.7
godown_Siddipet,shop_3816008,25.181
godown_Siddipet,shop_3816010,29.945
godown_Siddipet,shop_3816011,32.367
godown_Siddipet,shop_3816016,30.473
godown_Siddipet,shop_3816017,30.405
godown_Siddipet,shop_3816018,28.557
godown_Siddipet,shop_3816019,28.617
godown_Siddipet,shop_3816020,31.051
godown_Siddipet,shop_3816021,34.281
godown_Siddipet,shop_3816022,34.196
godown_Siddipet,shop_3816024,31.903
godown_Siddipet,shop_3816025,30.279
godown_Siddipet,shop_3817002,40.212
godown_Siddipet,shop_3817003,39.992
godown_Siddipet,shop_3817004,40.01
godown_Siddipet,shop_3817005,38.546
godown_Siddipet,shop_3817006,38.208
godown_Siddipet,shop_3817007,40.806
godown_Siddipet,shop_3817008,40.818
godown_Siddipet,shop_3817009,43.516
godown_Siddipet,shop_3817010,44.968
godown_Siddipet,shop_3817011,45.27
godown_Siddipet,shop_3817012,48.105
godown_Siddipet,shop_3817013,39.188
godown_Siddipet,shop_3817014,35.623
godown_Siddipet,shop_3817015,36.944
godown_Siddipet,shop_3817016,37.36
godown_Siddipet,shop_3817017,41.568
godown_Siddipet,shop_3817018,42.286
godown_Siddipet,shop_3818001,14.287
godown_Siddipet,shop_3818002,17.275
godown_Siddipet,shop_3818003,21.201
godown_Siddipet,shop_3818004,16.89
godown_Siddipet,shop_3818005,16.779
godown_Siddipet,shop_3818006,19.446
godown_Siddipet,shop_3818007,19.763
godown_Siddipet,shop_3818008,21.944
godown_Siddipet,shop_3818009,21.726
godown_Siddipet,shop_3818010,20.576
godown_Siddipet,shop_3818011,21.461
godown_Siddipet,shop_3818023,18.608
godown_Siddipet,shop_3818024,18.632
godown_Siddipet,shop_3818025,18.23
godown_Siddipet,shop_3818026,18.268
godown_Siddipet,shop_3819001,46.194
godown_Siddipet,shop_3819002,46.111
godown_Siddipet,shop_3819003,47.813
godown_Siddipet,shop_3819004,51.501
godown_Siddipet,shop_3819005,50.885
godown_Siddipet,shop_3819006,54.999
godown_Siddipet,shop_3819007,55.06
godown_Siddipet,shop_3819008,49.751
godown_Siddipet,shop_3819009,53.181
godown_Siddipet,shop_3819010,52.639
godown_Siddipet,shop_3819011,52.747
godown_Siddipet,shop_3819012,51.175
godown_Siddipet,shop_3819013,54.776
godown_Siddipet,shop_3819014,55.371
godown_Siddipet,shop_3819015,57.926
godown_Siddipet,shop_3819016,48.449
godown_Siddipet,shop_3819017,47.702
godown_Siddipet,shop_3819018,47.585
godown_Siddipet,shop_3819019,51.089
godown_Siddipet,shop_3819020,51.309
godown_Siddipet,shop_3819021,51.974
godown_Siddipet,shop_3819022,51.913
godown_Siddipet,shop_3819023,51.716
godown_Siddipet,shop_3819024,50.574
godown_Siddipet,shop_3819025,55.478
godown_Siddipet,shop_3819028,49.457
godown_Siddipet,shop_3820001,20.37
godown_Siddipet,shop_3820002,20.361
godown_Siddipet,shop_3820003,19.066
godown_Siddipet,shop_3820004,23.519
godown_Siddipet,shop_3820005,25.946
godown_Siddipet,shop_3820006,24.814
godown_Siddipet,shop_3820007,27.025
godown_Siddipet,shop_3820008,23.607
godown_Siddipet,shop_3820009,16.636
godown_Siddipet,shop_3820010,15.728
godown_Siddipet,shop_3820011,19.047
godown_Siddipet,shop_3820012,17.43
godown_Siddipet,shop_3820013,21.053
godown_Siddipet,shop_3820014,12.127
godown_Siddipet,shop_3820015,10.008
godown_Siddipet,shop_3820016,9.396
godown_Siddipet,shop_3820017,12.484
godown_Siddipet,shop_3820018,10.301
godown_Siddipet,shop_3820019,12.641
godown_Siddipet,shop_3820020,14.96
godown_Siddipet,shop_3820021,16.954
godown_Siddipet,shop_3820022,17.802
godown_Siddipet,shop_3820023,16.505
godown_Siddipet,shop_3820024,20.051
godown_Siddipet,shop_3820025,20.411
godown_Siddipet,shop_3820026,10.18
godown_Siddipet,shop_3820027,17.868
godown_Siddipet,shop_3820028,26.181
godown_Siddipet,shop_3820029,14.96
godown_Siddipet,shop_3820030,11.777
godown_Siddipet,shop_3820031,8839.691
godown_Siddipet,shop_3820032,8839.691
godown_Siddipet,shop_3821002,31.059
godown_Siddipet,shop_3821003,31.804
godown_Siddipet,shop_3821004,33.233
godown_Siddipet,shop_3821005,33.231
godown_Siddipet,shop_3821006,34.792
godown_Siddipet,shop_3821007,28.956
godown_Siddipet,shop_3821008,29.437
godown_Siddipet,shop_3821009,29.634
godown_Siddipet,shop_3821010,28.988
godown_Siddipet,shop_3821011,30.673
godown_Siddipet,shop_3821012,40.042
godown_Siddipet,shop_3821013,40.642
godown_Siddipet,shop_3821014,37.884
godown_Siddipet,shop_3821015,34.582
godown_Siddipet,shop_3821016,34.041
godown_Siddipet,shop_3821017,26.847
godown_Siddipet,shop_3821018,26.76
godown_Siddipet,shop_3821019,23.463
godown_Siddipet,shop_3821020,35.95
godown_Siddipet,shop_3821021,33.108
godown_Siddipet,shop_3821022,33.226
godown_Siddipet,shop_3821023,38.959
godown_Siddipet,shop_3821024,37.773
godown_Siddipet,shop_3821025,30.104
godown_Siddipet,shop_3821026,36.223
godown_Siddipet,shop_3821027,33.078
godown_Siddipet,shop_3821028,28.098
godown_Siddipet,shop_3822001,61.82
godown_Siddipet,shop_3822002,12.222
godown_Siddipet,shop_3822003,8.721
godown_Siddipet,shop_3822004,13.235
godown_Siddipet,shop_3822005,13.136
godown_Siddipet,shop_3822006,12.649
godown_Siddipet,shop_3822007,12.396
godown_Siddipet,shop_3822008,11.261
godown_Siddipet,shop_3822011,21.679
godown_Siddipet,shop_3822012,21.808
godown_Siddipet,shop_3822013,20.577
godown_Siddipet,shop_3822014,19.394
godown_Siddipet,shop_3822015,24.087
godown_Siddipet,shop_3822016,15.718
godown_Siddipet,shop_3822017,14.922
godown_Siddipet,shop_3822021,17.208
godown_Siddipet,shop_3822022,17.44
godown_Siddipet,shop_3822023,17.619
godown_Siddipet,shop_3822024,12.103
godown_Siddipet,shop_3822025,11.56
godown_Siddipet,shop_3822029,24.182
godown_Siddipet,shop_3822031,19.625
godown_Siddipet,shop_3822032,16.748
godown_Siddipet,shop_3823001,41.7
godown_Siddipet,shop_3823002,40.93
godown_Siddipet,shop_3823003,41.549
godown_Siddipet,shop_3823004,40.7
godown_Siddipet,shop_3823005,48.812
godown_Siddipet,shop_3823006,46.531
godown_Siddipet,shop_3823007,44.107
godown_Siddipet,shop_3823008,42.286
godown_Siddipet,shop_3823009,43.449
godown_Siddipet,shop_3823010,40.896
godown_Siddipet,shop_3823011,39.846
godown_Siddipet,shop_3823012,41.623
godown_Siddipet,shop_3823013,44.31
godown_Siddipet,shop_3823014,43.894
godown_Siddipet,shop_3823015,42.068
godown_Siddipet,shop_3823016,45.314
godown_Siddipet,shop_3823017,46.31
godown_Siddipet,shop_3823018,46.814
godown_Siddipet,shop_3823019,47.991
godown_Siddipet,shop_3823020,48.996
godown_Siddipet,shop_3823021,43.972
godown_Siddipet,shop_3823022,44.103
godown_Siddipet,shop_3823023,43.973
godown_Siddipet,shop_3823024,41.452
godown_Siddipet,shop_3823025,43.405
godown_Siddipet,shop_3823026,46.238
godown_Siddipet,shop_3823027,48.073
godown_Siddipet,shop_3824001,14.308
godown_Siddipet,shop_3824002,14.624
godown_Siddipet,shop_3824003,14.741
godown_Siddipet,shop_3824004,14.895
godown_Siddipet,shop_3824005,16.23
godown_Siddipet,shop_3824006,17.735
godown_Siddipet,shop_3824007,19.38
godown_Siddipet,shop_3824008,15.656
godown_Siddipet,shop_3824009,10.624
godown_Siddipet,shop_3824010,15.855
godown_Siddipet,shop_3824011,15.706
godown_Siddipet,shop_3824012,16.823
godown_Siddipet,shop_3824013,12.14
godown_Siddipet,shop_3824014,12.232
godown_Siddipet,shop_3825001,29.107
godown_Siddipet,shop_3825002,28.949
godown_Siddipet,shop_3825003,23.229
godown_Siddipet,shop_3825004,32.446
godown_Siddipet,shop_3825005,26.889
godown_Siddipet,shop_3825006,26.172
godown_Siddipet,shop_3825007,25.628
godown_Siddipet,shop_3825008,32.176
godown_Siddipet,shop_3825009,32.252
godown_Siddipet,shop_3825010,25.263
godown_Siddipet,shop_3826001,8839.691
godown_Siddipet,shop_3826002,8839.691
godown_Siddipet,shop_3826003,8839.691
godown_Siddipet,shop_3826004,8839.691
godown_Siddipet,shop_3826005,8839.691
godown_Siddipet,shop_3826006,8839.691
godown_Siddipet,shop_3826007,8839.691
godown_Siddipet,shop_3826008,8839.691
godown_Siddipet,shop_3826009,8839.691
godown_Siddipet,shop_3826010,8839.691
godown_Siddipet,shop_3826011,8839.691
godown_Siddipet,shop_3826012,8839.691
godown_Siddipet,shop_3826013,8839.691
godown_Siddipet,shop_3826014,8839.691
godown_Siddipet,shop_3826015,8839.691
godown_Siddipet,shop_3826016,8839.691
godown_Siddipet,shop_3826017,8839.691
godown_Siddipet,shop_3826018,8839.691
godown_Siddipet,shop_3826019,8839.691
godown_Siddipet,shop_3826020,8839.691
godown_Siddipet,shop_3826021,8839.691
godown_Siddipet,shop_3826022,8839.691
godown_Siddipet,shop_3826023,8839.691
godown_Siddipet,shop_3826024,8839.691
godown_Siddipet,shop_3827001,8839.691
godown_Siddipet,shop_3827002,8839.691
godown_Siddipet,shop_3827003,8839.691
godown_Siddipet,shop_3827004,8839.691
godown_Siddipet,shop_3827005,8839.691
godown_Siddipet,shop_3827006,8839.691
godown_Siddipet,shop_3827007,8839.691
godown_Siddipet,shop_3827008,8839.691
godown_Siddipet,shop_3827009,8839.691
godown_Siddipet,shop_3827010,8839.691
godown_Siddipet,shop_3827011,8839.691
godown_Siddipet,shop_3827012,8839.691
godown_Siddipet,shop_3827013,8839.691
godown_Suryapet,shop_4001001,12.444
godown_Suryapet,shop_4001002,12.303
godown_Suryapet,shop_4001003,12.714
godown_Suryapet,shop_4001004,20.188
godown_Suryapet,shop_4001005,20.599
godown_Suryapet,shop_4001006,19.229
godown_Suryapet,shop_4001007,19.148
godown_Suryapet,shop_4001008,12.219
godown_Suryapet,shop_4001009,9.211
godown_Suryapet,shop_4001010,13.464
godown_Suryapet,shop_4001011,16.784
godown_Suryapet,shop_4001012,13.279
godown_Suryapet,shop_4001013,13.056
godown_Suryapet,shop_4001014,18.259
godown_Suryapet,shop_4001015,18.415
godown_Suryapet,shop_4001016,24.38
godown_Suryapet,shop_4001017,17.655
godown_Suryapet,shop_4001018,15.094
godown_Suryapet,shop_4001019,10.837
godown_Suryapet,shop_4001020,10.785
godown_Suryapet,shop_4001021,9.746
godown_Suryapet,shop_4001022,6.181
godown_Suryapet,shop_4001023,16.6
godown_Suryapet,shop_4001024,16.584
godown_Suryapet,shop_4001025,22.444
godown_Suryapet,shop_4001026,22.124
godown_Suryapet,shop_4001027,24.934
godown_Suryapet,shop_4001028,14.864
godown_Suryapet,shop_4001029,14.945
godown_Suryapet,shop_4001030,16.359
godown_Suryapet,shop_4001031,14.843
godown_Suryapet,shop_4001032,12.825
godown_Suryapet,shop_4002001,27.536
godown_Suryapet,shop_4002002,35.169
godown_Suryapet,shop_4002003,30.986
godown_Suryapet,shop_4002004,30.762
godown_Suryapet,shop_4002005,30.933
godown_Suryapet,shop_4002006,30.852
godown_Suryapet,shop_4002007,27.774
godown_Suryapet,shop_4002008,37.75
godown_Suryapet,shop_4002009,37.585
godown_Suryapet,shop_4002010,38.154
godown_Suryapet,shop_4002011,40.1
godown_Suryapet,shop_4002012,39.816
godown_Suryapet,shop_4002013,29.63
godown_Suryapet,shop_4002014,29.627
godown_Suryapet,shop_4002015,32.23
godown_Suryapet,shop_4002016,40.672
godown_Suryapet,shop_4002017,40.626
godown_Suryapet,shop_4002018,27.808
godown_Suryapet,shop_4002019,36.73
godown_Suryapet,shop_4002020,36.814
godown_Suryapet,shop_4002021,41.252
godown_Suryapet,shop_4002022,38.237
godown_Suryapet,shop_4002023,32.387
godown_Suryapet,shop_4002025,8914.817
godown_Suryapet,shop_4002026,8914.817
godown_Suryapet,shop_4002027,8914.817
godown_Suryapet,shop_4002028,8914.817
godown_Suryapet,shop_4002029,8914.817
godown_Suryapet,shop_4002030,8914.817
godown_Suryapet,shop_4002031,8914.817
godown_Suryapet,shop_4002032,8914.817
godown_Suryapet,shop_4002033,8914.817
godown_Suryapet,shop_4002034,8914.817
godown_Suryapet,shop_4003001,13.079
godown_Suryapet,shop_4003002,13.059
godown_Suryapet,shop_4003003,11.396
godown_Suryapet,shop_4003004,9.407
godown_Suryapet,shop_4003005,10.231
godown_Suryapet,shop_4003006,12.045
godown_Suryapet,shop_4003007,13.997
godown_Suryapet,shop_4003008,13.221
godown_Suryapet,shop_4003009,16.314
godown_Suryapet,shop_4003010,6.503
godown_Suryapet,shop_4003011,7.325
godown_Suryapet,shop_4003012,9.029
godown_Suryapet,shop_4003013,6.257
godown_Suryapet,shop_4003014,4.3
godown_Suryapet,shop_4003015,1.99
godown_Suryapet,shop_4003016,2.037
godown_Suryapet,shop_4003017,5.187
godown_Suryapet,shop_4003018,5.923
godown_Suryapet,shop_4003019,8.388
godown_Suryapet,shop_4003020,8.284
godown_Suryapet,shop_4003021,10.148
godown_Suryapet,shop_4003022,10.14
godown_Suryapet,shop_4003023,7.23
godown_Suryapet,shop_4003024,7.041
godown_Suryapet,shop_4003025,4.135
godown_Suryapet,shop_4004002,31.685
godown_Suryapet,shop_4004003,31.477
godown_Suryapet,shop_4004004,25.054
godown_Suryapet,shop_4004005,26.564
godown_Suryapet,shop_4004006,28.244
godown_Suryapet,shop_4004007,29.21
godown_Suryapet,shop_4004008,28.125
godown_Suryapet,shop_4004009,28.12
godown_Suryapet,shop_4004010,28.063
godown_Suryapet,shop_4004011,30.342
godown_Suryapet,shop_4004012,30.6
godown_Suryapet,shop_4004013,29.959
godown_Suryapet,shop_4004014,33.459
godown_Suryapet,shop_4004015,32.095
godown_Suryapet,shop_4004016,32.276
godown_Suryapet,shop_4004017,32.41
godown_Suryapet,shop_4004018,34.586
godown_Suryapet,shop_4004019,37.33
godown_Suryapet,shop_4004020,35.076
godown_Suryapet,shop_4004021,22.867
godown_Suryapet,shop_4004022,23.172
godown_Suryapet,shop_4004023,24.372
godown_Suryapet,shop_4004024,32.581
godown_Suryapet,shop_4004025,31.026
godown_Suryapet,shop_4004026,35.83
godown_Suryapet,shop_4004027,38.49
godown_Suryapet,shop_4004028,38.866
godown_Suryapet,shop_4004029,37.775
godown_Suryapet,shop_4004030,36.868
godown_Suryapet,shop_4004031,40.967
godown_Suryapet,shop_4004032,31.422
godown_Suryapet,shop_4004033,31.61
godown_Suryapet,shop_4005002,41.163
godown_Suryapet,shop_4005003,41.201
godown_Suryapet,shop_4005004,41.252
godown_Suryapet,shop_4005005,39.966
godown_Suryapet,shop_4005006,39.811
godown_Suryapet,shop_4005007,36.728
godown_Suryapet,shop_4005008,36.595
godown_Suryapet,shop_4005009,36.094
godown_Suryapet,shop_4005010,38.914
godown_Suryapet,shop_4005011,44.742
godown_Suryapet,shop_4005012,44.658
godown_Suryapet,shop_4005013,45.354
godown_Suryapet,shop_4005014,34.807
godown_Suryapet,shop_4005015,34.745
godown_Suryapet,shop_4005016,38.58
godown_Suryapet,shop_4005017,35.645
godown_Suryapet,shop_4005018,36.375
godown_Suryapet,shop_4005019,37.561
godown_Suryapet,shop_4005020,40.301
godown_Suryapet,shop_4005021,39.658
godown_Suryapet,shop_4005022,39.655
godown_Suryapet,shop_4005023,39.754
godown_Suryapet,shop_4005024,39.574
godown_Suryapet,shop_4005025,39.6
godown_Suryapet,shop_4005026,39.452
godown_Suryapet,shop_4005027,39.351
godown_Suryapet,shop_4005028,38.987
godown_Suryapet,shop_4005029,38.491
godown_Suryapet,shop_4005030,39.047
godown_Suryapet,shop_4005031,38.899
godown_Suryapet,shop_4005032,39.456
godown_Suryapet,shop_4005033,39.43
godown_Suryapet,shop_4005034,38.832
godown_Suryapet,shop_4005035,38.831
godown_Suryapet,shop_4005036,38.812
godown_Suryapet,shop_4005037,39.729
godown_Suryapet,shop_4005038,38.579
godown_Suryapet,shop_4005039,38.929
godown_Suryapet,shop_4005040,38.928
godown_Suryapet,shop_4005042,8914.817
godown_Suryapet,shop_4005043,8914.817
godown_Suryapet,shop_4005044,8914.817
godown_Suryapet,shop_4006001,36.221
godown_Suryapet,shop_4006002,36.329
godown_Suryapet,shop_4006003,35.112
godown_Suryapet,shop_4006004,33.744
godown_Suryapet,shop_4006005,33.719
godown_Suryapet,shop_4006006,28.52
godown_Suryapet,shop_4006007,31.253
godown_Suryapet,shop_4006008,31.174
godown_Suryapet,shop_4006009,28.766
godown_Suryapet,shop_4006010,27.486
godown_Suryapet,shop_4006011,35.065
godown_Suryapet,shop_4006012,30.57
godown_Suryapet,shop_4006013,31.412
godown_Suryapet,shop_4006014,31.424
godown_Suryapet,shop_4006015,30.102
godown_Suryapet,shop_4006016,30.43
godown_Suryapet,shop_4007001,26.289
godown_Suryapet,shop_4007002,24.084
godown_Suryapet,shop_4007003,24.131
godown_Suryapet,shop_4007004,23.834
godown_Suryapet,shop_4007005,20.294
godown_Suryapet,shop_4007006,18.316
godown_Suryapet,shop_4007007,15.435
godown_Suryapet,shop_4007008,17.658
godown_Suryapet,shop_4007009,21.279
godown_Suryapet,shop_4007010,19.793
godown_Suryapet,shop_4007011,19.734
godown_Suryapet,shop_4007012,1.874
godown_Suryapet,shop_4007013,24.721
godown_Suryapet,shop_4007014,15.775
godown_Suryapet,shop_4007015,19.614
godown_Suryapet,shop_4007016,17.754
godown_Suryapet,shop_4007017,23.583
godown_Suryapet,shop_4008001,40.293
godown_Suryapet,shop_4008002,40.796
godown_Suryapet,shop_4008003,40.47
godown_Suryapet,shop_4008004,41.037
godown_Suryapet,shop_4008005,41.619
godown_Suryapet,shop_4008006,40.613
godown_Suryapet,shop_4008007,41.299
godown_Suryapet,shop_4008008,40.491
godown_Suryapet,shop_4008009,40.49
godown_Suryapet,shop_4008010,40.301
godown_Suryapet,shop_4008011,40.309
godown_Suryapet,shop_4008012,39.691
godown_Suryapet,shop_4008013,39.775
godown_Suryapet,shop_4008014,39.645
godown_Suryapet,shop_4008015,42.521
godown_Suryapet,shop_4008016,41.627
godown_Suryapet,shop_4008017,39.877
godown_Suryapet,shop_4008018,39.871
godown_Suryapet,shop_4008019,40.301
godown_Suryapet,shop_4008020,42.485
godown_Suryapet,shop_4008021,41.399
godown_Suryapet,shop_4008022,40.411
godown_Suryapet,shop_4008023,39.838
godown_Suryapet,shop_4008024,41.297
godown_Suryapet,shop_4008025,43.222
godown_Suryapet,shop_4008026,43.226
godown_Suryapet,shop_4008027,43.35
godown_Suryapet,shop_4008028,46.568
godown_Suryapet,shop_4008029,46.988
godown_Suryapet,shop_4008030,49.193
godown_Suryapet,shop_4008031,48.35
godown_Suryapet,shop_4008032,49.875
godown_Suryapet,shop_4008033,42.801
godown_Suryapet,shop_4008034,49.191
godown_Suryapet,shop_4008035,51.281
godown_Suryapet,shop_4008036,49.31
godown_Suryapet,shop_4008037,48.956
godown_Suryapet,shop_4008038,48.95
godown_Suryapet,shop_4008039,43.556
godown_Suryapet,shop_4008040,43.019
godown_Suryapet,shop_4008041,43.604
godown_Suryapet,shop_4008042,46.527
godown_Suryapet,shop_4008043,46.732
godown_Suryapet,shop_4008044,47.03
godown_Suryapet,shop_4008045,43.308
godown_Suryapet,shop_4008046,43.992
godown_Suryapet,shop_4008047,46.221
godown_Suryapet,shop_4008048,46.287
godown_Suryapet,shop_4008049,44.615
godown_Suryapet,shop_4008050,41.957
godown_Suryapet,shop_4008051,43.292
godown_Suryapet,shop_4008052,37.749
godown_Suryapet,shop_4008053,37.703
godown_Suryapet,shop_4008055,8914.817
godown_Suryapet,shop_4008057,8914.817
godown_Suryapet,shop_4008058,8914.817
godown_Suryapet,shop_4008059,8914.817
godown_Suryapet,shop_4008060,8914.817
godown_Suryapet,shop_4008061,8914.817
godown_Suryapet,shop_4008062,8914.817
godown_Suryapet,shop_4008063,8914.817
godown_Suryapet,shop_4008064,8914.817
godown_Suryapet,shop_4008065,8914.817
godown_Suryapet,shop_4008066,8914.817
godown_Suryapet,shop_4008068,8914.817
godown_Suryapet,shop_4008069,8914.817
godown_Suryapet,shop_4008070,8914.817
godown_Suryapet,shop_4008071,8914.817
godown_Suryapet,shop_4008072,8914.817
godown_Suryapet,shop_4008073,8914.817
godown_Suryapet,shop_4008074,8914.817
godown_Suryapet,shop_4008075,8914.817
godown_Suryapet,shop_4008076,8914.817
godown_Suryapet,shop_4008077,8914.817
godown_Suryapet,shop_4008078,8914.817
godown_Suryapet,shop_4008079,8914.817
godown_Suryapet,shop_4008080,8914.817
godown_Suryapet,shop_4008081,8914.817
godown_Suryapet,shop_4008082,8914.817
godown_Suryapet,shop_4008083,8914.817
godown_Suryapet,shop_4008084,8914.817
godown_Suryapet,shop_4008085,8914.817
godown_Suryapet,shop_4008086,8914.817
godown_Suryapet,shop_4008087,8914.817
godown_Suryapet,shop_4008089,8914.817
godown_Suryapet,shop_4008090,8914.817
godown_Suryapet,shop_4008091,8914.817
godown_Suryapet,shop_4008092,8914.817
godown_Suryapet,shop_4008093,8914.817
godown_Suryapet,shop_4008094,8914.817
godown_Suryapet,shop_4008095,8914.817
godown_Suryapet,shop_4008096,8914.817
godown_Suryapet,shop_4008097,8914.817
godown_Suryapet,shop_4009001,48.927
godown_Suryapet,shop_4009002,48.623
godown_Suryapet,shop_4009003,48.81
godown_Suryapet,shop_4009004,48.883
godown_Suryapet,shop_4009005,48.815
godown_Suryapet,shop_4009006,45.005
godown_Suryapet,shop_4009007,45.729
godown_Suryapet,shop_4009008,46.128
godown_Suryapet,shop_4009009,44.134
godown_Suryapet,shop_4009010,43.827
godown_Suryapet,shop_4009011,40.807
godown_Suryapet,shop_4009012,41.915
godown_Suryapet,shop_4009013,44.823
godown_Suryapet,shop_4009014,47.707
godown_Suryapet,shop_4009015,47.657
godown_Suryapet,shop_4009016,44.783
godown_Suryapet,shop_4009017,54.48
godown_Suryapet,shop_4009018,54.396
godown_Suryapet,shop_4009019,54.933
godown_Suryapet,shop_4009020,49.228
godown_Suryapet,shop_4009021,49.343
godown_Suryapet,shop_4009022,49.612
godown_Suryapet,shop_4009023,49.318
godown_Suryapet,shop_4009024,51.263
godown_Suryapet,shop_4009025,54.637
godown_Suryapet,shop_4009026,50.578
godown_Suryapet,shop_4009027,45.292
godown_Suryapet,shop_4009028,47.201
godown_Suryapet,shop_4009031,43.833
godown_Suryapet,shop_4009032,43.775
godown_Suryapet,shop_4011001,52.272
godown_Suryapet,shop_4011002,52.365
godown_Suryapet,shop_4011003,52.412
godown_Suryapet,shop_4011004,50.058
godown_Suryapet,shop_4011005,54.312
godown_Suryapet,shop_4011006,54.333
godown_Suryapet,shop_4011007,50.582
godown_Suryapet,shop_4011008,47.499
godown_Suryapet,shop_4011009,47.488
godown_Suryapet,shop_4011010,47.483
godown_Suryapet,shop_4011011,49.249
godown_Suryapet,shop_4011012,49.673
godown_Suryapet,shop_4011013,50.02
godown_Suryapet,shop_4011014,49.309
godown_Suryapet,shop_4011015,49.071
godown_Suryapet,shop_4011016,45.358
godown_Suryapet,shop_4011017,48.885
godown_Suryapet,shop_4011018,47.731
godown_Suryapet,shop_4011019,53.614
godown_Suryapet,shop_4011020,50.228
godown_Suryapet,shop_4011022,8914.817
godown_Suryapet,shop_4011023,8914.817
godown_Suryapet,shop_4011024,8914.817
godown_Suryapet,shop_4011025,8914.817
godown_Suryapet,shop_4011026,8914.817
godown_Suryapet,shop_4011027,8914.817
godown_Suryapet,shop_4011028,8914.817
godown_Suryapet,shop_4011029,8914.817
godown_Suryapet,shop_4011030,8914.817
godown_Suryapet,shop_4011031,8914.817
godown_Suryapet,shop_4012003,19.955
godown_Suryapet,shop_4012004,15.755
godown_Suryapet,shop_4012005,15.7
godown_Suryapet,shop_4012006,16.759
godown_Suryapet,shop_4012007,17.82
godown_Suryapet,shop_4012008,17.827
godown_Suryapet,shop_4012009,17.934
godown_Suryapet,shop_4012010,16.168
godown_Suryapet,shop_4012011,21.234
godown_Suryapet,shop_4012012,25.372
godown_Suryapet,shop_4012013,25.122
godown_Suryapet,shop_4012014,28.981
godown_Suryapet,shop_4012015,27.951
godown_Suryapet,shop_4012016,27.015
godown_Suryapet,shop_4012017,28.586
godown_Suryapet,shop_4012018,29.074
godown_Suryapet,shop_4012019,31.186
godown_Suryapet,shop_4012020,25.082
godown_Suryapet,shop_4012021,23.894
godown_Suryapet,shop_4012022,19.844
godown_Suryapet,shop_4012023,19.391
godown_Suryapet,shop_4012024,22.695
godown_Suryapet,shop_4012025,22.773
godown_Suryapet,shop_4012026,23.385
godown_Suryapet,shop_4012027,26.072
godown_Suryapet,shop_4012028,24.333
godown_Suryapet,shop_4012029,26.313
godown_Suryapet,shop_4012030,26.76
godown_Suryapet,shop_4013001,19.528
godown_Suryapet,shop_4013002,22.801
godown_Suryapet,shop_4013003,20.486
godown_Suryapet,shop_4013004,17.837
godown_Suryapet,shop_4013005,20.813
godown_Suryapet,shop_4013006,18.962
godown_Suryapet,shop_4013007,23.231
godown_Suryapet,shop_4013008,20.676
godown_Suryapet,shop_4013009,21.545
godown_Suryapet,shop_4013010,21.333
godown_Suryapet,shop_4013011,23.583
godown_Suryapet,shop_4013012,25.985
godown_Suryapet,shop_4013013,25.956
godown_Suryapet,shop_4013014,25.845
godown_Suryapet,shop_4013015,25.456
godown_Suryapet,shop_4013016,27.958
godown_Suryapet,shop_4013017,25.994
godown_Suryapet,shop_4013018,25.929
godown_Suryapet,shop_4013019,25.792
godown_Suryapet,shop_4013020,27.936
godown_Suryapet,shop_4013021,34.214
godown_Suryapet,shop_4013022,33.546
godown_Suryapet,shop_4013023,35.575
godown_Suryapet,shop_4013024,31.196
godown_Suryapet,shop_4013025,19.667
godown_Suryapet,shop_4013026,26.058
godown_Suryapet,shop_4013027,27.935
godown_Suryapet,shop_4013028,31
godown_Suryapet,shop_4013029,17.842
godown_Suryapet,shop_4013031,8914.817
godown_Suryapet,shop_4013032,8914.817
godown_Suryapet,shop_4013033,8914.817
godown_Suryapet,shop_4013034,8914.817
godown_Suryapet,shop_4013035,8914.817
godown_Suryapet,shop_4013036,8914.817
godown_Suryapet,shop_4013037,8914.817
godown_Suryapet,shop_4013038,8914.817
godown_Suryapet,shop_4013039,8914.817
godown_Suryapet,shop_4013040,8914.817
godown_Suryapet,shop_4013041,8914.817
godown_Suryapet,shop_4013042,8914.817
godown_Suryapet,shop_4013043,8914.817
godown_Suryapet,shop_4013044,8914.817
godown_Suryapet,shop_4013045,8914.817
godown_Suryapet,shop_4013046,8914.817
godown_Suryapet,shop_4014001,30.657
godown_Suryapet,shop_4014002,30.782
godown_Suryapet,shop_4014003,27.73
godown_Suryapet,shop_4014004,27.731
godown_Suryapet,shop_4014005,28.738
godown_Suryapet,shop_4014006,30.232
godown_Suryapet,shop_4014007,31.241
godown_Suryapet,shop_4014008,26.741
godown_Suryapet,shop_4014009,24.74
godown_Suryapet,shop_4014010,32.627
godown_Suryapet,shop_4014011,26.61
godown_Suryapet,shop_4014012,25.533
godown_Suryapet,shop_4014013,31.427
godown_Suryapet,shop_4014014,33.234
godown_Suryapet,shop_4014015,30.535
godown_Suryapet,shop_4014016,28.722
godown_Suryapet,shop_4014017,32.946
godown_Suryapet,shop_4014018,32.914
godown_Suryapet,shop_4014020,8914.817
godown_Suryapet,shop_4014021,8914.817
godown_Suryapet,shop_4014022,8914.817
godown_Suryapet,shop_4014023,8914.817
godown_Suryapet,shop_4014024,8914.817
godown_Suryapet,shop_4014025,8914.817
godown_Suryapet,shop_4014026,8914.817
godown_Suryapet,shop_4014027,8914.817
godown_Suryapet,shop_4014029,8914.817
godown_Suryapet,shop_4014030,8914.817
godown_Suryapet,shop_4014031,8914.817
godown_Suryapet,shop_4014035,8914.817
godown_Suryapet,shop_4014036,8914.817
godown_Suryapet,shop_4014037,8914.817
godown_Suryapet,shop_4015001,22.622
godown_Suryapet,shop_4015002,29.891
godown_Suryapet,shop_4015003,27.137
godown_Suryapet,shop_4015004,31.446
godown_Suryapet,shop_4015005,20.156
godown_Suryapet,shop_4015006,34.016
godown_Suryapet,shop_4015007,34.796
godown_Suryapet,shop_4015008,24.895
godown_Suryapet,shop_4015009,33.452
godown_Suryapet,shop_4015010,27.545
godown_Suryapet,shop_4015011,23.922
godown_Suryapet,shop_4015012,29.649
godown_Suryapet,shop_4015013,22.337
godown_Suryapet,shop_4015014,22.001
godown_Suryapet,shop_4015015,30.717
godown_Suryapet,shop_4015016,30.286
godown_Suryapet,shop_4015017,30.633
godown_Suryapet,shop_4015018,29.749
godown_Suryapet,shop_4015019,29.235
godown_Suryapet,shop_4015020,24.224
godown_Suryapet,shop_4015021,27.706
godown_Suryapet,shop_4015022,25.846
godown_Suryapet,shop_4015023,24.136
godown_Suryapet,shop_4015024,30.635
godown_Suryapet,shop_4015025,33.768
godown_Suryapet,shop_4015026,26.089
godown_Suryapet,shop_4016001,21.797
godown_Suryapet,shop_4016002,17.311
godown_Suryapet,shop_4016003,17.957
godown_Suryapet,shop_4016004,26.346
godown_Suryapet,shop_4016005,8914.817
godown_Suryapet,shop_4016006,21.87
godown_Suryapet,shop_4016007,27.28
godown_Suryapet,shop_4016008,23.28
godown_Suryapet,shop_4016009,16.316
godown_Suryapet,shop_4016010,27.236
godown_Suryapet,shop_4016011,19.072
godown_Suryapet,shop_4016012,24.394
godown_Suryapet,shop_4016013,28.555
godown_Suryapet,shop_4016014,23.709
godown_Suryapet,shop_4016015,26.798
godown_Suryapet,shop_4016016,22.62
godown_Suryapet,shop_4016017,26.569
godown_Suryapet,shop_4016018,22.739
godown_Suryapet,shop_4017001,15.078
godown_Suryapet,shop_4017002,15.583
godown_Suryapet,shop_4017003,13.316
godown_Suryapet,shop_4017004,13.339
godown_Suryapet,shop_4017005,15.85
godown_Suryapet,shop_4017006,18.732
godown_Suryapet,shop_4017007,17.325
godown_Suryapet,shop_4017008,17.511
godown_Suryapet,shop_4017009,14.187
godown_Suryapet,shop_4017010,10.414
godown_Suryapet,shop_4017011,11.118
godown_Suryapet,shop_4017012,12.521
godown_Suryapet,shop_4017013,13.158
godown_Suryapet,shop_4017014,16.428
godown_Suryapet,shop_4017015,20.306
godown_Suryapet,shop_4017016,22.034
godown_Suryapet,shop_4017017,25.21
godown_Suryapet,shop_4017018,23.737
godown_Suryapet,shop_4017019,20.562
godown_Suryapet,shop_4017020,20.458
godown_Suryapet,shop_4017021,16.519
godown_Suryapet,shop_4017022,21.092
godown_Suryapet,shop_4017023,17.647
godown_Suryapet,shop_4017024,22.078
godown_Suryapet,shop_4017025,18.874
godown_Suryapet,shop_4018001,7.581
godown_Suryapet,shop_4018002,7.583
godown_Suryapet,shop_4018003,6.457
godown_Suryapet,shop_4018004,4.76
godown_Suryapet,shop_4018005,12.571
godown_Suryapet,shop_4018006,10.321
godown_Suryapet,shop_4018007,3.232
godown_Suryapet,shop_4018008,5.391
godown_Suryapet,shop_4018009,7.865
godown_Suryapet,shop_4018010,7.581
godown_Suryapet,shop_4018011,7.119
godown_Suryapet,shop_4018012,7.361
godown_Suryapet,shop_4018013,8.098
godown_Suryapet,shop_4018014,4.492
godown_Suryapet,shop_4018015,10.103
godown_Suryapet,shop_4018016,12.047
godown_Suryapet,shop_4018017,10.101
godown_Suryapet,shop_4018018,14.689
godown_Suryapet,shop_4018019,16.92
godown_Suryapet,shop_4018020,9.066
godown_Suryapet,shop_4018021,6.578
godown_Suryapet,shop_4018022,6.766
godown_Suryapet,shop_4018023,4.365
godown_Suryapet,shop_4018024,5.344
godown_Suryapet,shop_4018025,4.075
godown_Suryapet,shop_4018026,4.234
godown_Suryapet,shop_4018027,6.46
godown_Suryapet,shop_4018028,1.238
godown_Suryapet,shop_4018029,0.872
godown_Suryapet,shop_4018030,1.618
godown_Suryapet,shop_4018031,3.538
godown_Suryapet,shop_4018032,1.195
godown_Suryapet,shop_4018033,1.441
godown_Suryapet,shop_4018034,1.147
godown_Suryapet,shop_4018035,0.612
godown_Suryapet,shop_4018036,1.316
godown_Suryapet,shop_4018037,1.02
godown_Suryapet,shop_4018038,1.959
godown_Suryapet,shop_4018039,1.519
godown_Suryapet,shop_4018040,1.663
godown_Suryapet,shop_4018041,0.704
godown_Suryapet,shop_4018042,1.038
godown_Suryapet,shop_4018043,1.96
godown_Suryapet,shop_4018044,1.147
godown_Suryapet,shop_4018045,2.064
godown_Suryapet,shop_4018046,1.729
godown_Suryapet,shop_4018047,1.847
godown_Suryapet,shop_4018048,1.622
godown_Suryapet,shop_4018049,1.338
godown_Suryapet,shop_4018050,8914.817
godown_Suryapet,shop_4018051,2.266
godown_Suryapet,shop_4018052,2.719
godown_Suryapet,shop_4018053,3.967
godown_Suryapet,shop_4018054,1.579
godown_Suryapet,shop_4018055,0.911
godown_Suryapet,shop_4018056,2.07
godown_Suryapet,shop_4018057,2.978
godown_Suryapet,shop_4018058,0.752
godown_Suryapet,shop_4018059,2.853
godown_Suryapet,shop_4018060,1.078
godown_Suryapet,shop_4018061,2.313
godown_Suryapet,shop_4018063,8914.817
godown_Suryapet,shop_4018064,8914.817
godown_Suryapet,shop_4018065,8914.817
godown_Suryapet,shop_4018066,8914.817
godown_Suryapet,shop_4018067,8914.817
godown_Suryapet,shop_4018068,8914.817
godown_Suryapet,shop_4018069,8914.817
godown_Suryapet,shop_4018070,8914.817
godown_Suryapet,shop_4018071,8914.817
godown_Suryapet,shop_4018072,8914.817
godown_Suryapet,shop_4018074,8914.817
godown_Suryapet,shop_4018075,8914.817
godown_Suryapet,shop_4018076,8914.817
godown_Suryapet,shop_4018077,8914.817
godown_Suryapet,shop_4018079,8914.817
godown_Suryapet,shop_4018080,8914.817
godown_Suryapet,shop_4018081,8914.817
godown_Suryapet,shop_4018082,8914.817
godown_Suryapet,shop_4019001,32.297
godown_Suryapet,shop_4019002,33.737
godown_Suryapet,shop_4019003,30.695
godown_Suryapet,shop_4019004,33.659
godown_Suryapet,shop_4019005,30.721
godown_Suryapet,shop_4019006,27.734
godown_Suryapet,shop_4019007,29.617
godown_Suryapet,shop_4019008,33.306
godown_Suryapet,shop_4019009,27.358
godown_Suryapet,shop_4019010,27.35
godown_Suryapet,shop_4019011,31.488
godown_Suryapet,shop_4019012,31.43
godown_Suryapet,shop_4019013,32.519
godown_Suryapet,shop_4019014,31.159
godown_Suryapet,shop_4019015,26.74
godown_Suryapet,shop_4019016,26.658
godown_Suryapet,shop_4020002,50.156
godown_Suryapet,shop_4020003,42.287
godown_Suryapet,shop_4020004,37.526
godown_Suryapet,shop_4020005,48.634
godown_Suryapet,shop_4020006,45.716
godown_Suryapet,shop_4020007,46.61
godown_Suryapet,shop_4020008,46.992
godown_Suryapet,shop_4020009,44.281
godown_Suryapet,shop_4020010,36.823
godown_Suryapet,shop_4020011,41.707
godown_Suryapet,shop_4020012,43.009
godown_Suryapet,shop_4020013,40.103
godown_Suryapet,shop_4020014,46.325
godown_Suryapet,shop_4020015,51.319
godown_Suryapet,shop_4020016,50.627
godown_Suryapet,shop_4020017,41.078
godown_Suryapet,shop_4020018,42.935
godown_Suryapet,shop_4020019,47.059
godown_Suryapet,shop_4020020,38.687
godown_Suryapet,shop_4020021,43.147
godown_Suryapet,shop_4021001,40.539
godown_Suryapet,shop_4021002,40.65
godown_Suryapet,shop_4021003,40.065
godown_Suryapet,shop_4021004,38.722
godown_Suryapet,shop_4021005,37.922
godown_Suryapet,shop_4021006,38.752
godown_Suryapet,shop_4021007,40.404
godown_Suryapet,shop_4021008,42.668
godown_Suryapet,shop_4021009,44.363
godown_Suryapet,shop_4021010,45.356
godown_Suryapet,shop_4021011,42.028
godown_Suryapet,shop_4021012,47.673
godown_Suryapet,shop_4021013,47.107
godown_Suryapet,shop_4021014,50.16
godown_Suryapet,shop_4021015,37.883
godown_Suryapet,shop_4021016,34.886
godown_Suryapet,shop_4021017,34.581
godown_Suryapet,shop_4021018,36.18
godown_Suryapet,shop_4021019,36.09
godown_Suryapet,shop_4021020,39.596
godown_Suryapet,shop_4021021,38.114
godown_Suryapet,shop_4021022,38.112
godown_Suryapet,shop_4021023,35.982
godown_Suryapet,shop_4021025,8914.817
godown_Suryapet,shop_4021026,8914.817
godown_Suryapet,shop_4021027,8914.817
godown_Suryapet,shop_4021028,8914.817
godown_Suryapet,shop_4021029,8914.817
godown_Suryapet,shop_4021030,8914.817
godown_Suryapet,shop_4021031,8914.817
godown_Suryapet,shop_4021032,8914.817
godown_Suryapet,shop_4021033,8914.817
godown_Suryapet,shop_4021034,8914.817
godown_Suryapet,shop_4021035,8914.817
godown_Suryapet,shop_4021036,8914.817
godown_Suryapet,shop_4021037,8914.817
godown_Suryapet,shop_4022001,43.713
godown_Suryapet,shop_4022002,64.539
godown_Suryapet,shop_4022003,64.065
godown_Suryapet,shop_4022004,63.505
godown_Suryapet,shop_4022005,60.966
godown_Suryapet,shop_4022006,63.341
godown_Suryapet,shop_4022007,62.819
godown_Suryapet,shop_4022008,59.635
godown_Suryapet,shop_4022009,58.026
godown_Suryapet,shop_4022010,58.668
godown_Suryapet,shop_4022011,58.227
godown_Suryapet,shop_4022012,58.759
godown_Suryapet,shop_4022013,58.329
godown_Suryapet,shop_4022014,57.638
godown_Suryapet,shop_4022015,57.603
godown_Suryapet,shop_4022016,57.404
godown_Suryapet,shop_4022017,57.408
godown_Suryapet,shop_4022018,57.439
godown_Suryapet,shop_4022019,61.094
godown_Suryapet,shop_4022020,49.183
godown_Suryapet,shop_4022021,61.48
godown_Suryapet,shop_4022023,8914.817
godown_Suryapet,shop_4023001,40.854
godown_Suryapet,shop_4023002,40.901
godown_Suryapet,shop_4023003,40.048
godown_Suryapet,shop_4023004,41.555
godown_Suryapet,shop_4023005,44.68
godown_Suryapet,shop_4023006,44.608
godown_Suryapet,shop_4023007,39.599
godown_Suryapet,shop_4023008,41.345
godown_Suryapet,shop_4023009,44.058
godown_Suryapet,shop_4023010,40.702
godown_Suryapet,shop_4023011,40.409
godown_Suryapet,shop_4023012,38.068
godown_Suryapet,shop_4023013,36.732
godown_Suryapet,shop_4023014,37.838
godown_Suryapet,shop_4023015,37.298
godown_Suryapet,shop_4023016,37.721
godown_Suryapet,shop_4023017,35.386
godown_Suryapet,shop_4023018,40.479
godown_Suryapet,shop_4023019,37.972
godown_Suryapet,shop_4023020,40.908
godown_Suryapet,shop_4024001,29.544
godown_Suryapet,shop_4024002,8914.817
godown_Suryapet,shop_4024003,36.895
godown_Suryapet,shop_4024004,33.395
godown_Suryapet,shop_4024005,32.872
godown_Suryapet,shop_4024006,32.391
godown_Suryapet,shop_4024007,33.044
godown_Suryapet,shop_4024008,38.15
godown_Suryapet,shop_4024009,37.98
godown_Suryapet,shop_4024010,30.623
godown_Suryapet,shop_4024011,27.664
godown_Suryapet,shop_4024012,25.485
godown_Suryapet,shop_4024013,25.54
godown_Suryapet,shop_4024014,25.661
godown_Suryapet,shop_4024015,25.327
godown_Suryapet,shop_4024016,22.631
godown_Suryapet,shop_4024017,35.828
godown_Suryapet,shop_4024018,28.425
godown_Vikarabad,shop_4101001,30.362
godown_Vikarabad,shop_4101002,31.574
godown_Vikarabad,shop_4101003,28.206
godown_Vikarabad,shop_4101004,23.789
godown_Vikarabad,shop_4101005,20.774
godown_Vikarabad,shop_4101006,21.667
godown_Vikarabad,shop_4101007,21.673
godown_Vikarabad,shop_4101008,21.051
godown_Vikarabad,shop_4101009,24.478
godown_Vikarabad,shop_4101010,24.237
godown_Vikarabad,shop_4101014,20.541
godown_Vikarabad,shop_4101024,23.797
godown_Vikarabad,shop_4102001,25.75
godown_Vikarabad,shop_4102002,25.461
godown_Vikarabad,shop_4102003,25.397
godown_Vikarabad,shop_4102004,23.35
godown_Vikarabad,shop_4102005,18.255
godown_Vikarabad,shop_4102006,20.544
godown_Vikarabad,shop_4102007,17.525
godown_Vikarabad,shop_4102008,18.818
godown_Vikarabad,shop_4102009,18.861
godown_Vikarabad,shop_4102010,21.489
godown_Vikarabad,shop_4102011,21.547
godown_Vikarabad,shop_4102012,24.293
godown_Vikarabad,shop_4102013,21.84
godown_Vikarabad,shop_4102014,24.081
godown_Vikarabad,shop_4102015,25.721
godown_Vikarabad,shop_4102016,25.204
godown_Vikarabad,shop_4102017,15.659
godown_Vikarabad,shop_4102018,14.152
godown_Vikarabad,shop_4102019,17.795
godown_Vikarabad,shop_4102020,19.348
godown_Vikarabad,shop_4102021,17.292
godown_Vikarabad,shop_4102022,18.261
godown_Vikarabad,shop_4102023,20.324
godown_Vikarabad,shop_4102024,17.639
godown_Vikarabad,shop_4102025,15.659
godown_Vikarabad,shop_4102026,20.493
godown_Vikarabad,shop_4102027,20.529
godown_Vikarabad,shop_4102028,20.582
godown_Vikarabad,shop_4102029,21.777
godown_Vikarabad,shop_4103001,34.551
godown_Vikarabad,shop_4103002,34.539
godown_Vikarabad,shop_4103003,35.483
godown_Vikarabad,shop_4103004,35.968
godown_Vikarabad,shop_4103005,38.094
godown_Vikarabad,shop_4103006,38.379
godown_Vikarabad,shop_4103007,37.688
godown_Vikarabad,shop_4103008,41.882
godown_Vikarabad,shop_4103009,40.029
godown_Vikarabad,shop_4103010,40.336
godown_Vikarabad,shop_4103011,35.687
godown_Vikarabad,shop_4103012,35.567
godown_Vikarabad,shop_4103013,32.962
godown_Vikarabad,shop_4103014,32.756
godown_Vikarabad,shop_4103015,35.631
godown_Vikarabad,shop_4103016,30.041
godown_Vikarabad,shop_4103017,30.22
godown_Vikarabad,shop_4103018,27.415
godown_Vikarabad,shop_4103023,41.992
godown_Vikarabad,shop_4103026,39.181
godown_Vikarabad,shop_4103027,40.69
godown_Vikarabad,shop_4103028,39.509
godown_Vikarabad,shop_4103029,37.634
godown_Vikarabad,shop_4103030,37.32
godown_Vikarabad,shop_4103031,37.611
godown_Vikarabad,shop_4103032,40.522
godown_Vikarabad,shop_4103033,43.295
godown_Vikarabad,shop_4103034,34.996
godown_Vikarabad,shop_4103035,31.88
godown_Vikarabad,shop_4103036,33.718
godown_Vikarabad,shop_4104001,12.371
godown_Vikarabad,shop_4104002,12.386
godown_Vikarabad,shop_4104003,15.214
godown_Vikarabad,shop_4104004,11.794
godown_Vikarabad,shop_4104005,12.81
godown_Vikarabad,shop_4104006,14.422
godown_Vikarabad,shop_4104007,14.776
godown_Vikarabad,shop_4104008,13.987
godown_Vikarabad,shop_4104009,12.901
godown_Vikarabad,shop_4104010,10.796
godown_Vikarabad,shop_4104011,8.021
godown_Vikarabad,shop_4104012,8.016
godown_Vikarabad,shop_4104013,6.369
godown_Vikarabad,shop_4104014,7.317
godown_Vikarabad,shop_4104015,12.538
godown_Vikarabad,shop_4104016,13.369
godown_Vikarabad,shop_4104017,8.902
godown_Vikarabad,shop_4104018,10.131
godown_Vikarabad,shop_4104019,11.246
godown_Vikarabad,shop_4104020,14.607
godown_Vikarabad,shop_4104021,13.366
godown_Vikarabad,shop_4104022,17.125
godown_Vikarabad,shop_4104023,16.584
godown_Vikarabad,shop_4104024,19.309
godown_Vikarabad,shop_4104025,13.521
godown_Vikarabad,shop_4104026,16.421
godown_Vikarabad,shop_4104027,18.753
godown_Vikarabad,shop_4104028,20.398
godown_Vikarabad,shop_4104029,16.694
godown_Vikarabad,shop_4104030,10.792
godown_Vikarabad,shop_4104031,8.16
godown_Vikarabad,shop_4104032,13.157
godown_Vikarabad,shop_4104033,18.775
godown_Vikarabad,shop_4105001,13.149
godown_Vikarabad,shop_4105002,15.469
godown_Vikarabad,shop_4105003,16.324
godown_Vikarabad,shop_4105004,7.793
godown_Vikarabad,shop_4105005,7.805
godown_Vikarabad,shop_4105006,8.725
godown_Vikarabad,shop_4105008,7.802
godown_Vikarabad,shop_4105010,11.203
godown_Vikarabad,shop_4105011,12.327
godown_Vikarabad,shop_4105012,11.666
godown_Vikarabad,shop_4105013,13.941
godown_Vikarabad,shop_4105014,18.809
godown_Vikarabad,shop_4105015,15.05
godown_Vikarabad,shop_4105016,16.54
godown_Vikarabad,shop_4105017,19.033
godown_Vikarabad,shop_4105018,14.185
godown_Vikarabad,shop_4105019,12.784
godown_Vikarabad,shop_4105020,14.999
godown_Vikarabad,shop_4105021,14.806
godown_Vikarabad,shop_4105022,15.903
godown_Vikarabad,shop_4105023,18.602
godown_Vikarabad,shop_4105024,18.432
godown_Vikarabad,shop_4105028,12.79
godown_Vikarabad,shop_4105029,11.629
godown_Vikarabad,shop_4105030,10.293
godown_Vikarabad,shop_4105031,11.324
godown_Vikarabad,shop_4105032,10.292
godown_Vikarabad,shop_4105033,13.226
godown_Vikarabad,shop_4105034,18.809
godown_Vikarabad,shop_4105035,12.85
godown_Vikarabad,shop_4105036,8.083
godown_Vikarabad,shop_4106001,28.464
godown_Vikarabad,shop_4106002,29.798
godown_Vikarabad,shop_4106003,23.083
godown_Vikarabad,shop_4106004,28.314
godown_Vikarabad,shop_4106005,24.22
godown_Vikarabad,shop_4106006,25.754
godown_Vikarabad,shop_4106007,26.063
godown_Vikarabad,shop_4106008,24.294
godown_Vikarabad,shop_4106009,24.388
godown_Vikarabad,shop_4106010,24.923
godown_Vikarabad,shop_4106011,27.355
godown_Vikarabad,shop_4106012,25.897
godown_Vikarabad,shop_4106013,36.642
godown_Vikarabad,shop_4106014,36.641
godown_Vikarabad,shop_4106015,37.133
godown_Vikarabad,shop_4106016,31.611
godown_Vikarabad,shop_4106017,31.611
godown_Vikarabad,shop_4106018,30.953
godown_Vikarabad,shop_4106019,30.966
godown_Vikarabad,shop_4106020,24.731
godown_Vikarabad,shop_4106021,27.221
godown_Vikarabad,shop_4106022,25.668
godown_Vikarabad,shop_4106023,30.879
godown_Vikarabad,shop_4106024,30.839
godown_Vikarabad,shop_4106025,33.806
godown_Vikarabad,shop_4106026,33.894
godown_Vikarabad,shop_4106027,31.512
godown_Vikarabad,shop_4106028,29.648
godown_Vikarabad,shop_4106030,27.263
godown_Vikarabad,shop_4106031,28.886
godown_Vikarabad,shop_4106032,28.304
godown_Vikarabad,shop_4106033,29.63
godown_Vikarabad,shop_4106034,25.45
godown_Vikarabad,shop_4106036,28.386
godown_Vikarabad,shop_4107001,13.707
godown_Vikarabad,shop_4107002,15.405
godown_Vikarabad,shop_4107003,16.816
godown_Vikarabad,shop_4107004,17.838
godown_Vikarabad,shop_4107005,22.574
godown_Vikarabad,shop_4107006,21.137
godown_Vikarabad,shop_4107007,24.157
godown_Vikarabad,shop_4107008,24.981
godown_Vikarabad,shop_4107009,24.129
godown_Vikarabad,shop_4107010,21.98
godown_Vikarabad,shop_4107011,22.322
godown_Vikarabad,shop_4107012,18.723
godown_Vikarabad,shop_4107013,24.751
godown_Vikarabad,shop_4107014,21.222
godown_Vikarabad,shop_4107015,21.796
godown_Vikarabad,shop_4107016,18.72
godown_Vikarabad,shop_4107017,17.444
godown_Vikarabad,shop_4107018,17.452
godown_Vikarabad,shop_4107019,17.774
godown_Vikarabad,shop_4107020,17.894
godown_Vikarabad,shop_4107021,17.798
godown_Vikarabad,shop_4107022,17.749
godown_Vikarabad,shop_4107023,19.162
godown_Vikarabad,shop_4107024,14.134
godown_Vikarabad,shop_4107025,19.537
godown_Vikarabad,shop_4107026,16.183
godown_Vikarabad,shop_4107027,17.946
godown_Vikarabad,shop_4107028,22.408
godown_Vikarabad,shop_4107029,20.019
godown_Vikarabad,shop_4107030,22.75
godown_Vikarabad,shop_4107031,21.77
godown_Vikarabad,shop_4107032,19.173
godown_Vikarabad,shop_4107033,21.62
godown_Vikarabad,shop_4107034,17.366
godown_Vikarabad,shop_4107035,17.624
godown_Vikarabad,shop_4107036,16.14
godown_Vikarabad,shop_4107037,15.857
godown_Vikarabad,shop_4107038,12.342
godown_Vikarabad,shop_4107039,12.325
godown_Vikarabad,shop_4107040,12.214
godown_Vikarabad,shop_4107041,14.968
godown_Vikarabad,shop_4107042,22.879
godown_Vikarabad,shop_4107043,18.905
godown_Vikarabad,shop_4107044,17.401
godown_Vikarabad,shop_4107045,19.018
godown_Vikarabad,shop_4108001,9.81
godown_Vikarabad,shop_4108002,9.734
godown_Vikarabad,shop_4108003,12.644
godown_Vikarabad,shop_4108004,11.463
godown_Vikarabad,shop_4108005,9.62
godown_Vikarabad,shop_4108006,10.421
godown_Vikarabad,shop_4108007,9.269
godown_Vikarabad,shop_4108008,8.217
godown_Vikarabad,shop_4108009,14.691
godown_Vikarabad,shop_4108010,13.857
godown_Vikarabad,shop_4108011,13.547
godown_Vikarabad,shop_4108012,16.04
godown_Vikarabad,shop_4108013,18.655
godown_Vikarabad,shop_4108014,13.168
godown_Vikarabad,shop_4108015,17.505
godown_Vikarabad,shop_4108016,16.384
godown_Vikarabad,shop_4108017,14.481
godown_Vikarabad,shop_4108018,18.724
godown_Vikarabad,shop_4108019,19.253
godown_Vikarabad,shop_4108020,12.129
godown_Vikarabad,shop_4108021,11.459
godown_Vikarabad,shop_4108022,12.312
godown_Vikarabad,shop_4108023,13.294
godown_Vikarabad,shop_4108024,15.566
godown_Vikarabad,shop_4108025,18.733
godown_Vikarabad,shop_4108026,20.724
godown_Vikarabad,shop_4108027,15.231
godown_Vikarabad,shop_4108028,22.09
godown_Vikarabad,shop_4108029,22.094
godown_Vikarabad,shop_4108030,21.701
godown_Vikarabad,shop_4108031,18.938
godown_Vikarabad,shop_4108033,20.484
godown_Vikarabad,shop_4108034,15.792
godown_Vikarabad,shop_4108035,18.725
godown_Vikarabad,shop_4109001,32.891
godown_Vikarabad,shop_4109004,25.003
godown_Vikarabad,shop_4109005,22.947
godown_Vikarabad,shop_4109007,24.239
godown_Vikarabad,shop_4109008,22.238
godown_Vikarabad,shop_4109009,27.84
godown_Vikarabad,shop_4109010,27.162
godown_Vikarabad,shop_4109011,27.154
godown_Vikarabad,shop_4109012,22.042
godown_Vikarabad,shop_4109013,26.65
godown_Vikarabad,shop_4109014,26.65
godown_Vikarabad,shop_4109015,25.533
godown_Vikarabad,shop_4109016,20.828
godown_Vikarabad,shop_4109017,20.117
godown_Vikarabad,shop_4109018,32.959
godown_Vikarabad,shop_4109019,35.245
godown_Vikarabad,shop_4109020,30.339
godown_Vikarabad,shop_4109021,30.264
godown_Vikarabad,shop_4109022,22.154
godown_Vikarabad,shop_4109023,22.024
godown_Vikarabad,shop_4109024,21.44
godown_Vikarabad,shop_4109025,25.089
godown_Vikarabad,shop_4109026,27.83
godown_Vikarabad,shop_4109027,27.695
godown_Vikarabad,shop_4109028,27.599
godown_Vikarabad,shop_4109029,28.601
godown_Vikarabad,shop_4109030,30.027
godown_Vikarabad,shop_4109031,30.836
godown_Vikarabad,shop_4109032,30.012
godown_Vikarabad,shop_4109033,26.404
godown_Vikarabad,shop_4109034,30.752
godown_Vikarabad,shop_4109035,33.158
godown_Vikarabad,shop_4109037,26.646
godown_Vikarabad,shop_4109038,24.42
godown_Vikarabad,shop_4109039,22.193
godown_Vikarabad,shop_4110001,54.849
godown_Vikarabad,shop_4110002,53.116
godown_Vikarabad,shop_4110003,53.315
godown_Vikarabad,shop_4110004,49.338
godown_Vikarabad,shop_4110005,49.8
godown_Vikarabad,shop_4110006,49.462
godown_Vikarabad,shop_4110007,51.916
godown_Vikarabad,shop_4110008,53.811
godown_Vikarabad,shop_4110009,51.284
godown_Vikarabad,shop_4110010,55.992
godown_Vikarabad,shop_4110011,57.215
godown_Vikarabad,shop_4110012,56.813
godown_Vikarabad,shop_4110013,47.265
godown_Vikarabad,shop_4110014,50.334
godown_Vikarabad,shop_4110015,51.33
godown_Vikarabad,shop_4110016,42.964
godown_Vikarabad,shop_4110017,56.18
godown_Vikarabad,shop_4110018,42.598
godown_Vikarabad,shop_4110019,43.116
godown_Vikarabad,shop_4110020,44.224
godown_Vikarabad,shop_4110021,43.137
godown_Vikarabad,shop_4110022,44.959
godown_Vikarabad,shop_4110023,45.911
godown_Vikarabad,shop_4110024,49.112
godown_Vikarabad,shop_4110025,47.689
godown_Vikarabad,shop_4110026,49.03
godown_Vikarabad,shop_4110027,50.743
godown_Vikarabad,shop_4110028,50.208
godown_Vikarabad,shop_4110029,51.261
godown_Vikarabad,shop_4110030,51.964
godown_Vikarabad,shop_4110031,51.69
godown_Vikarabad,shop_4110032,51.972
godown_Vikarabad,shop_4110033,55.861
godown_Vikarabad,shop_4110034,56.952
godown_Vikarabad,shop_4110035,47.209
godown_Vikarabad,shop_4110036,47.918
godown_Vikarabad,shop_4111001,7.68
godown_Vikarabad,shop_4111002,5.696
godown_Vikarabad,shop_4111003,7.78
godown_Vikarabad,shop_4111004,8.957
godown_Vikarabad,shop_4111005,7.132
godown_Vikarabad,shop_4111014,11.542
godown_Vikarabad,shop_4111015,9.962
godown_Vikarabad,shop_4111016,5.525
godown_Vikarabad,shop_4111017,7.124
godown_Vikarabad,shop_4111018,6.269
godown_Vikarabad,shop_4111019,11.058
godown_Vikarabad,shop_4111020,9.056
godown_Vikarabad,shop_4111021,5.81
godown_Vikarabad,shop_4111022,11.084
godown_Vikarabad,shop_4111023,3.119
godown_Vikarabad,shop_4111024,0.723
godown_Vikarabad,shop_4111025,10.449
godown_Vikarabad,shop_4111026,7.849
godown_Vikarabad,shop_4111027,8.274
godown_Vikarabad,shop_4111028,3.936
godown_Vikarabad,shop_4111029,6.056
godown_Vikarabad,shop_4111030,5.735
godown_Vikarabad,shop_4111031,6.724
godown_Vikarabad,shop_4111032,9.816
godown_Vikarabad,shop_4111033,11.131
godown_Vikarabad,shop_4111034,6.27
godown_Vikarabad,shop_4111036,5.916
godown_Vikarabad,shop_4111037,2.034
godown_Vikarabad,shop_4111038,5.417
godown_Vikarabad,shop_4111039,2.892
godown_Vikarabad,shop_4111040,1.96
godown_Vikarabad,shop_4111041,0.833
godown_Vikarabad,shop_4111042,1.424
godown_Vikarabad,shop_4111043,0.62
godown_Vikarabad,shop_4111044,0.696
godown_Vikarabad,shop_4111045,1.459
godown_Vikarabad,shop_4111046,4.664
godown_Vikarabad,shop_4111047,1.872
godown_Vikarabad,shop_4111048,0.879
godown_Vikarabad,shop_4111049,0.904
godown_Vikarabad,shop_4111050,0.808
godown_Vikarabad,shop_4111051,0.575
godown_Vikarabad,shop_4111052,2.164
godown_Vikarabad,shop_4111053,0.559
godown_Vikarabad,shop_4111054,1.421
godown_Vikarabad,shop_4111055,4.152
godown_Vikarabad,shop_4111056,2.015
godown_Vikarabad,shop_4111057,1.529
godown_Vikarabad,shop_4111058,3.043
godown_Vikarabad,shop_4112001,25.194
godown_Vikarabad,shop_4112002,25.265
godown_Vikarabad,shop_4112003,30.65
godown_Vikarabad,shop_4112004,22.145
godown_Vikarabad,shop_4112005,32.024
godown_Vikarabad,shop_4112006,28.34
godown_Vikarabad,shop_4112007,31.392
godown_Vikarabad,shop_4112008,29.718
godown_Vikarabad,shop_4112009,34.114
godown_Vikarabad,shop_4112010,30.767
godown_Vikarabad,shop_4112011,29.356
godown_Vikarabad,shop_4112012,34.793
godown_Vikarabad,shop_4112013,32.37
godown_Vikarabad,shop_4112014,35.064
godown_Vikarabad,shop_4112015,29.783
godown_Vikarabad,shop_4112016,27.097
godown_Vikarabad,shop_4112017,24.473
godown_Vikarabad,shop_4112018,18.296
godown_Vikarabad,shop_4112019,21.111
godown_Vikarabad,shop_4112020,25.444
godown_Vikarabad,shop_4112021,37.946
godown_Vikarabad,shop_4112022,38.23
godown_Vikarabad,shop_4112023,40.748
godown_Vikarabad,shop_4112024,36.037
godown_Vikarabad,shop_4112025,36.021
godown_Vikarabad,shop_4112026,33.605
godown_Vikarabad,shop_4112027,36.813
godown_Vikarabad,shop_4112028,36.893
godown_Vikarabad,shop_4112029,26.564
godown_Vikarabad,shop_4113001,37.262
godown_Vikarabad,shop_4113003,40.842
godown_Vikarabad,shop_4113004,40.72
godown_Vikarabad,shop_4113005,37.105
godown_Vikarabad,shop_4113006,36.119
godown_Vikarabad,shop_4113007,40.639
godown_Vikarabad,shop_4113008,40.532
godown_Vikarabad,shop_4113009,40.634
godown_Vikarabad,shop_4113010,23.021
godown_Vikarabad,shop_4113011,38.458
godown_Vikarabad,shop_4113012,36.15
godown_Vikarabad,shop_4113013,36.78
godown_Vikarabad,shop_4113014,33.9
godown_Vikarabad,shop_4113015,33.983
godown_Vikarabad,shop_4113016,33.888
godown_Vikarabad,shop_4113017,30.462
godown_Vikarabad,shop_4113018,30.335
godown_Vikarabad,shop_4113019,28.945
godown_Vikarabad,shop_4113020,32.173
godown_Vikarabad,shop_4113021,31.8
godown_Vikarabad,shop_4113022,31.503
godown_Vikarabad,shop_4113023,28.039
godown_Vikarabad,shop_4113024,26.255
godown_Vikarabad,shop_4113025,23.163
godown_Vikarabad,shop_4113026,24.625
godown_Vikarabad,shop_4113027,22.855
godown_Vikarabad,shop_4113028,23.842
godown_Vikarabad,shop_4113029,23.683
godown_Vikarabad,shop_4113030,24.469
godown_Vikarabad,shop_4113031,19.937
godown_Vikarabad,shop_4113032,34.004
godown_Vikarabad,shop_4113033,28.001
godown_Vikarabad,shop_4113034,29.774
godown_Vikarabad,shop_4113035,26.638
godown_Vikarabad,shop_4113036,24.492
godown_Vikarabad,shop_4113037,31.084
godown_Vikarabad,shop_4114001,38.293
godown_Vikarabad,shop_4114002,38.293
godown_Vikarabad,shop_4114003,38.382
godown_Vikarabad,shop_4114004,38.26
godown_Vikarabad,shop_4114005,38.179
godown_Vikarabad,shop_4114006,38.088
godown_Vikarabad,shop_4114007,38.494
godown_Vikarabad,shop_4114008,43.181
godown_Vikarabad,shop_4114009,39.561
godown_Vikarabad,shop_4114010,43.721
godown_Vikarabad,shop_4114011,44.06
godown_Vikarabad,shop_4114012,41.836
godown_Vikarabad,shop_4114013,37.376
godown_Vikarabad,shop_4114014,38.423
godown_Vikarabad,shop_4114015,45.843
godown_Vikarabad,shop_4114016,48.16
godown_Vikarabad,shop_4114017,47.012
godown_Vikarabad,shop_4114018,47.335
godown_Vikarabad,shop_4114019,45.138
godown_Vikarabad,shop_4114020,50.776
godown_Vikarabad,shop_4114021,52.729
godown_Vikarabad,shop_4114022,51.435
godown_Vikarabad,shop_4114023,40.859
godown_Vikarabad,shop_4114024,40.404
godown_Vikarabad,shop_4114025,46.997
godown_Vikarabad,shop_4114026,47.121
godown_Vikarabad,shop_4114027,47.442
godown_Vikarabad,shop_4114028,44.538
godown_Vikarabad,shop_4114029,38.09
godown_Vikarabad,shop_4114030,46.956
godown_Vikarabad,shop_4114031,50.999
godown_Vikarabad,shop_4115001,38.53
godown_Vikarabad,shop_4115002,34.939
godown_Vikarabad,shop_4115003,31.452
godown_Vikarabad,shop_4115004,36.201
godown_Vikarabad,shop_4115005,31.261
godown_Vikarabad,shop_4115006,29.711
godown_Vikarabad,shop_4115007,30.289
godown_Vikarabad,shop_4115008,31.128
godown_Vikarabad,shop_4115009,30.124
godown_Vikarabad,shop_4115010,32.598
godown_Vikarabad,shop_4115011,22.069
godown_Vikarabad,shop_4115012,23.691
godown_Vikarabad,shop_4115013,25.409
godown_Vikarabad,shop_4115014,25.165
godown_Vikarabad,shop_4115015,26.507
godown_Vikarabad,shop_4115016,27.577
godown_Vikarabad,shop_4115017,27.322
godown_Vikarabad,shop_4115018,28.154
godown_Vikarabad,shop_4115019,27.005
godown_Vikarabad,shop_4115020,24.972
godown_Vikarabad,shop_4115021,24.949
godown_Vikarabad,shop_4115022,28.634
godown_Vikarabad,shop_4115023,19.704
godown_Vikarabad,shop_4115024,23.742
godown_Vikarabad,shop_4115025,22.174
godown_Vikarabad,shop_4115026,23.632
godown_Vikarabad,shop_4115027,22.221
godown_Vikarabad,shop_4115028,20.531
godown_Vikarabad,shop_4115029,25.899
godown_Vikarabad,shop_4116001,39.69
godown_Vikarabad,shop_4116002,39.219
godown_Vikarabad,shop_4116003,40.415
godown_Vikarabad,shop_4116004,27.386
godown_Vikarabad,shop_4116005,29.514
godown_Vikarabad,shop_4116006,32.431
godown_Vikarabad,shop_4116007,35.213
godown_Vikarabad,shop_4116008,34.823
godown_Vikarabad,shop_4116011,37.131
godown_Vikarabad,shop_4116012,37.135
godown_Vikarabad,shop_4116013,39.199
godown_Vikarabad,shop_4116014,45.43
godown_Vikarabad,shop_4116015,47.475
godown_Vikarabad,shop_4116016,40.406
godown_Vikarabad,shop_4116017,43.998
godown_Vikarabad,shop_4116018,42.056
godown_Vikarabad,shop_4116019,40.451
godown_Vikarabad,shop_4116020,42.586
godown_Vikarabad,shop_4116021,42.171
godown_Vikarabad,shop_4116022,41.841
godown_Vikarabad,shop_4116023,42.836
godown_Vikarabad,shop_4116024,39.764
godown_Vikarabad,shop_4116025,38.811
godown_Vikarabad,shop_4116026,42.704
godown_Vikarabad,shop_4116027,46.723
godown_Vikarabad,shop_4116028,37.749
godown_Vikarabad,shop_4116029,39.5
godown_Vikarabad,shop_4116030,34.077
godown_Vikarabad,shop_4116031,34.262
godown_Vikarabad,shop_4116032,34.454
godown_Vikarabad,shop_4116033,34.563
godown_Vikarabad,shop_4116034,34.232
godown_Vikarabad,shop_4116035,35.365
godown_Vikarabad,shop_4116036,35.543
godown_Vikarabad,shop_4116037,34.888
godown_Vikarabad,shop_4116038,34.843
godown_Vikarabad,shop_4116039,35.678
godown_Vikarabad,shop_4116040,36.687
godown_Vikarabad,shop_4116041,34.966
godown_Vikarabad,shop_4116042,33.861
godown_Vikarabad,shop_4116043,34.485
godown_Vikarabad,shop_4116044,34.722
godown_Vikarabad,shop_4116045,35.484
godown_Vikarabad,shop_4116046,34.363
godown_Vikarabad,shop_4116047,34.319
godown_Vikarabad,shop_4116048,33.836
godown_Vikarabad,shop_4116049,34.968
godown_Vikarabad,shop_4116050,34.803
godown_Vikarabad,shop_4117018,17.14
godown_Vikarabad,shop_4117019,18.651
godown_Vikarabad,shop_4117020,14.758
godown_Vikarabad,shop_4117021,17.155
godown_Vikarabad,shop_4117022,15.176
godown_Vikarabad,shop_4117023,13.863
godown_Vikarabad,shop_4117024,11.626
godown_Vikarabad,shop_4117025,16.66
godown_Vikarabad,shop_4117026,18.821
godown_Vikarabad,shop_4117027,14.842
godown_Vikarabad,shop_4117028,14.404
godown_Vikarabad,shop_4117029,14.788
godown_Vikarabad,shop_4117030,17.154
godown_Vikarabad,shop_4117031,22.866
godown_Vikarabad,shop_4117032,21.793
godown_Vikarabad,shop_4117033,17.65
godown_Vikarabad,shop_4117034,17.571
godown_Vikarabad,shop_4118001,59.714
godown_Vikarabad,shop_4118002,55.53
godown_Vikarabad,shop_4118003,57.22
godown_Vikarabad,shop_4118004,58.109
godown_Vikarabad,shop_4118005,50.612
godown_Vikarabad,shop_4118006,50.697
godown_Vikarabad,shop_4118007,50.449
godown_Vikarabad,shop_4118008,53.269
godown_Vikarabad,shop_4118009,57.508
godown_Vikarabad,shop_4118010,53.359
godown_Vikarabad,shop_4118011,50.137
godown_Vikarabad,shop_4118012,57.401
godown_Vikarabad,shop_4118013,54.512
godown_Vikarabad,shop_4118014,54.612
godown_Vikarabad,shop_4118015,45.853
godown_Vikarabad,shop_4118016,44.43
godown_Vikarabad,shop_4118017,49.882
godown_Vikarabad,shop_4118018,47.514
godown_Vikarabad,shop_4118019,59.343
godown_Vikarabad,shop_4118020,46.855
godown_Vikarabad,shop_4118021,56.434
godown_Vikarabad,shop_4118022,56.032
godown_Vikarabad,shop_4118023,59.063
godown_Vikarabad,shop_4118024,46.885
godown_Vikarabad,shop_4118025,47.553
godown_Vikarabad,shop_4118026,52.826
godown_Vikarabad,shop_4118027,50.611
godown_Vikarabad,shop_4118028,45.608
godown_Vikarabad,shop_4118029,48.38
godown_Vikarabad,shop_4118030,46.72
godown_Wanaparthy,shop_4201001,31.305
godown_Wanaparthy,shop_4201002,31.182
godown_Wanaparthy,shop_4201003,31.142
godown_Wanaparthy,shop_4201004,31.194
godown_Wanaparthy,shop_4201005,31.189
godown_Wanaparthy,shop_4201006,30.989
godown_Wanaparthy,shop_4201007,31.147
godown_Wanaparthy,shop_4201008,36.748
godown_Wanaparthy,shop_4201009,32.545
godown_Wanaparthy,shop_4201010,33.31
godown_Wanaparthy,shop_4201011,34.342
godown_Wanaparthy,shop_4201012,30.645
godown_Wanaparthy,shop_4201013,37.925
godown_Wanaparthy,shop_4201014,38.037
godown_Wanaparthy,shop_4201015,37.729
godown_Wanaparthy,shop_4201016,36.492
godown_Wanaparthy,shop_4201017,37.431
godown_Wanaparthy,shop_4201018,41.158
godown_Wanaparthy,shop_4201019,39.805
godown_Wanaparthy,shop_4202001,27.694
godown_Wanaparthy,shop_4202002,27.789
godown_Wanaparthy,shop_4202003,28.32
godown_Wanaparthy,shop_4202004,28.179
godown_Wanaparthy,shop_4202005,27.906
godown_Wanaparthy,shop_4202006,28.202
godown_Wanaparthy,shop_4202007,21.511
godown_Wanaparthy,shop_4202008,29.814
godown_Wanaparthy,shop_4202009,29.401
godown_Wanaparthy,shop_4202010,27.861
godown_Wanaparthy,shop_4202012,24.77
godown_Wanaparthy,shop_4202013,25.489
godown_Wanaparthy,shop_4202014,34.187
godown_Wanaparthy,shop_4202015,24.207
godown_Wanaparthy,shop_4202016,22.807
godown_Wanaparthy,shop_4202017,26.635
godown_Wanaparthy,shop_4202018,21.454
godown_Wanaparthy,shop_4202019,23.965
godown_Wanaparthy,shop_4202020,22.572
godown_Wanaparthy,shop_4202021,23.697
godown_Wanaparthy,shop_4202022,25.424
godown_Wanaparthy,shop_4203001,37.784
godown_Wanaparthy,shop_4203002,35.536
godown_Wanaparthy,shop_4203003,35.328
godown_Wanaparthy,shop_4203004,36.241
godown_Wanaparthy,shop_4203005,21.798
godown_Wanaparthy,shop_4203006,34.275
godown_Wanaparthy,shop_4203007,36.682
godown_Wanaparthy,shop_4203008,33.71
godown_Wanaparthy,shop_4203009,31.064
godown_Wanaparthy,shop_4203010,37.253
godown_Wanaparthy,shop_4203011,40.168
godown_Wanaparthy,shop_4203012,40.668
godown_Wanaparthy,shop_4203013,40.48
godown_Wanaparthy,shop_4203014,43.685
godown_Wanaparthy,shop_4203015,45.023
godown_Wanaparthy,shop_4203016,45.705
godown_Wanaparthy,shop_4203017,46.524
godown_Wanaparthy,shop_4203018,46.405
godown_Wanaparthy,shop_4204001,23.295
godown_Wanaparthy,shop_4204002,23.181
godown_Wanaparthy,shop_4204003,22.934
godown_Wanaparthy,shop_4204004,19.98
godown_Wanaparthy,shop_4204005,19.931
godown_Wanaparthy,shop_4204006,16.198
godown_Wanaparthy,shop_4204007,17.484
godown_Wanaparthy,shop_4204008,21.874
godown_Wanaparthy,shop_4204009,19.173
godown_Wanaparthy,shop_4204010,16.174
godown_Wanaparthy,shop_4204011,17.356
godown_Wanaparthy,shop_4204012,28.314
godown_Wanaparthy,shop_4204013,27.025
godown_Wanaparthy,shop_4204014,27.721
godown_Wanaparthy,shop_4204015,17.105
godown_Wanaparthy,shop_4204016,15.885
godown_Wanaparthy,shop_4204017,26.451
godown_Wanaparthy,shop_4204018,25.302
godown_Wanaparthy,shop_4204019,25.198
godown_Wanaparthy,shop_4204020,26.093
godown_Wanaparthy,shop_4204021,21.872
godown_Wanaparthy,shop_4204022,23.466
godown_Wanaparthy,shop_4204023,22.443
godown_Wanaparthy,shop_4204024,20.154
godown_Wanaparthy,shop_4204025,24.153
godown_Wanaparthy,shop_4204026,19.838
godown_Wanaparthy,shop_4204027,73.538
godown_Wanaparthy,shop_4204028,26.465
godown_Wanaparthy,shop_4204029,14.466
godown_Wanaparthy,shop_4205001,5.41
godown_Wanaparthy,shop_4205002,7.274
godown_Wanaparthy,shop_4205003,11.01
godown_Wanaparthy,shop_4205004,11.4
godown_Wanaparthy,shop_4205005,5.432
godown_Wanaparthy,shop_4205006,11.977
godown_Wanaparthy,shop_4205007,12.598
godown_Wanaparthy,shop_4205008,8.879
godown_Wanaparthy,shop_4205009,8.83
godown_Wanaparthy,shop_4205010,8.685
godown_Wanaparthy,shop_4205011,8.328
godown_Wanaparthy,shop_4205012,11.369
godown_Wanaparthy,shop_4205013,6.899
godown_Wanaparthy,shop_4205014,4.34
godown_Wanaparthy,shop_4205015,11.57
godown_Wanaparthy,shop_4205016,12.068
godown_Wanaparthy,shop_4205017,0.198
godown_Wanaparthy,shop_4205018,16.1
godown_Wanaparthy,shop_4205019,5.279
godown_Wanaparthy,shop_4205020,3.979
godown_Wanaparthy,shop_4205021,11.976
godown_Wanaparthy,shop_4205022,9.438
godown_Wanaparthy,shop_4205023,11.7
godown_Wanaparthy,shop_4205024,18.99
godown_Wanaparthy,shop_4205025,19.014
godown_Wanaparthy,shop_4205026,20.565
godown_Wanaparthy,shop_4206001,13.481
godown_Wanaparthy,shop_4206002,13.281
godown_Wanaparthy,shop_4206003,13.702
godown_Wanaparthy,shop_4206004,13.983
godown_Wanaparthy,shop_4206005,14.016
godown_Wanaparthy,shop_4206006,15.82
godown_Wanaparthy,shop_4206007,16.23
godown_Wanaparthy,shop_4206008,14.039
godown_Wanaparthy,shop_4206009,12.604
godown_Wanaparthy,shop_4206010,11.919
godown_Wanaparthy,shop_4206011,11.186
godown_Wanaparthy,shop_4206012,10.371
godown_Wanaparthy,shop_4206013,19.722
godown_Wanaparthy,shop_4206014,13.67
godown_Wanaparthy,shop_4206015,16.549
godown_Wanaparthy,shop_4206016,18.368
godown_Wanaparthy,shop_4206017,11.744
godown_Wanaparthy,shop_4206018,15.52
godown_Wanaparthy,shop_4206019,13.626
godown_Wanaparthy,shop_4206020,19.486
godown_Wanaparthy,shop_4206021,19.978
godown_Wanaparthy,shop_4206022,16.473
godown_Wanaparthy,shop_4206023,15.066
godown_Wanaparthy,shop_4206024,16.743
godown_Wanaparthy,shop_4206025,11.68
godown_Wanaparthy,shop_4206026,14.018
godown_Wanaparthy,shop_4206027,13.94
godown_Wanaparthy,shop_4206028,13.597
godown_Wanaparthy,shop_4206029,13.886
godown_Wanaparthy,shop_4206030,13.962
godown_Wanaparthy,shop_4206031,16.083
godown_Wanaparthy,shop_4206032,13.867
godown_Wanaparthy,shop_4206033,13.795
godown_Wanaparthy,shop_4207001,19.137
godown_Wanaparthy,shop_4207002,6.756
godown_Wanaparthy,shop_4207003,19.125
godown_Wanaparthy,shop_4207004,19.136
godown_Wanaparthy,shop_4207005,17.829
godown_Wanaparthy,shop_4207006,20.186
godown_Wanaparthy,shop_4207007,20.985
godown_Wanaparthy,shop_4207008,20.545
godown_Wanaparthy,shop_4207009,20.545
godown_Wanaparthy,shop_4207010,21.483
godown_Wanaparthy,shop_4207011,21.48
godown_Wanaparthy,shop_4207012,23.988
godown_Wanaparthy,shop_4207013,23.987
godown_Wanaparthy,shop_4207014,23.613
godown_Wanaparthy,shop_4208001,14.315
godown_Wanaparthy,shop_4208002,14.357
godown_Wanaparthy,shop_4208003,14.01
godown_Wanaparthy,shop_4208004,12.992
godown_Wanaparthy,shop_4208005,12.057
godown_Wanaparthy,shop_4208006,12.054
godown_Wanaparthy,shop_4208007,14.146
godown_Wanaparthy,shop_4208008,11.407
godown_Wanaparthy,shop_4208009,12.651
godown_Wanaparthy,shop_4208010,12.065
godown_Wanaparthy,shop_4208011,11.018
godown_Wanaparthy,shop_4208012,9.093
godown_Wanaparthy,shop_4208013,11.595
godown_Wanaparthy,shop_4208014,11.051
godown_Wanaparthy,shop_4208015,16.445
godown_Wanaparthy,shop_4208016,19.481
godown_Wanaparthy,shop_4208017,15.585
godown_Wanaparthy,shop_4208018,17.038
godown_Wanaparthy,shop_4208019,16.792
godown_Wanaparthy,shop_4208020,19.47
godown_Wanaparthy,shop_4208021,20.944
godown_Wanaparthy,shop_4208022,20.855
godown_Wanaparthy,shop_4208023,19.59
godown_Wanaparthy,shop_4208024,19.67
godown_Wanaparthy,shop_4208025,16.389
godown_Wanaparthy,shop_4208026,21.234
godown_Wanaparthy,shop_4208027,23.078
godown_Wanaparthy,shop_4208028,23.652
godown_Wanaparthy,shop_4208030,14.285
godown_Wanaparthy,shop_4208031,11.874
godown_Wanaparthy,shop_4208032,18.241
godown_Wanaparthy,shop_4208033,11.629
godown_Wanaparthy,shop_4208035,21.198
godown_Wanaparthy,shop_4208036,24.158
godown_Wanaparthy,shop_4208037,21.092
godown_Wanaparthy,shop_4209002,19.308
godown_Wanaparthy,shop_4209003,19.6
godown_Wanaparthy,shop_4209004,18.572
godown_Wanaparthy,shop_4209005,16.152
godown_Wanaparthy,shop_4209006,24.184
godown_Wanaparthy,shop_4209007,21.747
godown_Wanaparthy,shop_4209008,27.36
godown_Wanaparthy,shop_4209009,24.056
godown_Wanaparthy,shop_4209010,28.997
godown_Wanaparthy,shop_4209011,26.574
godown_Wanaparthy,shop_4209012,29.316
godown_Wanaparthy,shop_4209013,25.83
godown_Wanaparthy,shop_4209014,35.005
godown_Wanaparthy,shop_4209015,27.239
godown_Wanaparthy,shop_4209016,30.29
godown_Wanaparthy,shop_4209017,20.099
godown_Wanaparthy,shop_4209019,30.458
godown_Wanaparthy,shop_4209020,22.23
godown_Wanaparthy,shop_4209021,30.808
godown_Wanaparthy,shop_4210001,8.143
godown_Wanaparthy,shop_4210002,8.14
godown_Wanaparthy,shop_4210003,5.225
godown_Wanaparthy,shop_4210004,8.057
godown_Wanaparthy,shop_4210005,10.382
godown_Wanaparthy,shop_4210006,10.021
godown_Wanaparthy,shop_4210007,8.849
godown_Wanaparthy,shop_4210008,11.136
godown_Wanaparthy,shop_4210009,12.695
godown_Wanaparthy,shop_4210010,13.546
godown_Wanaparthy,shop_4210011,13.629
godown_Wanaparthy,shop_4210012,13.556
godown_Wanaparthy,shop_4210013,16.956
godown_Wanaparthy,shop_4210014,16.967
godown_Wanaparthy,shop_4210015,15.051
godown_Wanaparthy,shop_4210016,11.698
godown_Wanaparthy,shop_4210017,10.223
godown_Wanaparthy,shop_4210018,8.069
godown_Wanaparthy,shop_4210019,17.966
godown_Wanaparthy,shop_4210020,9.895
godown_Wanaparthy,shop_4210021,10.004
godown_Wanaparthy,shop_4211001,19.379
godown_Wanaparthy,shop_4211002,19.071
godown_Wanaparthy,shop_4211003,23.605
godown_Wanaparthy,shop_4211004,21.304
godown_Wanaparthy,shop_4211005,22.484
godown_Wanaparthy,shop_4211006,23.606
godown_Wanaparthy,shop_4211007,25.33
godown_Wanaparthy,shop_4211008,23.723
godown_Wanaparthy,shop_4211009,23.717
godown_Wanaparthy,shop_4211010,14.802
godown_Wanaparthy,shop_4211011,14.773
godown_Wanaparthy,shop_4211012,16.189
godown_Wanaparthy,shop_4211013,87.353
godown_Wanaparthy,shop_4211014,16.829
godown_Wanaparthy,shop_4211018,14.426
godown_Wanaparthy,shop_4212001,19.43
godown_Wanaparthy,shop_4212002,19.546
godown_Wanaparthy,shop_4212003,14.835
godown_Wanaparthy,shop_4212004,18.104
godown_Wanaparthy,shop_4212005,18.693
godown_Wanaparthy,shop_4212006,24.115
godown_Wanaparthy,shop_4212007,23.824
godown_Wanaparthy,shop_4212008,20.712
godown_Wanaparthy,shop_4212009,23.472
godown_Wanaparthy,shop_4213001,0.82
godown_Wanaparthy,shop_4213002,0.197
godown_Wanaparthy,shop_4213003,0.203
godown_Wanaparthy,shop_4213004,0.307
godown_Wanaparthy,shop_4213005,0.28
godown_Wanaparthy,shop_4213006,0.256
godown_Wanaparthy,shop_4213007,0.282
godown_Wanaparthy,shop_4213008,0.404
godown_Wanaparthy,shop_4213009,0.905
godown_Wanaparthy,shop_4213010,0.498
godown_Wanaparthy,shop_4213011,1.24
godown_Wanaparthy,shop_4213012,1.024
godown_Wanaparthy,shop_4213013,0.935
godown_Wanaparthy,shop_4213014,1.521
godown_Wanaparthy,shop_4213015,0.901
godown_Wanaparthy,shop_4213016,0.969
godown_Wanaparthy,shop_4213017,0.492
godown_Wanaparthy,shop_4213018,1.211
godown_Wanaparthy,shop_4213019,0.987
godown_Wanaparthy,shop_4213020,1.688
godown_Wanaparthy,shop_4213021,3.081
godown_Wanaparthy,shop_4213022,1.976
godown_Wanaparthy,shop_4213023,9.634
godown_Wanaparthy,shop_4213024,11.584
godown_Wanaparthy,shop_4213025,11.82
godown_Wanaparthy,shop_4213026,13.033
godown_Wanaparthy,shop_4213027,9.603
godown_Wanaparthy,shop_4213028,11.301
godown_Wanaparthy,shop_4213029,4.177
godown_Wanaparthy,shop_4213030,4.065
godown_Wanaparthy,shop_4213031,11.036
godown_Wanaparthy,shop_4213032,8.589
godown_Wanaparthy,shop_4213033,7.335
godown_Wanaparthy,shop_4213034,7.125
godown_Wanaparthy,shop_4213035,7.313
godown_Wanaparthy,shop_4213036,3.355
godown_Wanaparthy,shop_4213037,3.272
godown_Wanaparthy,shop_4213038,7.278
godown_Wanaparthy,shop_4213039,8.59
godown_Wanaparthy,shop_4213040,3.274
godown_Wanaparthy,shop_4213041,2.649
godown_Wanaparthy,shop_4213042,9.595
godown_Wanaparthy,shop_4213043,12.195
godown_Wanaparthy,shop_4213044,4.254
godown_Wanaparthy,shop_4213045,6.386
godown_Wanaparthy,shop_4213046,6.979
godown_Wanaparthy,shop_4213047,10.233
godown_Wanaparthy,shop_4213048,9.023
godown_Wanaparthy,shop_4214001,28.717
godown_Wanaparthy,shop_4214002,28.785
godown_Wanaparthy,shop_4214003,29.391
godown_Wanaparthy,shop_4214004,27.941
godown_Wanaparthy,shop_4214005,29.682
godown_Wanaparthy,shop_4214006,29.641
godown_Wanaparthy,shop_4214007,32.575
godown_Wanaparthy,shop_4214008,27.942
godown_Wanaparthy,shop_4214009,23.698
godown_Wanaparthy,shop_4214010,24.02
godown_Wanaparthy,shop_4214011,22.034
godown_Wanaparthy,shop_4214012,26.524
godown_Wanaparthy,shop_4214013,27.72
godown_Wanaparthy,shop_4214014,28.106
godown_Wanaparthy,shop_4214015,28.106
godown_Wanaparthy,shop_4214016,24.022
godown_Wanaparthy,shop_4214017,24.273
godown_Warangal,shop_4302001,25.435
godown_Warangal,shop_4302002,30.817
godown_Warangal,shop_4302003,32.049
godown_Warangal,shop_4302004,32.294
godown_Warangal,shop_4302005,26.612
godown_Warangal,shop_4302006,26.355
godown_Warangal,shop_4302007,26.206
godown_Warangal,shop_4302008,31.895
godown_Warangal,shop_4302009,33.062
godown_Warangal,shop_4302010,33.1
godown_Warangal,shop_4302011,35.469
godown_Warangal,shop_4302012,38.674
godown_Warangal,shop_4302013,38.168
godown_Warangal,shop_4302014,35.932
godown_Warangal,shop_4302015,33.882
godown_Warangal,shop_4302016,32.547
godown_Warangal,shop_4302017,34.825
godown_Warangal,shop_4302018,40.328
godown_Warangal,shop_4302019,31.91
godown_Warangal,shop_4302020,36.794
godown_Warangal,shop_4302021,34.382
godown_Warangal,shop_4302022,27.403
godown_Warangal,shop_4302023,30.934
godown_Warangal,shop_4304001,23.931
godown_Warangal,shop_4304002,24.015
godown_Warangal,shop_4304003,24.047
godown_Warangal,shop_4304004,21.894
godown_Warangal,shop_4304005,25.872
godown_Warangal,shop_4304006,26.983
godown_Warangal,shop_4304007,24.565
godown_Warangal,shop_4304008,26.861
godown_Warangal,shop_4304009,28.054
godown_Warangal,shop_4304010,25.214
godown_Warangal,shop_4304011,27.068
godown_Warangal,shop_4304012,19.731
godown_Warangal,shop_4304013,18.672
godown_Warangal,shop_4304014,20.611
godown_Warangal,shop_4304015,23.71
godown_Warangal,shop_4304016,24.024
godown_Warangal,shop_4304017,20.627
godown_Warangal,shop_4304018,21.399
godown_Warangal,shop_4304019,21.149
godown_Warangal,shop_4304020,23.081
godown_Warangal,shop_4304021,22.888
godown_Warangal,shop_4304022,25.035
godown_Warangal,shop_4304023,22.679
godown_Warangal,shop_4304024,22.624
godown_Warangal,shop_4304025,22.844
godown_Warangal,shop_4304026,22.303
godown_Warangal,shop_4304027,23.1
godown_Warangal,shop_4304028,27.197
godown_Warangal,shop_4304029,26.967
godown_Warangal,shop_4304030,26.192
godown_Warangal,shop_4304031,27.216
godown_Warangal,shop_4304032,27.172
godown_Warangal,shop_4304033,29.976
godown_Warangal,shop_4304034,19.481
godown_Warangal,shop_4305001,9.95
godown_Warangal,shop_4305002,18.993
godown_Warangal,shop_4305003,19.534
godown_Warangal,shop_4305004,19.001
godown_Warangal,shop_4305005,17.219
godown_Warangal,shop_4305006,14.231
godown_Warangal,shop_4305007,17.214
godown_Warangal,shop_4305008,17.242
godown_Warangal,shop_4305009,14.15
godown_Warangal,shop_4305010,13.44
godown_Warangal,shop_4305011,8.614
godown_Warangal,shop_4305012,7.874
godown_Warangal,shop_4305013,8.32
godown_Warangal,shop_4305014,8.262
godown_Warangal,shop_4305015,8.794
godown_Warangal,shop_4305016,8.74
godown_Warangal,shop_4305017,8.731
godown_Warangal,shop_4305018,13.836
godown_Warangal,shop_4305019,13.254
godown_Warangal,shop_4305020,13.256
godown_Warangal,shop_4305021,6.703
godown_Warangal,shop_4305022,6.737
godown_Warangal,shop_4305023,5.239
godown_Warangal,shop_4305024,12.263
godown_Warangal,shop_4305025,12.271
godown_Warangal,shop_4305026,12.202
godown_Warangal,shop_4305027,10.982
godown_Warangal,shop_4305028,15.734
godown_Warangal,shop_4305029,4.916
godown_Warangal,shop_4305030,4.916
godown_Warangal,shop_4305031,7.624
godown_Warangal,shop_4305032,20.826
godown_Warangal,shop_4305033,14.642
godown_Warangal,shop_4305034,8.663
godown_Warangal,shop_4305035,17.302
godown_Warangal,shop_4306001,37.496
godown_Warangal,shop_4306002,37.709
godown_Warangal,shop_4306003,37.86
godown_Warangal,shop_4306004,37.542
godown_Warangal,shop_4306005,36.511
godown_Warangal,shop_4306006,35.85
godown_Warangal,shop_4306007,40.685
godown_Warangal,shop_4306008,40.707
godown_Warangal,shop_4306009,40.791
godown_Warangal,shop_4306010,41.363
godown_Warangal,shop_4306011,41.081
godown_Warangal,shop_4306012,41.366
godown_Warangal,shop_4306013,42.358
godown_Warangal,shop_4306014,42.659
godown_Warangal,shop_4306015,40.215
godown_Warangal,shop_4306016,39.355
godown_Warangal,shop_4306017,39.216
godown_Warangal,shop_4306018,38.887
godown_Warangal,shop_4306019,39.49
godown_Warangal,shop_4306020,45.198
godown_Warangal,shop_4307001,30.114
godown_Warangal,shop_4307002,30.281
godown_Warangal,shop_4307003,30.281
godown_Warangal,shop_4307004,28.53
godown_Warangal,shop_4307005,27.022
godown_Warangal,shop_4307006,26.956
godown_Warangal,shop_4307007,29.781
godown_Warangal,shop_4307008,27.462
godown_Warangal,shop_4307009,27.57
godown_Warangal,shop_4307010,30.246
godown_Warangal,shop_4307011,31.146
godown_Warangal,shop_4307012,33.006
godown_Warangal,shop_4307013,35.066
godown_Warangal,shop_4307014,32.502
godown_Warangal,shop_4307015,32.02
godown_Warangal,shop_4307016,35.169
godown_Warangal,shop_4307017,32.536
godown_Warangal,shop_4307018,32.297
godown_Warangal,shop_4307019,33.438
godown_Warangal,shop_4307020,34.248
godown_Warangal,shop_4307021,37.672
godown_Warangal,shop_4307022,32.935
godown_Warangal,shop_4307023,32.392
godown_Warangal,shop_4307024,37.108
godown_Warangal,shop_4307025,38.702
godown_Warangal,shop_4307026,36.707
godown_Warangal,shop_4307027,32.018
godown_Warangal,shop_4307028,42.313
godown_Warangal,shop_4307029,38.592
godown_Warangal,shop_4307030,38.97
godown_Warangal,shop_4308001,33.16
godown_Warangal,shop_4308002,33.675
godown_Warangal,shop_4308003,33.481
godown_Warangal,shop_4308004,32.858
godown_Warangal,shop_4308005,33.103
godown_Warangal,shop_4308006,32.971
godown_Warangal,shop_4308007,33.873
godown_Warangal,shop_4308008,33.337
godown_Warangal,shop_4308009,33.745
godown_Warangal,shop_4308010,32.795
godown_Warangal,shop_4308011,33.147
godown_Warangal,shop_4308012,33.007
godown_Warangal,shop_4308013,29.311
godown_Warangal,shop_4308014,28.71
godown_Warangal,shop_4308015,30.201
godown_Warangal,shop_4308016,30.145
godown_Warangal,shop_4308017,32.035
godown_Warangal,shop_4308018,32.308
godown_Warangal,shop_4308019,34.364
godown_Warangal,shop_4308020,34.538
godown_Warangal,shop_4308021,34.295
godown_Warangal,shop_4308022,30.359
godown_Warangal,shop_4308023,34.256
godown_Warangal,shop_4308024,34.606
godown_Warangal,shop_4308025,35.478
godown_Warangal,shop_4308026,34.015
godown_Warangal,shop_4308027,35.091
godown_Warangal,shop_4308028,26.879
godown_Warangal,shop_4308029,29.844
godown_Warangal,shop_4308030,29.889
godown_Warangal,shop_4308031,28.038
godown_Warangal,shop_4308032,36.082
godown_Warangal,shop_4308033,29.572
godown_Warangal,shop_4308034,33.42
godown_Warangal,shop_4308035,33.591
godown_Warangal,shop_4308036,33.41
godown_Warangal,shop_4308037,27.516
godown_Warangal,shop_4308038,27.351
godown_Warangal,shop_4308039,27.555
godown_Warangal,shop_4308040,31.11
godown_Warangal,shop_4309001,39.661
godown_Warangal,shop_4309002,34.061
godown_Warangal,shop_4309003,25.151
godown_Warangal,shop_4309004,38.996
godown_Warangal,shop_4309005,27.555
godown_Warangal,shop_4309006,37.791
godown_Warangal,shop_4309007,28.459
godown_Warangal,shop_4309008,27.514
godown_Warangal,shop_4309009,27.253
godown_Warangal,shop_4309010,36.561
godown_Warangal,shop_4309011,33.01
godown_Warangal,shop_4309012,35.191
godown_Warangal,shop_4309013,25.403
godown_Warangal,shop_4309014,40.982
godown_Warangal,shop_4309015,41.206
godown_Warangal,shop_4309016,31.445
godown_Warangal,shop_4309017,31.211
godown_Warangal,shop_4309018,31.167
godown_Warangal,shop_4309019,30.064
godown_Warangal,shop_4309020,32.45
godown_Warangal,shop_4309021,38.311
godown_Warangal,shop_4309022,34.097
godown_Warangal,shop_4309023,34.216
godown_Warangal,shop_4309024,32.415
godown_Warangal,shop_4309025,37.77
godown_Warangal,shop_4309026,35.873
godown_Warangal,shop_4309027,38.689
godown_Warangal,shop_4309028,39.532
godown_Warangal,shop_4309029,34.402
godown_Warangal,shop_4309030,28.388
godown_Warangal,shop_4309031,28.599
godown_Warangal,shop_4309032,31.13
godown_Warangal,shop_4309033,24.948
godown_Warangal,shop_4309034,34.755
godown_Warangal,shop_4309035,30.985
godown_Warangal,shop_4311001,31.06
godown_Warangal,shop_4311002,30.708
godown_Warangal,shop_4311003,31.265
godown_Warangal,shop_4311004,30.853
godown_Warangal,shop_4311005,31.26
godown_Warangal,shop_4311006,27.607
godown_Warangal,shop_4311007,27.943
godown_Warangal,shop_4311008,25.003
godown_Warangal,shop_4311009,28.317
godown_Warangal,shop_4311010,28.502
godown_Warangal,shop_4311011,25.51
godown_Warangal,shop_4311012,24.697
godown_Warangal,shop_4311013,24.836
godown_Warangal,shop_4311014,31.96
godown_Warangal,shop_4311015,32.321
godown_Warangal,shop_4311016,31.196
godown_Warangal,shop_4311017,36.803
godown_Warangal,shop_4311018,22.23
godown_Warangal,shop_4311019,22.226
godown_Warangal,shop_4311020,21.669
godown_Warangal,shop_4311021,20.844
godown_Warangal,shop_4311022,26.409
godown_Warangal,shop_4311023,26.14
godown_Warangal,shop_4311024,24.996
godown_Warangal,shop_4311025,24.691
godown_Warangal,shop_4311026,34.963
godown_Warangal,shop_4311027,33.021
godown_Warangal,shop_4311028,31.204
godown_Warangal,shop_4311029,24.893
godown_Warangal,shop_4311030,28.421
godown_Warangal,shop_4311031,24.011
godown_Warangal,shop_4311032,26.499
godown_Warangal,shop_4311033,35.625
godown_Warangal,shop_4311034,27.486
godown_Warangal,shop_4311035,34.687
godown_Warangal,shop_4312001,35.343
godown_Warangal,shop_4312002,32.568
godown_Warangal,shop_4312003,33.299
godown_Warangal,shop_4312004,33.446
godown_Warangal,shop_4312005,29.598
godown_Warangal,shop_4312006,29.395
godown_Warangal,shop_4312007,29.55
godown_Warangal,shop_4312008,31.315
godown_Warangal,shop_4312009,31.275
godown_Warangal,shop_4312010,31.449
godown_Warangal,shop_4312011,30.97
godown_Warangal,shop_4312012,29.581
godown_Warangal,shop_4312013,28.703
godown_Warangal,shop_4312014,28.604
godown_Warangal,shop_4312015,27.251
godown_Warangal,shop_4312016,34.791
godown_Warangal,shop_4312018,32.219
godown_Warangal,shop_4312019,31.634
godown_Warangal,shop_4312020,32.262
godown_Warangal,shop_4312021,35.259
godown_Warangal,shop_4312022,35.739
godown_Warangal,shop_4312023,35.747
godown_Warangal,shop_4312024,33.862
godown_Warangal,shop_4312025,35.706
godown_Warangal,shop_4312026,34.055
godown_Warangal,shop_4312027,34.29
godown_Warangal,shop_4312028,33.712
godown_Warangal,shop_4312029,36.1
godown_Warangal,shop_4312030,37.082
godown_Warangal,shop_4312031,37.068
godown_Warangal,shop_4312032,37.922
godown_Warangal,shop_4312033,36.83
godown_Warangal,shop_4312034,36.453
godown_Warangal,shop_4312035,39.026
godown_Warangal,shop_4312036,39.158
godown_Warangal,shop_4312037,37.315
godown_Warangal,shop_4312038,32.082
godown_Warangal,shop_4313001,13.541
godown_Warangal,shop_4313002,13.849
godown_Warangal,shop_4313003,20.325
godown_Warangal,shop_4313004,16.668
godown_Warangal,shop_4313005,18.279
godown_Warangal,shop_4313006,11.198
godown_Warangal,shop_4313007,16.947
godown_Warangal,shop_4313008,20.776
godown_Warangal,shop_4313009,20.603
godown_Warangal,shop_4313010,18.064
godown_Warangal,shop_4313011,11.103
godown_Warangal,shop_4313012,17.528
godown_Warangal,shop_4313014,15.953
godown_Warangal,shop_4313015,12.923
godown_Warangal,shop_4313016,19.174
godown_Warangal,shop_4313017,17.551
godown_Warangal,shop_4313018,17.517
godown_Warangal,shop_4313019,20.144
godown_Warangal,shop_4313020,20.13
godown_Warangal,shop_4313021,22.091
godown_Warangal,shop_4313022,17.633
godown_Warangal,shop_4313023,17.226
godown_Warangal,shop_4313024,15.857
godown_Warangal,shop_4313025,20.314
godown_Warangal,shop_4313026,20.177
godown_Warangal,shop_4313027,22.331
godown_Warangal,shop_4313028,19.412
godown_Warangal,shop_4313029,16.499
godown_Warangal,shop_4313030,16.437
godown_Warangal,shop_4313031,16.719
godown_Warangal,shop_4313032,11.402
godown_Warangal,shop_4315001,15.53
godown_Warangal,shop_4315002,15.607
godown_Warangal,shop_4315003,19.595
godown_Warangal,shop_4315004,19.488
godown_Warangal,shop_4315005,20.027
godown_Warangal,shop_4315007,22.06
godown_Warangal,shop_4315008,22.062
godown_Warangal,shop_4315009,21.823
godown_Warangal,shop_4315010,23.872
godown_Warangal,shop_4315011,25.884
godown_Warangal,shop_4315012,25.738
godown_Warangal,shop_4315013,27.935
godown_Warangal,shop_4315014,27.931
godown_Warangal,shop_4315015,22.893
godown_Warangal,shop_4315016,22.191
godown_Warangal,shop_4315017,23.221
godown_Warangal,shop_4315018,21.218
godown_Warangal,shop_4315019,21.303
godown_Warangal,shop_4315020,21.417
godown_Warangal,shop_4315021,19.079
godown_Warangal,shop_4315022,26.531
godown_Warangal,shop_4315023,26.672
godown_Warangal,shop_4315024,23.442
godown_Warangal,shop_4315025,23.218
godown_Warangal,shop_4315026,23.417
godown_Warangal,shop_4315027,23.421
godown_Warangal,shop_4315028,23.438
godown_Warangal,shop_4315029,23.379
godown_Warangal,shop_4315030,27.126
godown_Warangal,shop_4315031,27.76
godown_Warangal,shop_4315032,23.359
godown_Warangal,shop_4315033,19.88
godown_Warangal,shop_4317001,1.84
godown_Warangal,shop_4317002,2.083
godown_Warangal,shop_4317003,1.866
godown_Warangal,shop_4317004,1.398
godown_Warangal,shop_4317005,2.273
godown_Warangal,shop_4317006,1.967
godown_Warangal,shop_4317007,2.007
godown_Warangal,shop_4317008,2.12
godown_Warangal,shop_4317009,1.988
godown_Warangal,shop_4317010,2.105
godown_Warangal,shop_4317011,2.137
godown_Warangal,shop_4317012,1.982
godown_Warangal,shop_4317013,1.984
godown_Warangal,shop_4317014,2.273
godown_Warangal,shop_4317015,2.218
godown_Warangal,shop_4317016,2.396
godown_Warangal,shop_4317017,3.951
godown_Warangal,shop_4317018,3.817
godown_Warangal,shop_4317019,2.806
godown_Warangal,shop_4317020,2.764
godown_Warangal,shop_4317021,2.587
godown_Warangal,shop_4317022,3.379
godown_Warangal,shop_4317023,2.997
godown_Warangal,shop_4317024,2.978
godown_Warangal,shop_4317025,1.712
godown_Warangal,shop_4317027,1.903
godown_Warangal,shop_4317028,2.076
godown_Warangal,shop_4317029,3.877
godown_Warangal,shop_4317030,4.077
godown_Warangal,shop_4317031,4.271
godown_Warangal,shop_4317032,2.6
godown_Warangal,shop_4317033,8916.408
godown_Warangal,shop_4317034,2.562
godown_Warangal,shop_4317035,2.227
godown_Warangal,shop_4317036,2.444
godown_Warangal,shop_4317037,2.242
godown_Warangal,shop_4317038,1.445
godown_Warangal,shop_4317039,1.382
godown_Warangal,shop_4317040,1.188
godown_Warangal,shop_4317041,1.371
godown_Warangal,shop_4317042,1.45
godown_Warangal,shop_4317043,1.599
godown_Warangal,shop_4317044,1.969
godown_Warangal,shop_4317045,1.878
godown_Warangal,shop_4317046,1.883
godown_Warangal,shop_4317047,2.122
godown_Warangal,shop_4317048,0.993
godown_Warangal,shop_4317049,2.392
godown_Warangal,shop_4317050,1.048
godown_Warangal,shop_4317051,0.936
godown_Warangal,shop_4317052,1.384
godown_Warangal,shop_4317053,1.178
godown_Warangal,shop_4317054,4.209
godown_Warangal,shop_4317055,3.678
godown_Warangal,shop_4317056,3.689
godown_Warangal,shop_4317057,4.09
godown_Warangal,shop_4317058,4.052
godown_Warangal,shop_4317059,2.272
godown_Warangal,shop_4317060,2.248
godown_Warangal,shop_4317061,1.055
godown_Warangal,shop_4317062,3.034
godown_Warangal,shop_4317063,2.293
godown_Warangal,shop_4317064,3.681
godown_Warangal,shop_4317065,2.026
godown_Warangal,shop_4317066,2.582
godown_Warangal,shop_4317067,2.385
godown_Warangal,shop_4317068,2.218
godown_Warangal,shop_4317069,8.704
godown_Warangal,shop_4317070,1.191
godown_Warangal,shop_4317071,0.933
godown_Warangal,shop_4317072,3.632
godown_Warangal,shop_4317073,3.764
godown_Warangal,shop_4317074,4.184
godown_Warangal,shop_4317075,3.921
godown_Warangal,shop_4317076,4.858
godown_Warangal,shop_4317077,5
godown_Warangal,shop_4317078,4.774
godown_Warangal,shop_4317079,4.606
godown_Warangal,shop_4317080,6.326
godown_Warangal,shop_4317081,6.365
godown_Warangal,shop_4317082,4.61
godown_Warangal,shop_4317083,3.99
godown_Warangal,shop_4317084,4.952
godown_Warangal,shop_4317085,2.084
godown_Warangal,shop_4317086,2.231
godown_Warangal,shop_4318001,2.015
godown_Warangal,shop_4318002,1.231
godown_Warangal,shop_4318003,1.482
godown_Warangal,shop_4318004,2.852
godown_Warangal,shop_4318005,2.925
godown_Warangal,shop_4318006,2.25
godown_Warangal,shop_4318007,2.188
godown_Warangal,shop_4318008,2.699
godown_Warangal,shop_4318009,2.832
godown_Warangal,shop_4318010,4.039
godown_Warangal,shop_4318011,3.269
godown_Warangal,shop_4318012,4.358
godown_Warangal,shop_4318013,3.818
godown_Warangal,shop_4318014,3.711
godown_Warangal,shop_4318015,2.26
godown_Warangal,shop_4318016,3.106
godown_Warangal,shop_4318017,2.817
godown_Warangal,shop_4318018,2.08
godown_Warangal,shop_4318019,2.4
godown_Warangal,shop_4318020,3.427
godown_Warangal,shop_4318021,1.839
godown_Warangal,shop_4318022,3.236
godown_Warangal,shop_4318023,3.773
godown_Warangal,shop_4318024,3.113
godown_Warangal,shop_4318025,2.969
godown_Warangal,shop_4318026,2.998
godown_Warangal,shop_4318027,2.645
godown_Warangal,shop_4318028,2.223
godown_Warangal,shop_4318029,4.274
godown_Warangal,shop_4318030,4.656
godown_Warangal,shop_4318031,4.557
godown_Warangal,shop_4318032,4.35
godown_Warangal,shop_4318033,4.402
godown_Warangal,shop_4318034,5.035
godown_Warangal,shop_4318035,3.827
godown_Warangal,shop_4318036,5.198
godown_Warangal,shop_4318037,4.178
godown_Warangal,shop_4318038,4.498
godown_Warangal,shop_4318039,3.912
godown_Warangal,shop_4318040,5.166
godown_Warangal,shop_4318041,4.426
godown_Warangal,shop_4318042,1.921
godown_Warangal,shop_4318043,2.832
godown_Warangal,shop_4318044,4.202
godown_Warangal,shop_4318045,1.268
godown_Warangal,shop_4318046,3.041
godown_Warangal,shop_4318047,2.418
godown_Warangal,shop_4318048,2.79
godown_Warangal,shop_4318049,4.152
godown_Warangal,shop_4318050,3.18
godown_Warangal,shop_4318051,3.185
godown_Warangal,shop_4318052,2.766
godown_Warangal,shop_4318053,1.817
godown_Warangal,shop_4318054,2.133
godown_Warangal,shop_4318055,3.792
godown_Warangal,shop_4318056,6.789
godown_Warangal,shop_4318057,6.695
godown_Warangal,shop_4318058,4.287
godown_Warangal,shop_4318059,6.687
godown_Warangal,shop_4318060,8.468
godown_Warangal,shop_4318061,8.288
godown_Warangal,shop_4318062,8.245
godown_Warangal,shop_4318063,5.451
godown_Warangal,shop_4318064,8.473
godown_Warangal,shop_4318065,7.373
godown_Warangal,shop_4318066,7.582
godown_Warangal,shop_4318067,5.562
godown_Warangal,shop_4318068,9.614
godown_Warangal,shop_4318069,9.333
godown_Warangal,shop_4318070,10.649
godown_Warangal,shop_4318071,10.861
godown_Warangal,shop_4318072,10.793
godown_Yadadri Bhuvanagiri,shop_4401002,39.818
godown_Yadadri Bhuvanagiri,shop_4401003,36.261
godown_Yadadri Bhuvanagiri,shop_4401004,39.69
godown_Yadadri Bhuvanagiri,shop_4401005,39.491
godown_Yadadri Bhuvanagiri,shop_4401006,39.665
godown_Yadadri Bhuvanagiri,shop_4401007,39.07
godown_Yadadri Bhuvanagiri,shop_4401008,41.525
godown_Yadadri Bhuvanagiri,shop_4401009,39.649
godown_Yadadri Bhuvanagiri,shop_4401010,44.559
godown_Yadadri Bhuvanagiri,shop_4401011,44.502
godown_Yadadri Bhuvanagiri,shop_4401012,44.431
godown_Yadadri Bhuvanagiri,shop_4401013,44.426
godown_Yadadri Bhuvanagiri,shop_4401014,44.143
godown_Yadadri Bhuvanagiri,shop_4401015,47.289
godown_Yadadri Bhuvanagiri,shop_4401016,39.146
godown_Yadadri Bhuvanagiri,shop_4401017,39.086
godown_Yadadri Bhuvanagiri,shop_4401018,43.235
godown_Yadadri Bhuvanagiri,shop_4401019,39.621
godown_Yadadri Bhuvanagiri,shop_4401020,39.723
godown_Yadadri Bhuvanagiri,shop_4401021,39.157
godown_Yadadri Bhuvanagiri,shop_4401022,43.137
godown_Yadadri Bhuvanagiri,shop_4401023,40.881
godown_Yadadri Bhuvanagiri,shop_4401024,40.706
godown_Yadadri Bhuvanagiri,shop_4401025,39.754
godown_Yadadri Bhuvanagiri,shop_4401026,39.499
godown_Yadadri Bhuvanagiri,shop_4401027,46.677
godown_Yadadri Bhuvanagiri,shop_4401028,46.666
godown_Yadadri Bhuvanagiri,shop_4401029,37.186
godown_Yadadri Bhuvanagiri,shop_4401030,37.676
godown_Yadadri Bhuvanagiri,shop_4401031,39.525
godown_Yadadri Bhuvanagiri,shop_4402001,37.281
godown_Yadadri Bhuvanagiri,shop_4402002,40.097
godown_Yadadri Bhuvanagiri,shop_4402003,30.858
godown_Yadadri Bhuvanagiri,shop_4402004,30.268
godown_Yadadri Bhuvanagiri,shop_4402005,28.016
godown_Yadadri Bhuvanagiri,shop_4402006,31.327
godown_Yadadri Bhuvanagiri,shop_4402007,31.226
godown_Yadadri Bhuvanagiri,shop_4402008,38.036
godown_Yadadri Bhuvanagiri,shop_4402009,38.49
godown_Yadadri Bhuvanagiri,shop_4402010,38.322
godown_Yadadri Bhuvanagiri,shop_4402011,36.014
godown_Yadadri Bhuvanagiri,shop_4402012,32.931
godown_Yadadri Bhuvanagiri,shop_4402013,34.905
godown_Yadadri Bhuvanagiri,shop_4402014,28.565
godown_Yadadri Bhuvanagiri,shop_4402015,28.691
godown_Yadadri Bhuvanagiri,shop_4402016,26.543
godown_Yadadri Bhuvanagiri,shop_4402017,31.742
godown_Yadadri Bhuvanagiri,shop_4402018,36.542
godown_Yadadri Bhuvanagiri,shop_4402019,33.91
godown_Yadadri Bhuvanagiri,shop_4402020,30.856
godown_Yadadri Bhuvanagiri,shop_4402021,26.756
godown_Yadadri Bhuvanagiri,shop_4402022,33.031
godown_Yadadri Bhuvanagiri,shop_4402023,40.165
godown_Yadadri Bhuvanagiri,shop_4402024,28.531
godown_Yadadri Bhuvanagiri,shop_4402025,30.277
godown_Yadadri Bhuvanagiri,shop_4402026,41.365
godown_Yadadri Bhuvanagiri,shop_4402027,31.93
godown_Yadadri Bhuvanagiri,shop_4403001,24.441
godown_Yadadri Bhuvanagiri,shop_4403002,25.491
godown_Yadadri Bhuvanagiri,shop_4403003,27.978
godown_Yadadri Bhuvanagiri,shop_4403004,25.3
godown_Yadadri Bhuvanagiri,shop_4403005,29.542
godown_Yadadri Bhuvanagiri,shop_4403006,27.464
godown_Yadadri Bhuvanagiri,shop_4403007,24.678
godown_Yadadri Bhuvanagiri,shop_4403008,24.621
godown_Yadadri Bhuvanagiri,shop_4403009,28.445
godown_Yadadri Bhuvanagiri,shop_4403010,28.33
godown_Yadadri Bhuvanagiri,shop_4403011,27.174
godown_Yadadri Bhuvanagiri,shop_4403012,26.963
godown_Yadadri Bhuvanagiri,shop_4403013,23.803
godown_Yadadri Bhuvanagiri,shop_4403014,23.484
godown_Yadadri Bhuvanagiri,shop_4403015,25.143
godown_Yadadri Bhuvanagiri,shop_4403016,18.904
godown_Yadadri Bhuvanagiri,shop_4403017,22.614
godown_Yadadri Bhuvanagiri,shop_4403018,25.543
godown_Yadadri Bhuvanagiri,shop_4403019,22.203
godown_Yadadri Bhuvanagiri,shop_4403020,21.142
godown_Yadadri Bhuvanagiri,shop_4403021,18.86
godown_Yadadri Bhuvanagiri,shop_4403022,17.091
godown_Yadadri Bhuvanagiri,shop_4403023,7.36
godown_Yadadri Bhuvanagiri,shop_4403024,77.121
godown_Yadadri Bhuvanagiri,shop_4403025,22.774
godown_Yadadri Bhuvanagiri,shop_4403026,20.854
godown_Yadadri Bhuvanagiri,shop_4403027,19.514
godown_Yadadri Bhuvanagiri,shop_4403028,15.897
godown_Yadadri Bhuvanagiri,shop_4403029,14.772
godown_Yadadri Bhuvanagiri,shop_4403030,15.967
godown_Yadadri Bhuvanagiri,shop_4403031,14.779
godown_Yadadri Bhuvanagiri,shop_4403032,10.588
godown_Yadadri Bhuvanagiri,shop_4403033,10.714
godown_Yadadri Bhuvanagiri,shop_4403034,11.415
godown_Yadadri Bhuvanagiri,shop_4403035,25.832
godown_Yadadri Bhuvanagiri,shop_4403036,8.938
godown_Yadadri Bhuvanagiri,shop_4403037,24.683
godown_Yadadri Bhuvanagiri,shop_4403038,26.408
godown_Yadadri Bhuvanagiri,shop_4404001,22.939
godown_Yadadri Bhuvanagiri,shop_4404002,21.951
godown_Yadadri Bhuvanagiri,shop_4404003,21.478
godown_Yadadri Bhuvanagiri,shop_4404004,21.032
godown_Yadadri Bhuvanagiri,shop_4404005,22.636
godown_Yadadri Bhuvanagiri,shop_4404006,22.561
godown_Yadadri Bhuvanagiri,shop_4404007,22.129
godown_Yadadri Bhuvanagiri,shop_4404008,21.145
godown_Yadadri Bhuvanagiri,shop_4404009,23.089
godown_Yadadri Bhuvanagiri,shop_4404010,21.235
godown_Yadadri Bhuvanagiri,shop_4404011,21.504
godown_Yadadri Bhuvanagiri,shop_4404012,23.333
godown_Yadadri Bhuvanagiri,shop_4404013,20.931
godown_Yadadri Bhuvanagiri,shop_4404014,22.768
godown_Yadadri Bhuvanagiri,shop_4404015,23.647
godown_Yadadri Bhuvanagiri,shop_4404016,22.589
godown_Yadadri Bhuvanagiri,shop_4404017,23.389
godown_Yadadri Bhuvanagiri,shop_4405001,20.427
godown_Yadadri Bhuvanagiri,shop_4405002,27.072
godown_Yadadri Bhuvanagiri,shop_4405003,18.764
godown_Yadadri Bhuvanagiri,shop_4405005,16.15
godown_Yadadri Bhuvanagiri,shop_4405006,27.44
godown_Yadadri Bhuvanagiri,shop_4405007,19.06
godown_Yadadri Bhuvanagiri,shop_4405008,23.419
godown_Yadadri Bhuvanagiri,shop_4405010,14.296
godown_Yadadri Bhuvanagiri,shop_4405011,13.188
godown_Yadadri Bhuvanagiri,shop_4405012,16.528
godown_Yadadri Bhuvanagiri,shop_4405013,16.148
godown_Yadadri Bhuvanagiri,shop_4405014,21.044
godown_Yadadri Bhuvanagiri,shop_4405015,20.463
godown_Yadadri Bhuvanagiri,shop_4405016,18.275
godown_Yadadri Bhuvanagiri,shop_4405017,12.684
godown_Yadadri Bhuvanagiri,shop_4405018,14.336
godown_Yadadri Bhuvanagiri,shop_4405019,10.356
godown_Yadadri Bhuvanagiri,shop_4405020,12.048
godown_Yadadri Bhuvanagiri,shop_4405021,23.287
godown_Yadadri Bhuvanagiri,shop_4405022,16.195
godown_Yadadri Bhuvanagiri,shop_4405023,20.734
godown_Yadadri Bhuvanagiri,shop_4405024,17.873
godown_Yadadri Bhuvanagiri,shop_4405025,18.057
godown_Yadadri Bhuvanagiri,shop_4405026,27.642
godown_Yadadri Bhuvanagiri,shop_4405028,23.781
godown_Yadadri Bhuvanagiri,shop_4405029,14.86
godown_Yadadri Bhuvanagiri,shop_4405030,20.42
godown_Yadadri Bhuvanagiri,shop_4405031,12.965
godown_Yadadri Bhuvanagiri,shop_4405032,25.717
godown_Yadadri Bhuvanagiri,shop_4405033,24.593
godown_Yadadri Bhuvanagiri,shop_4406001,40.52
godown_Yadadri Bhuvanagiri,shop_4406002,32.044
godown_Yadadri Bhuvanagiri,shop_4406003,36.902
godown_Yadadri Bhuvanagiri,shop_4406004,38.776
godown_Yadadri Bhuvanagiri,shop_4406005,36.065
godown_Yadadri Bhuvanagiri,shop_4406006,31.277
godown_Yadadri Bhuvanagiri,shop_4406007,26.851
godown_Yadadri Bhuvanagiri,shop_4406009,25.78
godown_Yadadri Bhuvanagiri,shop_4406010,36.311
godown_Yadadri Bhuvanagiri,shop_4406011,32.228
godown_Yadadri Bhuvanagiri,shop_4406012,32.843
godown_Yadadri Bhuvanagiri,shop_4406013,37.496
godown_Yadadri Bhuvanagiri,shop_4406014,31.316
godown_Yadadri Bhuvanagiri,shop_4406015,35.344
godown_Yadadri Bhuvanagiri,shop_4406016,37.477
godown_Yadadri Bhuvanagiri,shop_4406017,34.105
godown_Yadadri Bhuvanagiri,shop_4406018,29.394
godown_Yadadri Bhuvanagiri,shop_4406019,29.108
godown_Yadadri Bhuvanagiri,shop_4406020,30.377
godown_Yadadri Bhuvanagiri,shop_4406021,35.34
godown_Yadadri Bhuvanagiri,shop_4406022,29.012
godown_Yadadri Bhuvanagiri,shop_4406023,35.039
godown_Yadadri Bhuvanagiri,shop_4406024,34.852
godown_Yadadri Bhuvanagiri,shop_4406025,34.027
godown_Yadadri Bhuvanagiri,shop_4406026,31.005
godown_Yadadri Bhuvanagiri,shop_4406027,25.532
godown_Yadadri Bhuvanagiri,shop_4406028,37.457
godown_Yadadri Bhuvanagiri,shop_4406029,30.382
godown_Yadadri Bhuvanagiri,shop_4406030,33.108
godown_Yadadri Bhuvanagiri,shop_4407001,8.567
godown_Yadadri Bhuvanagiri,shop_4407002,9.646
godown_Yadadri Bhuvanagiri,shop_4407003,2.302
godown_Yadadri Bhuvanagiri,shop_4407004,8.3
godown_Yadadri Bhuvanagiri,shop_4407005,14.816
godown_Yadadri Bhuvanagiri,shop_4407006,8.466
godown_Yadadri Bhuvanagiri,shop_4407007,5.967
godown_Yadadri Bhuvanagiri,shop_4407008,9.186
godown_Yadadri Bhuvanagiri,shop_4407009,5.54
godown_Yadadri Bhuvanagiri,shop_4407010,0.419
godown_Yadadri Bhuvanagiri,shop_4407011,9.209
godown_Yadadri Bhuvanagiri,shop_4407012,2.851
godown_Yadadri Bhuvanagiri,shop_4407013,9.053
godown_Yadadri Bhuvanagiri,shop_4407014,2.319
godown_Yadadri Bhuvanagiri,shop_4407015,9.239
godown_Yadadri Bhuvanagiri,shop_4407016,5.37
godown_Yadadri Bhuvanagiri,shop_4407017,12.84
godown_Yadadri Bhuvanagiri,shop_4407018,9.966
godown_Yadadri Bhuvanagiri,shop_4407019,10.09
godown_Yadadri Bhuvanagiri,shop_4407020,8.552
godown_Yadadri Bhuvanagiri,shop_4407021,11.574
godown_Yadadri Bhuvanagiri,shop_4407022,7.274
godown_Yadadri Bhuvanagiri,shop_4407023,7.212
godown_Yadadri Bhuvanagiri,shop_4407024,12.08
godown_Yadadri Bhuvanagiri,shop_4407025,11.745
godown_Yadadri Bhuvanagiri,shop_4407026,11.747
godown_Yadadri Bhuvanagiri,shop_4407027,5.872
godown_Yadadri Bhuvanagiri,shop_4407028,13.789
godown_Yadadri Bhuvanagiri,shop_4407029,6.225
godown_Yadadri Bhuvanagiri,shop_4407030,7.337
godown_Yadadri Bhuvanagiri,shop_4407031,3.87
godown_Yadadri Bhuvanagiri,shop_4407032,7.134
godown_Yadadri Bhuvanagiri,shop_4407033,6.49
godown_Yadadri Bhuvanagiri,shop_4407034,7.481
godown_Yadadri Bhuvanagiri,shop_4407035,6.733
godown_Yadadri Bhuvanagiri,shop_4407036,10.159
godown_Yadadri Bhuvanagiri,shop_4407038,14.434
godown_Yadadri Bhuvanagiri,shop_4407039,7.276
godown_Yadadri Bhuvanagiri,shop_4407040,6.888
godown_Yadadri Bhuvanagiri,shop_4407041,7.087
godown_Yadadri Bhuvanagiri,shop_4407042,7.014
godown_Yadadri Bhuvanagiri,shop_4407043,6.495
godown_Yadadri Bhuvanagiri,shop_4408001,40.432
godown_Yadadri Bhuvanagiri,shop_4408002,40.002
godown_Yadadri Bhuvanagiri,shop_4408003,41.481
godown_Yadadri Bhuvanagiri,shop_4408004,43.062
godown_Yadadri Bhuvanagiri,shop_4408005,40.673
godown_Yadadri Bhuvanagiri,shop_4408006,36.138
godown_Yadadri Bhuvanagiri,shop_4408007,44.236
godown_Yadadri Bhuvanagiri,shop_4408008,42.713
godown_Yadadri Bhuvanagiri,shop_4408009,41.139
godown_Yadadri Bhuvanagiri,shop_4408010,41.135
godown_Yadadri Bhuvanagiri,shop_4408011,41.506
godown_Yadadri Bhuvanagiri,shop_4408012,41.475
godown_Yadadri Bhuvanagiri,shop_4408013,37.859
godown_Yadadri Bhuvanagiri,shop_4408014,36.135
godown_Yadadri Bhuvanagiri,shop_4408015,36.647
godown_Yadadri Bhuvanagiri,shop_4408016,45.192
godown_Yadadri Bhuvanagiri,shop_4408017,40.221
godown_Yadadri Bhuvanagiri,shop_4408018,35.272
godown_Yadadri Bhuvanagiri,shop_4408019,48.032
godown_Yadadri Bhuvanagiri,shop_4409001,38.534
godown_Yadadri Bhuvanagiri,shop_4409002,44.618
godown_Yadadri Bhuvanagiri,shop_4409003,38.184
godown_Yadadri Bhuvanagiri,shop_4409004,36.499
godown_Yadadri Bhuvanagiri,shop_4409005,36.601
godown_Yadadri Bhuvanagiri,shop_4409006,37.959
godown_Yadadri Bhuvanagiri,shop_4409007,41.527
godown_Yadadri Bhuvanagiri,shop_4409008,41.806
godown_Yadadri Bhuvanagiri,shop_4409009,45.776
godown_Yadadri Bhuvanagiri,shop_4409010,40.821
godown_Yadadri Bhuvanagiri,shop_4409011,43.262
godown_Yadadri Bhuvanagiri,shop_4409012,42.935
godown_Yadadri Bhuvanagiri,shop_4409013,30.38
godown_Yadadri Bhuvanagiri,shop_4409014,31.986
godown_Yadadri Bhuvanagiri,shop_4409015,33.033
godown_Yadadri Bhuvanagiri,shop_4409016,34.473
godown_Yadadri Bhuvanagiri,shop_4409017,36.278
godown_Yadadri Bhuvanagiri,shop_4409018,37.446
godown_Yadadri Bhuvanagiri,shop_4409019,37.578
godown_Yadadri Bhuvanagiri,shop_4409020,39.139
godown_Yadadri Bhuvanagiri,shop_4409021,36.177
godown_Yadadri Bhuvanagiri,shop_4409022,42.329
godown_Yadadri Bhuvanagiri,shop_4409023,46.951
godown_Yadadri Bhuvanagiri,shop_4409024,40.355
godown_Yadadri Bhuvanagiri,shop_4409025,34.193
godown_Yadadri Bhuvanagiri,shop_4409026,32.551
godown_Yadadri Bhuvanagiri,shop_4410001,17.216
godown_Yadadri Bhuvanagiri,shop_4410002,17.472
godown_Yadadri Bhuvanagiri,shop_4410003,17.529
godown_Yadadri Bhuvanagiri,shop_4410004,17.191
godown_Yadadri Bhuvanagiri,shop_4410005,15.213
godown_Yadadri Bhuvanagiri,shop_4410006,14.667
godown_Yadadri Bhuvanagiri,shop_4410007,13.543
godown_Yadadri Bhuvanagiri,shop_4410008,19.196
godown_Yadadri Bhuvanagiri,shop_4410009,12.332
godown_Yadadri Bhuvanagiri,shop_4410010,15.92
godown_Yadadri Bhuvanagiri,shop_4410011,21.316
godown_Yadadri Bhuvanagiri,shop_4410012,17.546
godown_Yadadri Bhuvanagiri,shop_4410013,17.604
godown_Yadadri Bhuvanagiri,shop_4410014,17.694
godown_Yadadri Bhuvanagiri,shop_4410015,17.617
godown_Yadadri Bhuvanagiri,shop_4410016,18.111
godown_Yadadri Bhuvanagiri,shop_4410017,21.18
godown_Yadadri Bhuvanagiri,shop_4410018,22.512
godown_Yadadri Bhuvanagiri,shop_4410019,23.263
godown_Yadadri Bhuvanagiri,shop_4410020,24.536
godown_Yadadri Bhuvanagiri,shop_4410021,25.756
godown_Yadadri Bhuvanagiri,shop_4410022,20.394
godown_Yadadri Bhuvanagiri,shop_4410023,19.761
godown_Yadadri Bhuvanagiri,shop_4410024,22.846
godown_Yadadri Bhuvanagiri,shop_4410025,23.077
godown_Yadadri Bhuvanagiri,shop_4410026,27.897
godown_Yadadri Bhuvanagiri,shop_4410027,26.534
godown_Yadadri Bhuvanagiri,shop_4410028,22.86
godown_Yadadri Bhuvanagiri,shop_4410029,24.775
godown_Yadadri Bhuvanagiri,shop_4410030,22.988
godown_Yadadri Bhuvanagiri,shop_4410031,16.551
godown_Yadadri Bhuvanagiri,shop_4410032,8839.777
godown_Yadadri Bhuvanagiri,shop_4410033,15.383
godown_Yadadri Bhuvanagiri,shop_4410034,24.096
godown_Yadadri Bhuvanagiri,shop_4410035,25.662
godown_Yadadri Bhuvanagiri,shop_4410036,26.903
godown_Yadadri Bhuvanagiri,shop_4411001,8.838
godown_Yadadri Bhuvanagiri,shop_4411002,9.08
godown_Yadadri Bhuvanagiri,shop_4411003,9.484
godown_Yadadri Bhuvanagiri,shop_4411004,8.926
godown_Yadadri Bhuvanagiri,shop_4411005,9.557
godown_Yadadri Bhuvanagiri,shop_4411006,6.481
godown_Yadadri Bhuvanagiri,shop_4411007,5.805
godown_Yadadri Bhuvanagiri,shop_4411008,10.417
godown_Yadadri Bhuvanagiri,shop_4411009,11.027
godown_Yadadri Bhuvanagiri,shop_4411010,14.737
godown_Yadadri Bhuvanagiri,shop_4411011,15.375
godown_Yadadri Bhuvanagiri,shop_4411012,14.691
godown_Yadadri Bhuvanagiri,shop_4411013,15.193
godown_Yadadri Bhuvanagiri,shop_4411014,8.393
godown_Yadadri Bhuvanagiri,shop_4411015,18.561
godown_Yadadri Bhuvanagiri,shop_4411016,8.697
godown_Yadadri Bhuvanagiri,shop_4411017,12.299
godown_Yadadri Bhuvanagiri,shop_4411018,6.935
godown_Yadadri Bhuvanagiri,shop_4411019,5.837
godown_Yadadri Bhuvanagiri,shop_4411020,12.291
godown_Yadadri Bhuvanagiri,shop_4411021,4.863
godown_Yadadri Bhuvanagiri,shop_4411022,3.53
godown_Yadadri Bhuvanagiri,shop_4411023,4.859
godown_Yadadri Bhuvanagiri,shop_4411024,17.936
godown_Yadadri Bhuvanagiri,shop_4411025,9.575
godown_Yadadri Bhuvanagiri,shop_4411026,9.706
godown_Yadadri Bhuvanagiri,shop_4411027,8.788
godown_Yadadri Bhuvanagiri,shop_4411028,5.809
godown_Yadadri Bhuvanagiri,shop_4411029,5.405
godown_Yadadri Bhuvanagiri,shop_4411030,17.937
godown_Yadadri Bhuvanagiri,shop_4411031,12.283
godown_Yadadri Bhuvanagiri,shop_4412001,44.482
godown_Yadadri Bhuvanagiri,shop_4412002,42.308
godown_Yadadri Bhuvanagiri,shop_4412003,51.128
godown_Yadadri Bhuvanagiri,shop_4412004,43.551
godown_Yadadri Bhuvanagiri,shop_4412005,48.79
godown_Yadadri Bhuvanagiri,shop_4412006,46.363
godown_Yadadri Bhuvanagiri,shop_4412007,45.977
godown_Yadadri Bhuvanagiri,shop_4412008,43.357
godown_Yadadri Bhuvanagiri,shop_4412009,43.528
godown_Yadadri Bhuvanagiri,shop_4412010,40.609
godown_Yadadri Bhuvanagiri,shop_4412011,45.973
godown_Yadadri Bhuvanagiri,shop_4412012,50.77
godown_Yadadri Bhuvanagiri,shop_4412013,50.918
godown_Yadadri Bhuvanagiri,shop_4412014,53.352
godown_Yadadri Bhuvanagiri,shop_4412015,46.608
godown_Yadadri Bhuvanagiri,shop_4412016,40.775
godown_Yadadri Bhuvanagiri,shop_4412017,46.406
godown_Yadadri Bhuvanagiri,shop_4412018,50.815
godown_Yadadri Bhuvanagiri,shop_4412019,46.341
godown_Yadadri Bhuvanagiri,shop_4412020,40.737
godown_Yadadri Bhuvanagiri,shop_4412021,49.65
godown_Yadadri Bhuvanagiri,shop_4412022,49.501
godown_Yadadri Bhuvanagiri,shop_4412023,48.748
godown_Yadadri Bhuvanagiri,shop_4413001,16.432
godown_Yadadri Bhuvanagiri,shop_4413002,16.43
godown_Yadadri Bhuvanagiri,shop_4413003,18.311
godown_Yadadri Bhuvanagiri,shop_4413004,33.025
godown_Yadadri Bhuvanagiri,shop_4413005,23.31
godown_Yadadri Bhuvanagiri,shop_4413006,28.899
godown_Yadadri Bhuvanagiri,shop_4413007,29.272
godown_Yadadri Bhuvanagiri,shop_4413008,32.505
godown_Yadadri Bhuvanagiri,shop_4413009,32.315
godown_Yadadri Bhuvanagiri,shop_4413010,28.419
godown_Yadadri Bhuvanagiri,shop_4413011,21.029
godown_Yadadri Bhuvanagiri,shop_4413012,26.956
godown_Yadadri Bhuvanagiri,shop_4413013,24.236
godown_Yadadri Bhuvanagiri,shop_4413014,20.519
godown_Yadadri Bhuvanagiri,shop_4413015,18.895
godown_Yadadri Bhuvanagiri,shop_4413016,16.562
godown_Yadadri Bhuvanagiri,shop_4413017,16.742
godown_Yadadri Bhuvanagiri,shop_4413018,20.856
godown_Yadadri Bhuvanagiri,shop_4413019,20.848
godown_Yadadri Bhuvanagiri,shop_4413020,20.762
godown_Yadadri Bhuvanagiri,shop_4413021,20.657
godown_Yadadri Bhuvanagiri,shop_4413022,24.569
godown_Yadadri Bhuvanagiri,shop_4413023,13.291
godown_Yadadri Bhuvanagiri,shop_4413024,13.289
godown_Yadadri Bhuvanagiri,shop_4413025,10.843
godown_Yadadri Bhuvanagiri,shop_4413026,36.171
godown_Yadadri Bhuvanagiri,shop_4413027,16.629
godown_Yadadri Bhuvanagiri,shop_4413028,13.528
godown_Yadadri Bhuvanagiri,shop_4413029,20.326
godown_Yadadri Bhuvanagiri,shop_4413030,27.117
godown_Yadadri Bhuvanagiri,shop_4414001,30.648
godown_Yadadri Bhuvanagiri,shop_4414002,30.655
godown_Yadadri Bhuvanagiri,shop_4414003,30.649
godown_Yadadri Bhuvanagiri,shop_4414004,14.209
godown_Yadadri Bhuvanagiri,shop_4414005,27.954
godown_Yadadri Bhuvanagiri,shop_4414006,14.684
godown_Yadadri Bhuvanagiri,shop_4414007,21.838
godown_Yadadri Bhuvanagiri,shop_4414008,8.407
godown_Yadadri Bhuvanagiri,shop_4414009,12.555
godown_Yadadri Bhuvanagiri,shop_4414010,29.106
godown_Yadadri Bhuvanagiri,shop_4414011,21.715
godown_Yadadri Bhuvanagiri,shop_4414012,17.488
godown_Yadadri Bhuvanagiri,shop_4414013,20.707
godown_Yadadri Bhuvanagiri,shop_4414014,21.283
godown_Yadadri Bhuvanagiri,shop_4414015,14.216
godown_Yadadri Bhuvanagiri,shop_4414016,16.506
godown_Yadadri Bhuvanagiri,shop_4414017,25.306
godown_Yadadri Bhuvanagiri,shop_4414018,15.533
godown_Yadadri Bhuvanagiri,shop_4414019,11.401
godown_Yadadri Bhuvanagiri,shop_4414020,21.664
godown_Yadadri Bhuvanagiri,shop_4414021,27.128
godown_Yadadri Bhuvanagiri,shop_4414022,11.591
godown_Yadadri Bhuvanagiri,shop_4414023,10.861
godown_Yadadri Bhuvanagiri,shop_4414024,14.623
godown_Yadadri Bhuvanagiri,shop_4414025,14.572
godown_Yadadri Bhuvanagiri,shop_4414026,8.257
godown_Yadadri Bhuvanagiri,shop_4414027,15.299
godown_Yadadri Bhuvanagiri,shop_4414028,19.927
godown_Yadadri Bhuvanagiri,shop_4414029,5.864
godown_Yadadri Bhuvanagiri,shop_4414030,17.17
godown_Yadadri Bhuvanagiri,shop_4414031,11.676
godown_Yadadri Bhuvanagiri,shop_4414032,14.848
godown_Yadadri Bhuvanagiri,shop_4414033,14.275
godown_Yadadri Bhuvanagiri,shop_4414034,5.523
godown_Yadadri Bhuvanagiri,shop_4414035,18.727
godown_Yadadri Bhuvanagiri,shop_4414036,24.704
godown_Yadadri Bhuvanagiri,shop_4414037,24.854
godown_Yadadri Bhuvanagiri,shop_4414038,24.488
godown_Yadadri Bhuvanagiri,shop_4414039,10.042
godown_Yadadri Bhuvanagiri,shop_4414040,9.904
godown_Yadadri Bhuvanagiri,shop_4414041,6.083
godown_Yadadri Bhuvanagiri,shop_4414042,14.532
godown_Yadadri Bhuvanagiri,shop_4414043,18.724
godown_Yadadri Bhuvanagiri,shop_4414044,16.502
godown_Yadadri Bhuvanagiri,shop_4415001,31.167
godown_Yadadri Bhuvanagiri,shop_4415002,30.584
godown_Yadadri Bhuvanagiri,shop_4415003,30.368
godown_Yadadri Bhuvanagiri,shop_4415004,29.299
godown_Yadadri Bhuvanagiri,shop_4415005,30.195
godown_Yadadri Bhuvanagiri,shop_4415006,31.741
godown_Yadadri Bhuvanagiri,shop_4415007,33.689
godown_Yadadri Bhuvanagiri,shop_4415008,36.066
godown_Yadadri Bhuvanagiri,shop_4415009,39.078
godown_Yadadri Bhuvanagiri,shop_4415010,39.533
godown_Yadadri Bhuvanagiri,shop_4415011,39.492
godown_Yadadri Bhuvanagiri,shop_4415012,38.759
godown_Yadadri Bhuvanagiri,shop_4415013,30.04
godown_Yadadri Bhuvanagiri,shop_4415014,36.04
godown_Yadadri Bhuvanagiri,shop_4415015,34.026
godown_Yadadri Bhuvanagiri,shop_4415016,32.898
godown_Yadadri Bhuvanagiri,shop_4415017,35.035
godown_Yadadri Bhuvanagiri,shop_4415018,32.059
godown_Yadadri Bhuvanagiri,shop_4415019,30.044
godown_Yadadri Bhuvanagiri,shop_4415020,30.017
godown_Yadadri Bhuvanagiri,shop_4415021,28.141
godown_Yadadri Bhuvanagiri,shop_4415022,29.254
godown_Yadadri Bhuvanagiri,shop_4415023,29.596
godown_Yadadri Bhuvanagiri,shop_4415024,30.372
godown_Yadadri Bhuvanagiri,shop_4415025,32.928
godown_Yadadri Bhuvanagiri,shop_4415026,31.459
godown_Yadadri Bhuvanagiri,shop_4415027,35.246
godown_Yadadri Bhuvanagiri,shop_4415028,35.235
godown_Yadadri Bhuvanagiri,shop_4416001,32.005
godown_Yadadri Bhuvanagiri,shop_4416002,27.608
godown_Yadadri Bhuvanagiri,shop_4416003,34.472
godown_Yadadri Bhuvanagiri,shop_4416004,24.339
godown_Yadadri Bhuvanagiri,shop_4416005,27.383
godown_Yadadri Bhuvanagiri,shop_4416006,26.433
godown_Yadadri Bhuvanagiri,shop_4416007,25.191
godown_Yadadri Bhuvanagiri,shop_4416008,37.882
godown_Yadadri Bhuvanagiri,shop_4416009,38.003
godown_Yadadri Bhuvanagiri,shop_4416010,34.702
godown_Yadadri Bhuvanagiri,shop_4416011,36.517
godown_Yadadri Bhuvanagiri,shop_4416012,36.419
godown_Yadadri Bhuvanagiri,shop_4416013,30.206
godown_Yadadri Bhuvanagiri,shop_4416014,30.37
godown_Yadadri Bhuvanagiri,shop_4416015,29.68
godown_Yadadri Bhuvanagiri,shop_4416016,32.404
godown_Yadadri Bhuvanagiri,shop_4416017,23.422
godown_Yadadri Bhuvanagiri,shop_4416018,30.152
godown_Yadadri Bhuvanagiri,shop_4416019,30.838
godown_Yadadri Bhuvanagiri,shop_4416020,28.273
godown_Yadadri Bhuvanagiri,shop_4417001,51.345
godown_Yadadri Bhuvanagiri,shop_4417002,51.666
godown_Yadadri Bhuvanagiri,shop_4417003,48.57
godown_Yadadri Bhuvanagiri,shop_4417004,49.032
godown_Yadadri Bhuvanagiri,shop_4417005,51.06
godown_Yadadri Bhuvanagiri,shop_4417006,55.439
godown_Yadadri Bhuvanagiri,shop_4417007,51.548
godown_Yadadri Bhuvanagiri,shop_4417008,45.32
godown_Yadadri Bhuvanagiri,shop_4417009,45.36
godown_Yadadri Bhuvanagiri,shop_4417010,54.775
godown_Yadadri Bhuvanagiri,shop_4417011,52.763
godown_Yadadri Bhuvanagiri,shop_4417012,52.471
godown_Yadadri Bhuvanagiri,shop_4417013,47.418
godown_Yadadri Bhuvanagiri,shop_4417014,54.956
godown_Yadadri Bhuvanagiri,shop_4417015,54.924
godown_Yadadri Bhuvanagiri,shop_4417016,55.758
godown_Yadadri Bhuvanagiri,shop_4417017,49.239
godown_Yadadri Bhuvanagiri,shop_4417018,51.432
godown_Yadadri Bhuvanagiri,shop_4417019,49.011
godown_Yadadri Bhuvanagiri,shop_4417020,51.302
godown_Yadadri Bhuvanagiri,shop_4418001,47.325
godown_Yadadri Bhuvanagiri,shop_4418002,47.321
godown_Yadadri Bhuvanagiri,shop_4418003,49.094
godown_Yadadri Bhuvanagiri,shop_4418004,41.269
godown_Yadadri Bhuvanagiri,shop_4418005,47.185
godown_Yadadri Bhuvanagiri,shop_4418007,52.284
godown_Yadadri Bhuvanagiri,shop_4418008,53.354
godown_Yadadri Bhuvanagiri,shop_4418009,40.563
godown_Yadadri Bhuvanagiri,shop_4418010,44.885
godown_Yadadri Bhuvanagiri,shop_4418011,39.933
godown_Yadadri Bhuvanagiri,shop_4418012,41.297
godown_Yadadri Bhuvanagiri,shop_4418013,49.047
godown_Yadadri Bhuvanagiri,shop_4418014,46.296
godown_Yadadri Bhuvanagiri,shop_4418015,44.856
godown_Yadadri Bhuvanagiri,shop_4418016,43.803
godown_Yadadri Bhuvanagiri,shop_4418017,48.369
godown_Yadadri Bhuvanagiri,shop_4418018,45.758
godown_Yadadri Bhuvanagiri,shop_4418019,46.061
godown_Yadadri Bhuvanagiri,shop_4418020,43.771
godown_Yadadri Bhuvanagiri,shop_4418021,49.315
godown_Mulugu,shop_4501001,47.918
godown_Mulugu,shop_4501002,48.455
godown_Mulugu,shop_4501003,42.965
godown_Mulugu,shop_4501004,38.057
godown_Mulugu,shop_4501005,45.457
godown_Mulugu,shop_4501006,50.314
godown_Mulugu,shop_4501007,40.439
godown_Mulugu,shop_4501008,47.469
godown_Mulugu,shop_4501009,46.079
godown_Mulugu,shop_4501010,49.755
godown_Mulugu,shop_4501011,50.73
godown_Mulugu,shop_4501012,50.401
godown_Mulugu,shop_4501013,48.388
godown_Mulugu,shop_4501014,46.637
godown_Mulugu,shop_4501015,48.475
godown_Mulugu,shop_4501016,48.68
godown_Mulugu,shop_4501017,46.642
godown_Mulugu,shop_4501018,46.289
godown_Mulugu,shop_4501019,45.46
godown_Mulugu,shop_4501020,49.626
godown_Mulugu,shop_4501021,44.316
godown_Mulugu,shop_4501022,49.825
godown_Mulugu,shop_4501023,48.552
godown_Mulugu,shop_4501024,53.737
godown_Mulugu,shop_4501025,38.636
godown_Mulugu,shop_4501026,50.395
godown_Mulugu,shop_4501027,52.46
godown_Mulugu,shop_4502001,8.698
godown_Mulugu,shop_4502002,6.765
godown_Mulugu,shop_4502003,10.635
godown_Mulugu,shop_4502004,10.062
godown_Mulugu,shop_4502005,10.92
godown_Mulugu,shop_4502006,11.282
godown_Mulugu,shop_4502007,10.633
godown_Mulugu,shop_4502008,11.13
godown_Mulugu,shop_4502009,13.481
godown_Mulugu,shop_4502010,14.027
godown_Mulugu,shop_4502011,13.156
godown_Mulugu,shop_4502012,13.558
godown_Mulugu,shop_4502013,13.352
godown_Mulugu,shop_4502014,13.559
godown_Mulugu,shop_4502015,16.759
godown_Mulugu,shop_4502016,17.731
godown_Mulugu,shop_4502017,17.682
godown_Mulugu,shop_4502018,17.654
godown_Mulugu,shop_4502019,17.882
godown_Mulugu,shop_4502020,17.714
godown_Mulugu,shop_4502021,16.864
godown_Mulugu,shop_4502022,17.423
godown_Mulugu,shop_4502023,15.16
godown_Mulugu,shop_4502024,16.913
godown_Mulugu,shop_4502025,15.192
godown_Mulugu,shop_4502026,21.021
godown_Mulugu,shop_4502027,13.14
godown_Mulugu,shop_4502028,13
godown_Mulugu,shop_4502029,14.148
godown_Mulugu,shop_4502030,18.424
godown_Mulugu,shop_4502031,20.883
godown_Mulugu,shop_4502032,16.362
godown_Mulugu,shop_4503001,51.843
godown_Mulugu,shop_4503002,51.347
godown_Mulugu,shop_4503003,49.99
godown_Mulugu,shop_4503004,58.577
godown_Mulugu,shop_4503005,50.186
godown_Mulugu,shop_4503006,50.014
godown_Mulugu,shop_4503007,48.671
godown_Mulugu,shop_4503008,48.672
godown_Mulugu,shop_4503009,38.291
godown_Mulugu,shop_4503010,51.346
godown_Mulugu,shop_4503011,49.746
godown_Mulugu,shop_4503012,55.857
godown_Mulugu,shop_4503013,50.933
godown_Mulugu,shop_4504001,55.054
godown_Mulugu,shop_4504002,50.791
godown_Mulugu,shop_4504003,56.125
godown_Mulugu,shop_4504004,62.991
godown_Mulugu,shop_4504005,56.993
godown_Mulugu,shop_4504006,64.486
godown_Mulugu,shop_4504007,59.067
godown_Mulugu,shop_4504008,50.801
godown_Mulugu,shop_4504009,52.01
godown_Mulugu,shop_4504010,51.971
godown_Mulugu,shop_4504011,55.83
godown_Mulugu,shop_4504012,65.915
godown_Mulugu,shop_4504013,63.343
godown_Mulugu,shop_4504014,55.677
godown_Mulugu,shop_4504015,53.949
godown_Mulugu,shop_4504016,72.182
godown_Mulugu,shop_4504017,55.397
godown_Mulugu,shop_4504018,66.186
godown_Mulugu,shop_4504019,55.04
godown_Mulugu,shop_4504020,55.046
godown_Mulugu,shop_4504021,49.787
godown_Mulugu,shop_4504022,46.283
godown_Mulugu,shop_4504023,56.923
godown_Mulugu,shop_4504024,64.867
godown_Mulugu,shop_4504025,59.394
godown_Mulugu,shop_4504026,56.999
godown_Mulugu,shop_4504027,61.693
godown_Mulugu,shop_4504028,60.799
godown_Mulugu,shop_4504029,59.067
godown_Mulugu,shop_4504030,68.235
godown_Mulugu,shop_4504031,51.824
godown_Mulugu,shop_4504032,51.745
godown_Mulugu,shop_4504033,51.375
godown_Mulugu,shop_4504034,51.521
godown_Mulugu,shop_4504035,51.895
godown_Mulugu,shop_4504036,51.682
godown_Mulugu,shop_4504037,55.413
godown_Mulugu,shop_4504038,65.83
godown_Mulugu,shop_4504039,65.508
godown_Mulugu,shop_4504040,63.345
godown_Mulugu,shop_4504041,72.377
godown_Mulugu,shop_4504042,59.066
godown_Mulugu,shop_4504043,55.399
godown_Mulugu,shop_4504044,55.567
godown_Mulugu,shop_4505001,8.05
godown_Mulugu,shop_4505002,8.21
godown_Mulugu,shop_4505003,1.779
godown_Mulugu,shop_4505004,1.781
godown_Mulugu,shop_4505005,4.259
godown_Mulugu,shop_4505006,3.742
godown_Mulugu,shop_4505007,6.005
godown_Mulugu,shop_4505008,6.138
godown_Mulugu,shop_4505009,5.917
godown_Mulugu,shop_4505010,5.807
godown_Mulugu,shop_4505011,6
godown_Mulugu,shop_4505012,7.074
godown_Mulugu,shop_4505013,12.3
godown_Mulugu,shop_4505014,14.081
godown_Mulugu,shop_4505015,18.934
godown_Mulugu,shop_4505016,17.105
godown_Mulugu,shop_4505017,22.381
godown_Mulugu,shop_4505018,13.293
godown_Mulugu,shop_4505019,13.363
godown_Mulugu,shop_4505020,13.239
godown_Mulugu,shop_4505021,7.867
godown_Mulugu,shop_4505022,5.288
godown_Mulugu,shop_4505023,8.16
godown_Mulugu,shop_4505024,10.079
godown_Mulugu,shop_4505025,12.935
godown_Mulugu,shop_4505026,8.578
godown_Mulugu,shop_4505027,6.631
godown_Mulugu,shop_4505028,6.293
godown_Mulugu,shop_4505029,10.565
godown_Mulugu,shop_4505030,11.249
godown_Mulugu,shop_4505031,7.945
godown_Mulugu,shop_4505032,11.219
godown_Mulugu,shop_4505033,14.649
godown_Mulugu,shop_4505034,18.717
godown_Mulugu,shop_4505035,8.175
godown_Mulugu,shop_4506001,32.969
godown_Mulugu,shop_4506002,42.152
godown_Mulugu,shop_4506003,24.829
godown_Mulugu,shop_4506004,29.008
godown_Mulugu,shop_4506005,46.821
godown_Mulugu,shop_4506006,49.842
godown_Mulugu,shop_4506007,36.773
godown_Mulugu,shop_4506008,28.913
godown_Mulugu,shop_4506009,43.337
godown_Mulugu,shop_4506010,42.001
godown_Mulugu,shop_4506011,33.384
godown_Mulugu,shop_4506013,27.971
godown_Mulugu,shop_4506014,39.947
godown_Mulugu,shop_4506015,43.612
godown_Mulugu,shop_4506016,42.14
godown_Mulugu,shop_4506017,29.256
godown_Mulugu,shop_4506018,25.675
godown_Mulugu,shop_4506019,25.476
godown_Mulugu,shop_4506020,21.463
godown_Mulugu,shop_4506021,23.623
godown_Mulugu,shop_4506022,30.447
godown_Mulugu,shop_4506023,30.447
godown_Mulugu,shop_4507001,5.066
godown_Mulugu,shop_4507002,5.277
godown_Mulugu,shop_4507003,5.537
godown_Mulugu,shop_4507004,3.176
godown_Mulugu,shop_4507005,8.84
godown_Mulugu,shop_4507006,8.838
godown_Mulugu,shop_4507007,7.087
godown_Mulugu,shop_4507008,13.694
godown_Mulugu,shop_4507009,17.202
godown_Mulugu,shop_4507010,12.59
godown_Mulugu,shop_4507011,15.716
godown_Mulugu,shop_4507012,9.906
godown_Mulugu,shop_4507013,15.772
godown_Mulugu,shop_4507014,13.08
godown_Mulugu,shop_4507015,11.744
godown_Mulugu,shop_4507016,10.555
godown_Mulugu,shop_4507017,13.524
godown_Mulugu,shop_4507018,11.538
godown_Mulugu,shop_4507019,14.153
godown_Mulugu,shop_4507020,12.053
godown_Mulugu,shop_4508001,59.317
godown_Mulugu,shop_4508002,70.717
godown_Mulugu,shop_4508003,63.454
godown_Mulugu,shop_4508004,58.627
godown_Mulugu,shop_4508005,73.911
godown_Mulugu,shop_4508006,77.413
godown_Mulugu,shop_4508007,59.312
godown_Mulugu,shop_4508008,59.171
godown_Mulugu,shop_4508009,64.44
godown_Mulugu,shop_4508010,55.69
godown_Mulugu,shop_4508011,57.832
godown_Mulugu,shop_4508012,71.713
godown_Mulugu,shop_4508013,66.515
godown_Mulugu,shop_4508014,61.997
godown_Mulugu,shop_4508015,59.215
godown_Mulugu,shop_4508016,60.783
godown_Mulugu,shop_4509001,55.692
godown_Mulugu,shop_4509002,55.483
godown_Mulugu,shop_4509003,57.75
godown_Mulugu,shop_4509004,59.73
godown_Mulugu,shop_4509005,59.563
godown_Mulugu,shop_4509006,59.495
godown_Mulugu,shop_4509007,53.37
godown_Mulugu,shop_4509008,58.659
godown_Mulugu,shop_4509009,60.118
godown_Mulugu,shop_4509010,58.833
godown_Mulugu,shop_4509011,55.003
godown_Mulugu,shop_4509012,56.807
godown_Narayanpet,shop_4602001,15.951
godown_Narayanpet,shop_4602002,15.919
godown_Narayanpet,shop_4602003,17.949
godown_Narayanpet,shop_4602004,5.996
godown_Narayanpet,shop_4602005,4.781
godown_Narayanpet,shop_4602006,11.113
godown_Narayanpet,shop_4602007,15.601
godown_Narayanpet,shop_4602008,4.159
godown_Narayanpet,shop_4602009,12.177
godown_Narayanpet,shop_4602010,14.619
godown_Narayanpet,shop_4602011,7.352
godown_Narayanpet,shop_4602012,13.619
godown_Narayanpet,shop_4602013,7.259
godown_Narayanpet,shop_4602014,11.151
godown_Narayanpet,shop_4602015,16.423
godown_Narayanpet,shop_4602016,9.165
godown_Narayanpet,shop_4602017,7.736
godown_Narayanpet,shop_4602018,5.282
godown_Narayanpet,shop_4602019,5.29
godown_Narayanpet,shop_4602020,3.752
godown_Narayanpet,shop_4602021,3.573
godown_Narayanpet,shop_4602022,15.26
godown_Narayanpet,shop_4602023,15.167
godown_Narayanpet,shop_4602024,15.469
godown_Narayanpet,shop_4602025,0.804
godown_Narayanpet,shop_4602026,0.77
godown_Narayanpet,shop_4602027,1.529
godown_Narayanpet,shop_4602028,0.455
godown_Narayanpet,shop_4602029,1.055
godown_Narayanpet,shop_4602030,0.907
godown_Narayanpet,shop_4602031,0.957
godown_Narayanpet,shop_4602032,0.69
godown_Narayanpet,shop_4602033,0.957
godown_Narayanpet,shop_4602034,0.715
godown_Narayanpet,shop_4602035,0.444
godown_Narayanpet,shop_4602036,0.323
godown_Narayanpet,shop_4602037,1.223
godown_Narayanpet,shop_4602038,1.008
godown_Narayanpet,shop_4602039,0.383
godown_Narayanpet,shop_4602040,0.974
godown_Narayanpet,shop_4602041,0.917
godown_Narayanpet,shop_4602042,15.336
godown_Narayanpet,shop_4602043,0.381
godown_Narayanpet,shop_4602044,9.442
godown_Narayanpet,shop_4603001,34.91
godown_Narayanpet,shop_4603002,34.928
godown_Narayanpet,shop_4603003,51.277
godown_Narayanpet,shop_4603004,35.185
godown_Narayanpet,shop_4603005,35.257
godown_Narayanpet,shop_4603006,35.005
godown_Narayanpet,shop_4603007,35.53
godown_Narayanpet,shop_4603008,34.946
godown_Narayanpet,shop_4603009,35.378
godown_Narayanpet,shop_4603010,35.193
godown_Narayanpet,shop_4603011,33.097
godown_Narayanpet,shop_4603012,34.529
godown_Narayanpet,shop_4603013,38.038
godown_Narayanpet,shop_4603014,33.504
godown_Narayanpet,shop_4603015,35.227
godown_Narayanpet,shop_4603016,36.337
godown_Narayanpet,shop_4603017,31.904
godown_Narayanpet,shop_4603018,37.886
godown_Narayanpet,shop_4603019,38.127
godown_Narayanpet,shop_4603020,30.333
godown_Narayanpet,shop_4603021,29.234
godown_Narayanpet,shop_4603022,26.884
godown_Narayanpet,shop_4603023,28.384
godown_Narayanpet,shop_4603024,32.029
godown_Narayanpet,shop_4603025,30.83
godown_Narayanpet,shop_4603026,30.194
godown_Narayanpet,shop_4603027,32.014
godown_Narayanpet,shop_4603028,29.669
godown_Narayanpet,shop_4603029,39.09
godown_Narayanpet,shop_4603030,39.376
godown_Narayanpet,shop_4603031,34.491
godown_Narayanpet,shop_4603032,32.76
godown_Narayanpet,shop_4603033,33.966
godown_Narayanpet,shop_4603034,28.95
godown_Narayanpet,shop_4603035,35.671
godown_Narayanpet,shop_4603036,29.815
godown_Narayanpet,shop_4603037,25.061
godown_Narayanpet,shop_4603038,27.348
godown_Narayanpet,shop_4603039,27.786
godown_Narayanpet,shop_4603040,27.667
godown_Narayanpet,shop_4604001,17.285
godown_Narayanpet,shop_4604002,15.24
godown_Narayanpet,shop_4604003,10.014
godown_Narayanpet,shop_4604004,10.256
godown_Narayanpet,shop_4604005,8.09
godown_Narayanpet,shop_4604006,7.598
godown_Narayanpet,shop_4604007,7.647
godown_Narayanpet,shop_4604008,12.815
godown_Narayanpet,shop_4604009,21.669
godown_Narayanpet,shop_4604010,13.374
godown_Narayanpet,shop_4604011,15.535
godown_Narayanpet,shop_4604012,11.788
godown_Narayanpet,shop_4604013,15.728
godown_Narayanpet,shop_4604014,15.237
godown_Narayanpet,shop_4604015,10.585
godown_Narayanpet,shop_4604016,14.249
godown_Narayanpet,shop_4604017,14.244
godown_Narayanpet,shop_4604018,5.736
godown_Narayanpet,shop_4604019,18.057
godown_Narayanpet,shop_4604020,9.263
godown_Narayanpet,shop_4604021,13.313
godown_Narayanpet,shop_4604022,8.742
godown_Narayanpet,shop_4604023,10.821
godown_Narayanpet,shop_4604024,18.514
godown_Narayanpet,shop_4604025,20.633
godown_Narayanpet,shop_4604026,9.511
godown_Narayanpet,shop_4604027,18.055
godown_Narayanpet,shop_4604028,18.042
godown_Narayanpet,shop_4604029,8.031
godown_Narayanpet,shop_4605001,17.084
godown_Narayanpet,shop_4605002,17.224
godown_Narayanpet,shop_4605003,17.329
godown_Narayanpet,shop_4605004,16.434
godown_Narayanpet,shop_4605005,17.993
godown_Narayanpet,shop_4605006,19.748
godown_Narayanpet,shop_4605007,22.145
godown_Narayanpet,shop_4605008,21.79
godown_Narayanpet,shop_4605009,21.602
godown_Narayanpet,shop_4605010,25.213
godown_Narayanpet,shop_4605011,27.493
godown_Narayanpet,shop_4605012,26.247
godown_Narayanpet,shop_4605013,26.614
godown_Narayanpet,shop_4605014,22.959
godown_Narayanpet,shop_4605015,23.789
godown_Narayanpet,shop_4605016,20.175
godown_Narayanpet,shop_4605017,21.253
godown_Narayanpet,shop_4605018,21.184
godown_Narayanpet,shop_4605019,21.89
godown_Narayanpet,shop_4605020,22.216
godown_Narayanpet,shop_4605021,13.999
godown_Narayanpet,shop_4605022,16.767
godown_Narayanpet,shop_4605023,26.206
godown_Narayanpet,shop_4605024,24.947
godown_Narayanpet,shop_4605025,17.773
godown_Narayanpet,shop_4605026,18.793
godown_Narayanpet,shop_4605027,16.123
godown_Narayanpet,shop_4605028,20.386
godown_Narayanpet,shop_4605029,17.212
godown_Narayanpet,shop_4605030,24.654
godown_Narayanpet,shop_4605031,20.635
godown_Narayanpet,shop_4605032,22.65
godown_Narayanpet,shop_4605033,51.995
godown_Narayanpet,shop_4605034,20.526
godown_Narayanpet,shop_4605035,13.7
godown_Narayanpet,shop_4605036,14.068
godown_Narayanpet,shop_4605037,12.349
godown_Narayanpet,shop_4605038,19.233
godown_Narayanpet,shop_4605039,11.958
godown_Narayanpet,shop_4606001,20.588
godown_Narayanpet,shop_4606002,22.543
godown_Narayanpet,shop_4606003,28.988
godown_Narayanpet,shop_4606004,29.159
godown_Narayanpet,shop_4606005,25.195
godown_Narayanpet,shop_4606006,25.373
godown_Narayanpet,shop_4606007,25.353
godown_Narayanpet,shop_4606008,25.88
godown_Narayanpet,shop_4606009,24.176
godown_Narayanpet,shop_4606010,20.518
godown_Narayanpet,shop_4606011,20.845
godown_Narayanpet,shop_4606012,20.875
godown_Narayanpet,shop_4606013,24.319
godown_Narayanpet,shop_4606014,24.083
godown_Narayanpet,shop_4606015,22.465
godown_Narayanpet,shop_4606016,24.779
godown_Narayanpet,shop_4606017,22.542
godown_Narayanpet,shop_4606018,25.223
godown_Narayanpet,shop_4606019,20.697
godown_Narayanpet,shop_4606020,24.198
godown_Narayanpet,shop_4606021,18.185
godown_Narayanpet,shop_4606022,19.016
godown_Narayanpet,shop_4606023,27.711
godown_Narayanpet,shop_4607001,11.135
godown_Narayanpet,shop_4607002,11.428
godown_Narayanpet,shop_4607003,11.155
godown_Narayanpet,shop_4607004,11.367
godown_Narayanpet,shop_4607005,11.28
godown_Narayanpet,shop_4607006,11.317
godown_Narayanpet,shop_4607007,13.048
godown_Narayanpet,shop_4607008,14.479
godown_Narayanpet,shop_4607009,14.986
godown_Narayanpet,shop_4607010,19.678
godown_Narayanpet,shop_4607011,17.64
godown_Narayanpet,shop_4607012,6.011
godown_Narayanpet,shop_4607013,11.857
godown_Narayanpet,shop_4607014,19.101
godown_Narayanpet,shop_4607015,11.37
godown_Narayanpet,shop_4607016,9.023
godown_Narayanpet,shop_4607017,15.473
godown_Narayanpet,shop_4607018,20.697
godown_Narayanpet,shop_4607019,9.324
godown_Narayanpet,shop_4607020,16.968
godown_Narayanpet,shop_4607021,17.973
godown_Narayanpet,shop_4607022,6.944
godown_Narayanpet,shop_4607023,4.192
godown_Narayanpet,shop_4607024,18.041
godown_Narayanpet,shop_4607025,20.895
godown_Narayanpet,shop_4608001,33.246
godown_Narayanpet,shop_4608002,33.471
godown_Narayanpet,shop_4608003,28.669
godown_Narayanpet,shop_4608004,30.3
godown_Narayanpet,shop_4608005,24.892
godown_Narayanpet,shop_4608006,40.287
godown_Narayanpet,shop_4608007,36.48
godown_Narayanpet,shop_4608008,31.715
godown_Narayanpet,shop_4608009,35.999
godown_Narayanpet,shop_4608010,33.79
godown_Narayanpet,shop_4608011,21.002
godown_Narayanpet,shop_4608012,39.351
godown_Narayanpet,shop_4609001,27.696
godown_Narayanpet,shop_4609002,27.739
godown_Narayanpet,shop_4609003,27.543
godown_Narayanpet,shop_4609004,27.707
godown_Narayanpet,shop_4609005,27.606
godown_Narayanpet,shop_4609006,27.078
godown_Narayanpet,shop_4609007,27.554
godown_Narayanpet,shop_4609008,27.702
godown_Narayanpet,shop_4609009,44.924
godown_Narayanpet,shop_4609010,43.532
godown_Narayanpet,shop_4609011,42.089
godown_Narayanpet,shop_4609012,29.032
godown_Narayanpet,shop_4609013,38.642
godown_Narayanpet,shop_4609014,40.387
godown_Narayanpet,shop_4609015,40.327
godown_Narayanpet,shop_4609016,41.2
godown_Narayanpet,shop_4609017,24.343
godown_Narayanpet,shop_4609018,34.753
godown_Narayanpet,shop_4609019,27.74
godown_Narayanpet,shop_4609020,28.901
godown_Narayanpet,shop_4609021,44.999
godown_Narayanpet,shop_4609022,24.855
godown_Narayanpet,shop_4609023,21.579
godown_Narayanpet,shop_4609024,23.869
godown_Narayanpet,shop_4609025,32.353
godown_Narayanpet,shop_4609026,25.378
godown_Narayanpet,shop_4609027,27.566
godown_Narayanpet,shop_4609028,23.882
godown_Narayanpet,shop_4609029,38.687
godown_Narayanpet,shop_4609030,34.446
godown_Narayanpet,shop_4609031,32.011
godown_Narayanpet,shop_4609032,29.375
godown_Narayanpet,shop_4609033,40.354
godown_Narayanpet,shop_4609034,19.347
godown_Narayanpet,shop_4609035,28.881
godown_Narayanpet,shop_4609036,26.929
godown_Narayanpet,shop_4609037,34.982
godown_Narayanpet,shop_4609038,27.856
godown_Narayanpet,shop_4610001,38.6
godown_Narayanpet,shop_4610002,43.203
godown_Narayanpet,shop_4610003,35.846
godown_Narayanpet,shop_4610004,35.726
godown_Narayanpet,shop_4610005,37.443
godown_Narayanpet,shop_4610006,37.222
godown_Narayanpet,shop_4610007,39.637
godown_Narayanpet,shop_4610008,32.491
godown_Narayanpet,shop_4610009,28.498
godown_Narayanpet,shop_4610010,31.263
godown_Narayanpet,shop_4610011,32.089
godown_Narayanpet,shop_4610012,35.998
godown_Narayanpet,shop_4610013,41.023
godown_Narayanpet,shop_4610014,41.247
godown_Narayanpet,shop_4610015,38.238
godown_Narayanpet,shop_4610016,37.899
godown_Narayanpet,shop_4610017,42.529
godown_Narayanpet,shop_4610018,39.151
godown_Narayanpet,shop_4611001,29.565
godown_Narayanpet,shop_4611002,30.465
godown_Narayanpet,shop_4611003,32.326
godown_Narayanpet,shop_4611004,33.954
godown_Narayanpet,shop_4611005,33.801
godown_Narayanpet,shop_4611006,29.691
godown_Narayanpet,shop_4611007,29.69
godown_Narayanpet,shop_4611008,28.064
godown_Narayanpet,shop_4611009,25.741
godown_Narayanpet,shop_4611010,25.607
godown_Narayanpet,shop_4611011,26.477
godown_Narayanpet,shop_4611012,32.416
godown_Narayanpet,shop_4611013,29.144
godown_Narayanpet,shop_4611014,30.583
godown_Narayanpet,shop_4611015,30.634
godown_Narayanpet,shop_4611016,36.955
godown_Narayanpet,shop_4611017,32.423
godown_Narayanpet,shop_4611018,30.434
godown_Narayanpet,shop_4611019,30.339
godown_Narayanpet,shop_4611020,33.813
godown_Narayanpet,shop_4611021,8687.193
godown_Narayanpet,shop_4612001,42.052
godown_Narayanpet,shop_4612002,41.046
godown_Narayanpet,shop_4612003,41.683
godown_Narayanpet,shop_4612004,36.957
godown_Narayanpet,shop_4612005,34.141
godown_Narayanpet,shop_4612006,39.052
godown_Narayanpet,shop_4612007,39.156
godown_Narayanpet,shop_4612008,33.904
godown_Narayanpet,shop_4612009,40.886
godown_Narayanpet,shop_4612010,36.341
godown_Narayanpet,shop_4612011,42.552
godown_Narayanpet,shop_4612012,38.636
